year,specialite,iris,iris_string,type_iris,nb,apl,ap,accessibilite_weight,R,wpop,swpop,pop_gp,iris_label,dept,code_commune,commune_label
2021,10,60010000,060010000,C,0.0,32.9682379612206,0.0,1.0,0.0,99.27508944541934,295.0857981583066,99.27508944541934,Aiglun,6,06001,Aiglun
2021,10,60020000,060020000,C,0.0,0.0,0.0,1.0,0.0,59.473302103349994,254.9684503747953,59.473302103349994,Amirat,6,06002,Amirat
2021,10,60030000,060030000,C,0.0,16.99877950780932,0.0,1.0,0.0,621.7251244110578,1230.503600371796,621.7251244110578,Andon,6,06003,Andon
2021,10,60040101,060040101,C,0.0,139.84450092379325,0.0,1.0,0.0,1725.263969708488,190008.35891669826,1725.263969708488,Les Trois Moulins,6,06004,Antibes
2021,10,60040102,060040102,A,2.0,111.85803060040344,1.3172297942028932,1.0,1.3172297942028932,2534.690522791742,151833.7961077078,2534.690522791742,Les Semboules,6,06004,Antibes
2021,10,60040103,060040103,A,1.0,67.6678886153164,1.1528831591261137,1.0,1.1528831591261137,974.8094854116628,86739.05868813286,974.8094854116628,Le Cap,6,06004,Antibes
2021,10,60040104,060040104,A,1.0,131.70287284261454,0.561035223102214,1.0,0.561035223102214,2332.5421338232663,178241.9282822483,2332.5421338232663,Les Cougoulins-Rastines,6,06004,Antibes
2021,10,60040105,060040105,A,2.0,108.47531246858335,1.3489655030430558,1.0,1.3489655030430558,4423.197555291364,148261.7602517123,4423.197555291364,La Constance-Le Puy,6,06004,Antibes
2021,10,60040106,060040106,A,8.666666666666666,108.11734228105227,6.052585520383177,1.0,6.052585520383177,3110.1896219440955,143189.49542274285,3110.1896219440955,Les Groules-Les Bréguières,6,06004,Antibes
2021,10,60040107,060040107,A,4.0,113.38850414409346,2.6182336496024945,1.0,2.6182336496024945,3321.82665427777,152774.7533382778,3321.82665427777,Azurville-Val Claret,6,06004,Antibes
2021,10,60040108,060040108,A,0.0,108.48070594824603,0.0,1.0,0.0,2718.584679660336,146046.91222399523,2718.584679660336,La Fontonne,6,06004,Antibes
2021,10,60040109,060040109,A,2.0,119.61096802564757,1.226185767631282,1.0,1.226185767631282,6760.419622665008,163107.42244737965,6760.419622665008,Les Combes,6,06004,Antibes
2021,10,60040110,060040110,A,0.0,109.96197820524895,0.0,1.0,0.0,1671.4103680449703,145973.10387888062,1671.4103680449703,Rabiac-La Paganne,6,06004,Antibes
2021,10,60040111,060040111,A,0.0,100.13593238323355,0.0,1.0,0.0,3726.2058425035266,131022.42123803742,3726.2058425035266,La Colle,6,06004,Antibes
2021,10,60040112,060040112,A,1.5,118.30953422808001,0.9442946768084911,1.0,0.9442946768084911,2503.383255337639,158848.7192440469,2503.383255337639,Les Prugnons,6,06004,Antibes
2021,10,60040113,060040113,C,0.0,109.80462406092364,0.0,1.0,0.0,40.339531170456176,144538.50125015722,40.339531170456176,Port Vauban,6,06004,Antibes
2021,10,60040114,060040114,A,13.0,120.4311994071058,8.264734643264863,1.0,8.264734643264863,2833.07512561654,157294.8262845199,2833.07512561654,Lagare,6,06004,Antibes
2021,10,60040115,060040115,A,2.0,112.72624162605729,1.3914388528351282,1.0,1.3914388528351282,1942.3441375364816,143736.10424381186,1942.3441375364816,Vieille Ville,6,06004,Antibes
2021,10,60040116,060040116,A,3.0,118.43318117900193,1.8764515274888052,1.0,1.8764515274888052,4148.677167030895,159876.23213559925,4148.677167030895,Les Bastides,6,06004,Antibes
2021,10,60040117,060040117,A,1.0,120.01588239029634,0.6220499780996684,1.0,0.6220499780996684,4456.311612263896,160758.787108224,4456.311612263896,Fontmerle,6,06004,Antibes
2021,10,60040118,060040118,A,0.5,106.74648792810646,0.3559627967795315,1.0,0.3559627967795315,2975.9651672914906,140464.11718404357,2975.9651672914906,Laval,6,06004,Antibes
2021,10,60040119,060040119,A,0.0,115.08648018940397,0.0,1.0,0.0,3723.4434240882706,156777.19879208866,3723.4434240882706,L'Estagnol,6,06004,Antibes
2021,10,60040120,060040120,A,0.0,105.94243673431745,0.0,1.0,0.0,2252.775201690588,139461.587870567,2252.775201690588,Saint-Jean,6,06004,Antibes
2021,10,60040121,060040121,A,0.0,96.35709118395772,0.0,1.0,0.0,1588.619821889571,126980.43126851914,1588.619821889571,La Badine,6,06004,Antibes
2021,10,60040122,060040122,A,4.0,105.36457177167055,2.862990712445914,1.0,2.862990712445914,3244.0359088059304,139714.04037782276,3244.0359088059304,Saint-Maymes-Lauvert,6,06004,Antibes
2021,10,60040123,060040123,A,23.0,115.63089988897751,15.499302756851655,1.0,15.499302756851655,5166.73452808216,148393.77203489086,5166.73452808216,Place de Gaulle,6,06004,Antibes
2021,10,60040124,060040124,A,3.0,100.59858370695828,2.3122942874367904,1.0,2.3122942874367904,5150.33193122612,129741.27109597024,5150.33193122612,Ponteil,6,06004,Antibes
2021,10,60040125,060040125,A,11.5,102.23010701083986,8.811374546094198,1.0,8.811374546094198,4981.348137184504,130513.12187265477,4981.348137184504,Juan Les Pins-Gallice,6,06004,Antibes
2021,10,60040126,060040126,A,4.0,104.56695545597735,2.8994589163585696,1.0,2.8994589163585696,4992.927037864056,137956.7745358365,4992.927037864056,Pont du Lys-Antibes-Les Pins,6,06004,Antibes
2021,10,60050000,060050000,C,0.0,0.0,0.0,1.0,0.0,192.485774178462,345.68087622915846,192.485774178462,Ascros,6,06005,Ascros
2021,10,60060000,060060000,C,2.0,44.83066166167441,2.7739808398418635,1.0,2.7739808398418635,2333.046163644596,72098.55134089585,2333.046163644596,Aspremont,6,06006,Aspremont
2021,10,60070000,060070000,C,4.0,72.91475189117115,6.157149389442183,1.0,6.157149389442183,3295.046983794779,64965.1282923052,3295.046983794779,Auribeau-sur-Siagne,6,06007,Auribeau-sur-Siagne
2021,10,60080000,060080000,C,0.0,2.7973389481014648,0.0,1.0,0.0,46.129195286536195,196.16241185620657,46.129195286536195,Auvare,6,06008,Auvare
2021,10,60090000,060090000,C,0.0,0.0,0.0,1.0,0.0,126.47032458981528,130.42336803406602,126.47032458981528,Bairols,6,06009,Bairols
2021,10,60100000,060100000,C,3.0,45.56425498449109,10.162939159451676,1.0,10.162939159451676,3031.52237477366,29519.01957624097,3031.52237477366,Le Bar-sur-Loup,6,06010,Le Bar-sur-Loup
2021,10,60110000,060110000,C,5.0,55.40915800499292,6.591723545609167,1.0,6.591723545609167,4190.2325468220915,75852.69566304196,4190.2325468220915,Beaulieu-sur-Mer,6,06011,Beaulieu-sur-Mer
2021,10,60120101,060120101,A,0.0,67.08685670036233,0.0,1.0,0.0,2196.550399595311,60638.8574092283,2196.550399595311,Beausoleil Supérieur,6,06012,Beausoleil
2021,10,60120102,060120102,A,6.0,67.98942980808995,12.104909858796747,1.0,12.104909858796747,2537.484409526203,49566.66402302654,2537.484409526203,Tenao Inférieur,6,06012,Beausoleil
2021,10,60120103,060120103,A,1.0,70.16538718112002,1.6094820126904321,1.0,1.6094820126904321,2343.4491596094504,62131.79098089989,2343.4491596094504,Moneghetti Ouest,6,06012,Beausoleil
2021,10,60120104,060120104,A,2.0,70.22172637057196,3.4521994160502834,1.0,3.4521994160502834,2513.3470152725586,57934.08082689012,2513.3470152725586,Moneghetti Est,6,06012,Beausoleil
2021,10,60120105,060120105,A,10.0,70.40227218260166,19.439356345824468,1.0,19.439356345824468,3135.4575227099845,51442.03245262273,3135.4575227099845,Centre,6,06012,Beausoleil
2021,10,60130000,060130000,C,0.0,37.447682740002165,0.0,1.0,0.0,690.3084334408102,1681.3580434656183,690.3084334408102,Belvédère,6,06013,Belvédère
2021,10,60140000,060140000,C,0.0,3.9075297193455025,0.0,1.0,0.0,1039.1511036972913,3700.8189761402255,1039.1511036972913,Bendejun,6,06014,Bendejun
2021,10,60150000,060150000,C,0.0,12.547342407073014,0.0,1.0,0.0,1287.396728151346,12378.495956317089,1287.396728151346,Berre-les-Alpes,6,06015,Berre-les-Alpes
2021,10,60160000,060160000,C,0.0,2.7442533306401713,0.0,1.0,0.0,622.4346360512687,678.4345710804909,622.4346360512687,Beuil,6,06016,Beuil
2021,10,60170000,060170000,C,0.0,9.887037292658704,0.0,1.0,0.0,260.1954474828273,1968.4259282936166,260.1954474828273,Bézaudun-les-Alpes,6,06017,Bézaudun-les-Alpes
2021,10,60180101,060180101,A,7.0,99.08702384801335,5.351048616222628,1.0,5.351048616222628,3247.5409028720733,130815.48126433184,3247.5409028720733,Village-Saint-Julien-Saint-Pierre,6,06018,Biot
2021,10,60180102,060180102,A,0.0,70.89242102522398,0.0,1.0,0.0,3046.0404332602075,92136.41997843122,3046.0404332602075,Vallée Verte-Issarts-Vignasses,6,06018,Biot
2021,10,60180103,060180103,A,2.0,103.93294033431,1.471416887796594,1.0,1.471416887796594,3405.552627734118,135923.40937414035,3405.552627734118,Bois Fleuri-Chèvre d'Or-Saint-Philippe,6,06018,Biot
2021,10,60190000,060190000,C,2.0,31.659547588448465,6.338590204716976,1.0,6.338590204716976,1672.3535045182405,31552.757559743553,1672.3535045182405,Blausasc,6,06019,Blausasc
2021,10,60200000,060200000,C,0.0,49.396683643483975,0.0,1.0,0.0,648.5773442274411,1962.2128261412513,648.5773442274411,La Bollène-Vésubie,6,06020,La Bollène-Vésubie
2021,10,60210000,060210000,C,0.0,16.0597547084892,0.0,1.0,0.0,713.7418511381355,4770.4318318794285,713.7418511381355,Bonson,6,06021,Bonson
2021,10,60220000,060220000,C,0.5,16.821102661292425,12.75794323049753,1.0,12.75794323049753,515.6865915601827,3919.127017313912,515.6865915601827,Bouyon,6,06022,Bouyon
2021,10,60230000,060230000,C,4.5,163.4164807352446,158.99807987375002,1.0,158.99807987375002,2450.5092970441037,2830.222857768569,2450.5092970441037,Breil-sur-Roya,6,06023,Breil-sur-Roya
2021,10,60240000,060240000,C,0.0,0.0,0.0,1.0,0.0,217.23466068681986,342.83326941662324,217.23466068681986,Briançonnet,6,06024,Briançonnet
2021,10,60250000,060250000,C,0.0,15.41295898873743,0.0,1.0,0.0,1362.0145737163662,12517.524059193782,1362.0145737163662,Le Broc,6,06025,Le Broc
2021,10,60260000,060260000,C,1.0,64.15067991325678,2.2687647981688355,1.0,2.2687647981688355,1535.0767148061875,44076.84749019024,1535.0767148061875,Cabris,6,06026,Cabris
2021,10,60270101,060270101,A,11.0,136.2858375568229,5.790071443939672,1.0,5.790071443939672,5028.217368912361,189980.38463779984,5028.217368912361,Le Centre-Le Haut de Cagnes,6,06027,Cagnes-sur-Mer
2021,10,60270102,060270102,A,5.0,138.7668167174335,2.604555698787659,1.0,2.604555698787659,4194.666646902857,191971.32172398336,4194.666646902857,La Gare,6,06027,Cagnes-sur-Mer
2021,10,60270103,060270103,A,14.0,141.85448375466086,7.097379373237527,1.0,7.097379373237527,3011.922495189955,197255.906212236,3011.922495189955,L'Hubac,6,06027,Cagnes-sur-Mer
2021,10,60270104,060270104,A,4.5,117.91816461148451,2.746173650266533,1.0,2.746173650266533,3588.691293927239,163864.3644972432,3588.691293927239,Saint-Jean,6,06027,Cagnes-sur-Mer
2021,10,60270105,060270105,A,0.0,123.93829182598121,0.0,1.0,0.0,2802.1103348178926,174341.61666156992,2802.1103348178926,Saint-Véran,6,06027,Cagnes-sur-Mer
2021,10,60270106,060270106,D,3.0,108.14012589741463,1.9698821087040823,1.0,1.9698821087040823,83.99925932192059,152293.37769728753,83.99925932192059,Hippodrome,6,06027,Cagnes-sur-Mer
2021,10,60270107,060270107,A,6.0,147.96557698276018,2.8617567198112313,1.0,2.8617567198112313,4922.5581252755,209661.42783778545,4922.5581252755,Juin-Kennedy,6,06027,Cagnes-sur-Mer
2021,10,60270108,060270108,A,1.0,135.50136477122194,0.5077466577369375,1.0,0.5077466577369375,2450.497970889598,196948.6130065474,2450.497970889598,Le Cros de Cagnes,6,06027,Cagnes-sur-Mer
2021,10,60270109,060270109,A,1.0,143.3656963683314,0.46850569523156155,1.0,0.46850569523156155,3474.3189209958828,213444.5771263772,3474.3189209958828,Les Vespins,6,06027,Cagnes-sur-Mer
2021,10,60270110,060270110,A,3.0,131.19880223698664,1.565278682447163,1.0,1.565278682447163,3813.281922171207,191659.16163310857,3813.281922171207,Bréguières Sud,6,06027,Cagnes-sur-Mer
2021,10,60270111,060270111,A,1.0,116.23603595550699,0.5838794956695976,1.0,0.5838794956695976,2493.651732328142,171268.21671536728,2493.651732328142,Bréguières Nord,6,06027,Cagnes-sur-Mer
2021,10,60270112,060270112,A,2.0,73.85607898873482,1.795821862146745,1.0,1.795821862146745,3646.4362452501427,111369.6209048919,3646.4362452501427,Le Nord-Est,6,06027,Cagnes-sur-Mer
2021,10,60270113,060270113,A,2.0,108.54344825892966,1.1962116816343304,1.0,1.1962116816343304,5382.492123452742,167194.4882921967,5382.492123452742,Les Gros Buaux,6,06027,Cagnes-sur-Mer
2021,10,60270114,060270114,A,2.0,110.2370911641653,1.2382439803251548,1.0,1.2382439803251548,5277.164105052081,161519.0569692746,5277.164105052081,Les Colettes,6,06027,Cagnes-sur-Mer
2021,10,60270115,060270115,A,0.0,91.60870085016302,0.0,1.0,0.0,2415.939509089485,127581.08706671708,2415.939509089485,Le Nord-Ouest,6,06027,Cagnes-sur-Mer
2021,10,60270116,060270116,A,2.0,144.89609037838116,0.9364099552272899,1.0,0.9364099552272899,1861.4536025369443,213581.66781925663,1861.4536025369443,Le Village du Cros,6,06027,Cagnes-sur-Mer
2021,10,60270117,060270117,A,3.0,143.97359227274077,1.4435707755221845,1.0,1.4435707755221845,3433.6311303038883,207818.00593842074,3433.6311303038883,RN7,6,06027,Cagnes-sur-Mer
2021,10,60280000,060280000,C,0.0,30.973795724872286,0.0,1.0,0.0,422.8529585462607,1435.2539026635889,422.8529585462607,Caille,6,06028,Caille
2021,10,60290101,060290101,A,4.0,95.00440713769704,3.7467618268024756,1.0,3.7467618268024756,2870.4170398182214,106758.85430949958,2870.4170398182214,Moure Rouge,6,06029,Cannes
2021,10,60290102,060290102,A,3.0,108.87035254939981,2.3831229438022126,1.0,2.3831229438022126,3832.5231185837893,125885.2384348067,3832.5231185837893,La Source,6,06029,Cannes
2021,10,60290103,060290103,A,2.0,95.28226526066058,1.7505851699663872,1.0,1.7505851699663872,3991.745188490187,114247.51187846529,3991.745188490187,La Californie,6,06029,Cannes
2021,10,60290104,060290104,A,0.0,93.97223690669377,0.0,1.0,0.0,3142.1943057486374,109450.16077736333,3142.1943057486374,Montfleury,6,06029,Cannes
2021,10,60290105,060290105,A,0.0,123.65168334437506,0.0,1.0,0.0,1890.762341414124,144193.65566394356,1890.762341414124,La Peyrière,6,06029,Cannes
2021,10,60290106,060290106,A,6.0,98.92815347258234,5.257822131291865,1.0,5.257822131291865,2287.986719990912,114115.68992208908,2287.986719990912,Terrefial,6,06029,Cannes
2021,10,60290107,060290107,A,7.5,132.05795149972508,4.878579341822725,1.0,4.878579341822725,3443.294862230463,153733.27918856527,3443.294862230463,Camp Long,6,06029,Cannes
2021,10,60290108,060290108,A,1.0,123.02392525177501,0.6980842686703429,1.0,0.6980842686703429,2681.92108221056,143249.18134951286,2681.92108221056,Carnot,6,06029,Cannes
2021,10,60290109,060290109,A,1.0,119.2952986016611,0.7229497032128552,1.0,0.7229497032128552,3160.426652566927,138322.20907705027,3160.426652566927,Saint-Nicolas,6,06029,Cannes
2021,10,60290110,060290110,A,5.0,124.42822233216674,3.530076266022671,1.0,3.530076266022671,1019.5404185896105,141639.9993429459,1019.5404185896105,Gare,6,06029,Cannes
2021,10,60290111,060290111,A,17.0,112.05542178996969,13.76181649760761,1.0,13.76181649760761,1183.3624208682782,123530.20404650306,1183.3624208682782,Croisette-Palm-Beach,6,06029,Cannes
2021,10,60290112,060290112,A,6.0,128.51973776840566,3.9877655329082553,1.0,3.9877655329082553,2792.5058764996506,150460.20009165967,2792.5058764996506,Petit Juas,6,06029,Cannes
2021,10,60290113,060290113,A,1.0,104.86821260823966,0.807988668207698,1.0,0.807988668207698,2297.3973718019693,123764.11196684561,2297.3973718019693,Vallergues,6,06029,Cannes
2021,10,60290114,060290114,A,3.5,116.92316913391147,2.4892601205033564,1.0,2.4892601205033564,2789.3302760343126,140604.02812753295,2789.3302760343126,Broussailles,6,06029,Cannes
2021,10,60290115,060290115,A,2.0,106.70708058953934,1.5761760248047547,1.0,1.5761760248047547,2608.1017961941034,126889.38091465675,2608.1017961941034,Tassigny,6,06029,Cannes
2021,10,60290116,060290116,A,1.0,126.9695343963027,0.6978124361469981,1.0,0.6978124361469981,2082.4623259996333,143304.9840042324,2082.4623259996333,Stanislas,6,06029,Cannes
2021,10,60290117,060290117,A,4.0,85.9928936370481,4.187524218114185,1.0,4.187524218114185,1162.9710718505157,95521.83561582754,1162.9710718505157,Le Vieux Port-Les îles,6,06029,Cannes
2021,10,60290118,060290118,A,1.0,118.90589137190534,0.6978684651126932,1.0,0.6978684651126932,2470.3417810934397,143293.47864121041,2470.3417810934397,Le Grand Jas,6,06029,Cannes
2021,10,60290119,060290119,A,2.0,113.33614894144749,1.5510210645968692,1.0,1.5510210645968692,1819.6895823641112,128947.313847077,1819.6895823641112,Le Riou,6,06029,Cannes
2021,10,60290120,060290120,A,0.0,78.59957039249956,0.0,1.0,0.0,3336.616261647572,96386.63911771371,3336.616261647572,Croix des Gardes,6,06029,Cannes
2021,10,60290121,060290121,A,7.0,101.54296283530581,6.239538929690603,1.0,6.239538929690603,2946.222314103034,112187.77667514456,2946.222314103034,Pierre Longue,6,06029,Cannes
2021,10,60290122,060290122,A,0.0,85.81280312491191,0.0,1.0,0.0,2623.216788603176,101426.82930016617,2623.216788603176,Font de Veyre,6,06029,Cannes
2021,10,60290123,060290123,A,5.0,100.15605510662998,4.339168271401832,1.0,4.339168271401832,5597.0197535244515,115229.45613687106,5597.0197535244515,Saint-Joseph,6,06029,Cannes
2021,10,60290124,060290124,C,4.0,85.54119154552735,4.374863499656006,1.0,4.374863499656006,896.0218479168387,91431.42409619223,896.0218479168387,Saint-Cassien-Bastide Rouge,6,06029,Cannes
2021,10,60290125,060290125,A,7.5,99.24143636500557,6.724728777296853,1.0,6.724728777296853,3223.3298502694633,111528.66157696226,3223.3298502694633,Bocca Centre,6,06029,Cannes
2021,10,60290126,060290126,A,0.0,104.78678391381445,0.0,1.0,0.0,3895.2592018609425,120802.11406601455,3895.2592018609425,Les Mûriers,6,06029,Cannes
2021,10,60290127,060290127,A,1.0,105.41474446620315,0.8204355285767494,1.0,0.8204355285767494,2291.658588374642,121886.48165136755,2291.658588374642,Le Plan,6,06029,Cannes
2021,10,60290128,060290128,A,1.0,99.16727474068617,0.8912552157468138,1.0,0.8912552157468138,1923.3777335463076,112201.30691320165,1923.3777335463076,Colline des Puits,6,06029,Cannes
2021,10,60290130,060290130,A,0.0,102.62348704550655,0.0,1.0,0.0,3756.226533468028,121609.34102263738,3756.226533468028,Ranguin,6,06029,Cannes
2021,10,60290131,060290131,A,0.0,85.2704851696947,0.0,1.0,0.0,2626.0458990524967,98765.94325833672,2626.0458990524967,Le Grand Saule,6,06029,Cannes
2021,10,60290132,060290132,A,0.0,110.8489835232439,0.0,1.0,0.0,2272.232718698296,124844.40841273266,2272.232718698296,Pont d'Avril-L'Abadie,6,06029,Cannes
2021,10,60300101,060300101,A,2.0,106.50026762608432,1.585001152485601,1.0,1.585001152485601,2187.9277533294608,126182.87354956161,2187.9277533294608,Garibondy,6,06030,Le Cannet
2021,10,60300102,060300102,A,0.0,106.64878755493959,0.0,1.0,0.0,1924.2791596492716,128789.99330858301,1924.2791596492716,Hauts de Saint-Jean-Hauts de l'Aubarède,6,06030,Le Cannet
2021,10,60300103,060300103,A,0.5,113.96082205052404,0.36586987804595966,1.0,0.36586987804595966,3287.443562328456,136660.60804743026,3287.443562328456,Mirandoles,6,06030,Le Cannet
2021,10,60300104,060300104,A,5.0,117.48754651136527,3.5177483273296986,1.0,3.5177483273296986,2159.7512541730366,142136.37630510848,2159.7512541730366,Mimosas,6,06030,Le Cannet
2021,10,60300105,060300105,A,1.0,131.9437274295795,0.617410388799908,1.0,0.617410388799908,3462.883921538597,161966.824358714,3462.883921538597,Blanchisserie,6,06030,Le Cannet
2021,10,60300106,060300106,A,7.166666666666666,120.28570713870627,4.938354612216447,1.0,4.938354612216447,2226.7612565366635,145122.560638676,2226.7612565366635,Four à Chaux,6,06030,Le Cannet
2021,10,60300107,060300107,A,5.0,132.75860180929925,3.1293161700768817,1.0,3.1293161700768817,3836.604669123247,159779.31689392572,3836.604669123247,Colombier,6,06030,Le Cannet
2021,10,60300108,060300108,A,3.0,128.5719061786554,1.9464728781073475,1.0,1.9464728781073475,3966.431563428798,154124.93201123097,3966.431563428798,Maurice Jeanpierre,6,06030,Le Cannet
2021,10,60300109,060300109,A,2.5,136.50976106683973,1.5340814112600658,1.0,1.5340814112600658,2203.873966461475,162963.97190202225,2203.873966461475,Cougoussoles,6,06030,Le Cannet
2021,10,60300110,060300110,A,5.0,134.38400079659556,3.13228032446111,1.0,3.13228032446111,2670.3998265221067,159628.1137723591,2670.3998265221067,Europe,6,06030,Le Cannet
2021,10,60300111,060300111,A,3.0,131.39258619311178,1.9398242360997102,1.0,1.9398242360997102,2306.8721392137495,154653.1868285099,2306.8721392137495,Tignes et Sévigné,6,06030,Le Cannet
2021,10,60300112,060300112,A,4.0,140.13660806841418,2.4145160322376,1.0,2.4145160322376,2627.3266595937225,165664.66929992125,2627.3266595937225,Moulières,6,06030,Le Cannet
2021,10,60300113,060300113,A,2.0,140.89719834027758,1.2141329558839051,1.0,1.2141329558839051,2979.00244381954,164726.60513065252,2979.00244381954,Aubanel,6,06030,Le Cannet
2021,10,60300114,060300114,A,7.0,112.42432679846503,5.299226309621675,1.0,5.299226309621675,2587.830594277685,132094.75480015398,2587.830594277685,Sainte-Catherine,6,06030,Le Cannet
2021,10,60300115,060300115,A,0.0,114.2607083744759,0.0,1.0,0.0,2525.5784686358893,134703.60609563516,2525.5784686358893,Dolce Farniente,6,06030,Le Cannet
2021,10,60300116,060300116,A,2.5,99.1406642049634,2.1537584270239365,1.0,2.1537584270239365,1965.5375866133427,116076.15638929851,1965.5375866133427,Vieux Cannet,6,06030,Le Cannet
2021,10,60300117,060300117,A,0.0,100.9901102585225,0.0,1.0,0.0,2887.2896679536257,124332.64414669778,2887.2896679536257,Collines,6,06030,Le Cannet
2021,10,60310000,060310000,C,0.0,13.355313867366895,0.0,1.0,0.0,1418.9428168545935,17887.112964343756,1418.9428168545935,Cantaron,6,06031,Cantaron
2021,10,60320000,060320000,C,4.0,65.8280851317193,5.158517342826966,1.0,5.158517342826966,4638.4131195595355,77541.6604067851,4638.4131195595355,Cap-d'Ail,6,06032,Cap-d'Ail
2021,10,60330101,060330101,A,0.0,69.05864392436457,0.0,1.0,0.0,2073.4028320480215,90821.0762049233,2073.4028320480215,Ville Nouvelle-La Plaine-Le Planet,6,06033,Carros
2021,10,60330102,060330102,A,3.0,65.13072499912336,3.734097712424014,1.0,3.734097712424014,2877.380134950183,80340.69355010345,2877.380134950183,Ville Nouvelle-Eusière-Cigales-Espère,6,06033,Carros
2021,10,60330103,060330103,A,5.0,66.13420169565968,6.133211773386029,1.0,6.133211773386029,1724.3001531612942,81523.35488718329,1724.3001531612942,Ville Nouvelle-Les Arbousiers-L'Aspre,6,06033,Carros
2021,10,60330104,060330104,C,0.0,57.52341868612607,0.0,1.0,0.0,589.8307060311114,59613.784882561646,589.8307060311114,Les Terriers,6,06033,Carros
2021,10,60330105,060330105,A,0.0,42.06804774592186,0.0,1.0,0.0,5288.301305068936,53468.35203608345,5288.301305068936,Les Écarts-Village-Plans de Carros,6,06033,Carros
2021,10,60340000,060340000,C,0.0,29.684828189811448,0.0,1.0,0.0,1702.0794299848444,45074.27983794498,1702.0794299848444,Castagniers,6,06034,Castagniers
2021,10,60350000,060350000,C,0.0,12.372725694670919,0.0,1.0,0.0,1104.8766254942857,6658.593131679894,1104.8766254942857,Castellar,6,06035,Castellar
2021,10,60360000,060360000,C,0.0,38.83059316802197,0.0,1.0,0.0,404.30387147832204,16509.26125692974,404.30387147832204,Castillon,6,06036,Castillon
2021,10,60370000,060370000,C,0.0,3.9756883348806626,0.0,1.0,0.0,295.8760424512255,2218.3644152662264,295.8760424512255,Caussols,6,06037,Caussols
2021,10,60380000,060380000,C,4.0,83.17580562861929,5.456722980710895,1.0,5.456722980710895,3986.3704246130455,73304.06938632764,3986.3704246130455,Châteauneuf-Grasse,6,06038,Châteauneuf-Grasse
2021,10,60390000,060390000,C,0.0,17.577347449937843,0.0,1.0,0.0,950.520118496602,20980.03454163351,950.520118496602,Châteauneuf-Villevieille,6,06039,Châteauneuf-Villevieille
2021,10,60400000,060400000,C,0.0,4.642200067724439,0.0,1.0,0.0,75.24783974225483,119.99413342569125,75.24783974225483,Châteauneuf-d'Entraunes,6,06040,Châteauneuf-d'Entraunes
2021,10,60410000,060410000,C,0.0,2.9933958493653225,0.0,1.0,0.0,398.86489084832823,1161.9275289973336,398.86489084832823,Cipières,6,06041,Cipières
2021,10,60420000,060420000,C,0.0,0.0,0.0,1.0,0.0,679.9791954919649,692.7805156634787,679.9791954919649,Clans,6,06042,Clans
2021,10,60430000,060430000,C,0.0,10.775392135083708,0.0,1.0,0.0,827.5525016871572,14410.837793206152,827.5525016871572,Coaraze,6,06043,Coaraze
2021,10,60440101,060440101,A,0.0,86.01207312022396,0.0,1.0,0.0,2723.0630678290427,106401.1900815883,2723.0630678290427,Quartiers Est-Les Salettes-Les Campons,6,06044,La Colle-sur-Loup
2021,10,60440102,060440102,A,2.0,92.91529417959896,1.6853038292011246,1.0,1.6853038292011246,2939.549830311065,118672.9636132168,2939.549830311065,Village Centre,6,06044,La Colle-sur-Loup
2021,10,60440103,060440103,A,3.0,76.79477441361661,3.2181751403612746,1.0,3.2181751403612746,2707.6410661396417,93220.53241835738,2707.6410661396417,Quartiers Ouest-Montgros-Montmeuille,6,06044,La Colle-sur-Loup
2021,10,60450000,060450000,C,0.0,11.195866100028148,0.0,1.0,0.0,95.48828065363837,365.6019644677745,95.48828065363837,Collongues,6,06045,Collongues
2021,10,60460000,060460000,C,3.0,47.107301193718186,3.950875489705592,1.0,3.950875489705592,3708.394479952749,75932.5371760463,3708.394479952749,Colomars,6,06046,Colomars
2021,10,60470000,060470000,C,0.0,16.629627654853856,0.0,1.0,0.0,95.63797526338433,573.587422933479,95.63797526338433,Conségudes,6,06047,Conségudes
2021,10,60480101,060480101,A,6.5,49.50109389894209,11.835685134151092,1.0,11.835685134151092,3093.2515842585144,54918.66272485298,3093.2515842585144,Contes Sud-Village-Pointe,6,06048,Contes
2021,10,60480102,060480102,A,2.0,29.090598411270708,6.228823477786302,1.0,6.228823477786302,4946.635469045006,32108.792408912374,4946.635469045006,Contes Nord et Hameaux,6,06048,Contes
2021,10,60490000,060490000,C,0.0,6.2199098617517965,0.0,1.0,0.0,114.47613279648208,2058.3662756586427,114.47613279648208,Courmes,6,06049,Courmes
2021,10,60500000,060500000,C,0.5,16.496475781257274,8.291821187909116,1.0,8.291821187909116,519.0681301259083,6030.038379615385,519.0681301259083,Coursegoules,6,06050,Coursegoules
2021,10,60510000,060510000,C,0.0,10.463465161151845,0.0,1.0,0.0,104.57879127238914,493.4747232374165,104.57879127238914,La Croix-sur-Roudoule,6,06051,La Croix-sur-Roudoule
2021,10,60520000,060520000,C,0.0,109.45840476785398,0.0,1.0,0.0,174.12426857114252,674.5772480157917,174.12426857114252,Cuébris,6,06052,Cuébris
2021,10,60530000,060530000,C,0.0,14.977356864516226,0.0,1.0,0.0,167.58902324204007,396.9765468528611,167.58902324204007,Daluis,6,06053,Daluis
2021,10,60540000,060540000,C,2.0,49.7719061844916,2.7015951587819216,1.0,2.7015951587819216,5192.32901299365,74030.33698438176,5192.32901299365,Drap,6,06054,Drap
2021,10,60550000,060550000,C,0.0,14.235902747945037,0.0,1.0,0.0,164.66567462194288,1701.2178156558466,164.66567462194288,Duranus,6,06055,Duranus
2021,10,60560000,060560000,C,0.0,7.815993473245888,0.0,1.0,0.0,152.37312094960862,336.90864805247406,152.37312094960862,Entraunes,6,06056,Entraunes
2021,10,60570000,060570000,C,4.0,32.81181960341697,16.03628782522104,1.0,16.03628782522104,2721.6666675561933,24943.42857646274,2721.6666675561933,L'Escarène,6,06057,L'Escarène
2021,10,60580000,060580000,C,0.0,9.491163336185581,0.0,1.0,0.0,619.8985818570652,1943.009820390086,619.8985818570652,Escragnolles,6,06058,Escragnolles
2021,10,60590000,060590000,C,2.0,61.35739185954368,2.5349318110897414,1.0,2.5349318110897414,2349.550243976665,78897.58577530416,2349.550243976665,Èze,6,06059,Èze
2021,10,60600000,060600000,C,4.0,69.44164102959816,3.4970096025297646,1.0,3.4970096025297646,2314.6246422604486,114383.44341709465,2314.6246422604486,Falicon,6,06060,Falicon
2021,10,60610000,060610000,C,0.0,12.238513597607149,0.0,1.0,0.0,94.89785346057472,1052.8542605716657,94.89785346057472,Les Ferres,6,06061,Les Ferres
2021,10,60620000,060620000,C,0.0,57.14360755074648,0.0,1.0,0.0,371.0574176731651,1766.408086985096,371.0574176731651,Fontan,6,06062,Fontan
2021,10,60630000,060630000,C,0.0,0.0,0.0,1.0,0.0,92.68368060988372,193.8484363475529,92.68368060988372,Gars,6,06063,Gars
2021,10,60640000,060640000,C,2.5,38.07570400475645,7.4131291156921195,1.0,7.4131291156921195,4435.18384778135,33723.95058799121,4435.18384778135,Gattières,6,06064,Gattières
2021,10,60650101,060650101,A,2.0,52.769952611967994,3.2154502442804276,1.0,3.2154502442804276,4271.312389559153,62199.687386161735,4271.312389559153,Nord,6,06065,La Gaude
2021,10,60650102,060650102,A,0.0,40.91540942040314,0.0,1.0,0.0,3149.6132084721366,58034.33550277703,3149.6132084721366,Sud,6,06065,La Gaude
2021,10,60660000,060660000,C,3.0,51.44526108347255,39.17612484660126,1.0,39.17612484660126,1564.4222095783407,7657.725238897042,1564.4222095783407,Gilette,6,06066,Gilette
2021,10,60670000,060670000,C,0.0,28.360755233093577,0.0,1.0,0.0,1716.7375559321777,19540.196568789957,1716.7375559321777,Gorbio,6,06067,Gorbio
2021,10,60680000,060680000,C,0.0,14.138132887407778,0.0,1.0,0.0,382.33225897436193,11315.15338031941,382.33225897436193,Gourdon,6,06068,Gourdon
2021,10,60690101,060690101,A,3.0,85.8455145639116,4.5146243976062275,1.0,4.5146243976062275,3372.5431957155997,66450.71075216531,3372.5431957155997,Centre Ville Nord,6,06069,Grasse
2021,10,60690102,060690102,A,3.5,78.83092206673876,5.7967191732215095,1.0,5.7967191732215095,3818.08483195987,60378.981548193326,3818.08483195987,Saint-François,6,06069,Grasse
2021,10,60690103,060690103,A,3.0,101.95536100741225,3.63776988996261,1.0,3.63776988996261,3548.6447296456636,82468.10795475672,3548.6447296456636,Centre Ville Sud-Ouest,6,06069,Grasse
2021,10,60690104,060690104,A,0.0,98.65443186878785,0.0,1.0,0.0,3806.850790508508,88548.85434943748,3806.850790508508,Saint-Antoine,6,06069,Grasse
2021,10,60690105,060690105,A,4.0,101.87605109491419,4.718835686040195,1.0,4.718835686040195,2614.4559247681964,84766.67267379668,2614.4559247681964,Saint-Jacques Nord,6,06069,Grasse
2021,10,60690106,060690106,A,0.0,98.53220804859909,0.0,1.0,0.0,2512.001931695051,84610.05389429833,2512.001931695051,Saint-Claude (canton Nord),6,06069,Grasse
2021,10,60690107,060690107,A,2.0,103.60257036416651,2.0371040918905745,1.0,2.0371040918905745,3018.596751030075,98178.5863550969,3018.596751030075,Le Plan,6,06069,Grasse
2021,10,60690108,060690108,A,0.0,95.54424157465502,0.0,1.0,0.0,3235.18765885827,86744.41421298514,3235.18765885827,Saint-Claude (canton Sud),6,06069,Grasse
2021,10,60690109,060690109,A,10.5,102.22223034790177,12.66604404008545,1.0,12.66604404008545,2738.1566510511275,82898.81171082018,2738.1566510511275,Centre Ville Sud-Est,6,06069,Grasse
2021,10,60690110,060690110,A,0.0,91.10182684552504,0.0,1.0,0.0,2272.444957725713,77466.48001303429,2272.444957725713,Saint-Mathieu,6,06069,Grasse
2021,10,60690111,060690111,A,3.0,98.01758282936562,3.8331170722330663,1.0,3.8331170722330663,2194.3786338569116,78265.284974776,2194.3786338569116,Secteur Sauvegardé,6,06069,Grasse
2021,10,60690112,060690112,A,4.0,98.93674358094242,4.165014557208793,1.0,4.165014557208793,2049.184386817449,96038.07970074951,2049.184386817449,Plascassier,6,06069,Grasse
2021,10,60690113,060690113,A,11.0,98.04146498097916,12.573047752278455,1.0,12.573047752278455,3883.537298684926,87488.7315846439,3883.537298684926,Les Aspres,6,06069,Grasse
2021,10,60690114,060690114,A,0.0,79.78925021625699,0.0,1.0,0.0,3708.958437271759,68847.10547250815,3708.958437271759,Saint-Jacques Sud,6,06069,Grasse
2021,10,60690115,060690115,A,1.0,26.994689416763254,10.188636583648563,1.0,10.188636583648563,2022.55432740051,9814.855911191002,2022.55432740051,Roquevignon-La Marbrière,6,06069,Grasse
2021,10,60690116,060690116,A,0.0,69.78260550517645,0.0,1.0,0.0,2261.3856358530347,56657.91958548039,2261.3856358530347,Magagnosc,6,06069,Grasse
2021,10,60690117,060690117,A,0.0,69.84511928831705,0.0,1.0,0.0,2129.821877045368,55064.10125437923,2129.821877045368,Saint-Jean-Saint-Christophe,6,06069,Grasse
2021,10,60700000,060700000,C,0.0,9.287984034040843,0.0,1.0,0.0,619.6922190439191,2397.645920506721,619.6922190439191,Gréolières,6,06070,Gréolières
2021,10,60710000,060710000,C,1.0,109.52710793731161,82.6974201608574,1.0,82.6974201608574,677.5281669881703,1209.2275648440639,677.5281669881703,Guillaumes,6,06071,Guillaumes
2021,10,60720000,060720000,C,0.0,0.0,0.0,1.0,0.0,165.5366372441739,165.5366372441739,165.5366372441739,Ilonse,6,06072,Ilonse
2021,10,60730000,060730000,C,1.0,191.45792441734892,117.54571025353474,1.0,117.54571025353474,671.8654414161044,850.7328747625895,671.8654414161044,Isola,6,06073,Isola
2021,10,60740000,060740000,C,1.0,94.09803492882602,32.66089452170896,1.0,32.66089452170896,1266.5721615487216,3061.7654986005437,1266.5721615487216,Lantosque,6,06074,Lantosque
2021,10,60750000,060750000,C,5.0,33.847714544726045,24.134778935875325,1.0,24.134778935875325,5196.388950459435,20716.991082805038,5196.388950459435,Levens,6,06075,Levens
2021,10,60760000,060760000,C,0.0,5.887585019611936,0.0,1.0,0.0,47.837557441145236,180.23665493283644,47.837557441145236,Lieuche,6,06076,Lieuche
2021,10,60770000,060770000,C,0.0,8.0535434195543,0.0,1.0,0.0,1318.5719572454736,3830.2462337469437,1318.5719572454736,Lucéram,6,06077,Lucéram
2021,10,60780000,060780000,C,0.0,57.67957510955409,0.0,1.0,0.0,322.26273529508967,4297.416815310128,322.26273529508967,Malaussène,6,06078,Malaussène
2021,10,60790101,060790101,C,0.0,88.89828930842658,0.0,1.0,0.0,56.950435679732415,95767.7119453959,56.950435679732415,Les Tourrades-Pont de Siagne ou la Canardière,6,06079,Mandelieu-la-Napoule
2021,10,60790102,060790102,A,1.0,100.59700379446816,0.9143405875966316,1.0,0.9143405875966316,2585.112809221523,109368.43595979114,2585.112809221523,Le Gavelier-La Tour,6,06079,Mandelieu-la-Napoule
2021,10,60790103,060790103,A,1.0,59.32766906121695,1.5427326471679055,1.0,1.5427326471679055,2324.9886775226933,64820.0452512472,2324.9886775226933,Le Roc Fleuri-Capitou-Jeanne d'Arc,6,06079,Mandelieu-la-Napoule
2021,10,60790104,060790104,A,2.0,28.719764152901348,23.854175813301584,1.0,23.854175813301584,3393.4659787664673,8384.276261118015,3393.4659787664673,Le Grand Duc-Minelle,6,06079,Mandelieu-la-Napoule
2021,10,60790105,060790105,A,4.0,52.23433436757827,8.51782298912387,1.0,8.51782298912387,2600.38945234473,46960.35601006818,2600.38945234473,Maure Vieille-La Napoule,6,06079,Mandelieu-la-Napoule
2021,10,60790106,060790106,A,1.0,89.43074417326623,1.061130624541932,1.0,1.061130624541932,3308.5164107063715,94239.10467494791,3308.5164107063715,Cannes Marina-La Roubine,6,06079,Mandelieu-la-Napoule
2021,10,60790107,060790107,A,2.0,95.31176575024516,1.9563114044923315,1.0,1.9563114044923315,3416.8461906845223,102233.21273941078,3416.8461906845223,Le Cottage,6,06079,Mandelieu-la-Napoule
2021,10,60790108,060790108,A,6.0,99.352849014283,5.580231934857038,1.0,5.580231934857038,3861.6060174951044,107522.41250978962,3861.6060174951044,Le Centre Ville,6,06079,Mandelieu-la-Napoule
2021,10,60790109,060790109,A,7.5,93.43464614129981,7.612334369681368,1.0,7.612334369681368,3047.990929879717,98524.31114785529,3047.990929879717,Les Termes,6,06079,Mandelieu-la-Napoule
2021,10,60800000,060800000,C,0.0,59.26915098686666,0.0,1.0,0.0,122.20779278550827,202.78685224195533,122.20779278550827,Marie,6,06080,Marie
2021,10,60810000,060810000,C,0.0,0.0,0.0,1.0,0.0,115.12085028193549,151.12836411657827,115.12085028193549,Le Mas,6,06081,Le Mas
2021,10,60820000,060820000,C,0.0,73.29991587088215,0.0,1.0,0.0,133.3866894051819,951.8715217438322,133.3866894051819,Massoins,6,06082,Massoins
2021,10,60830101,060830101,A,1.0,75.22273879104019,2.4508282378840467,1.0,2.4508282378840467,2969.43851980606,40802.53297813161,2969.43851980606,Madone-Carnoles,6,06083,Menton
2021,10,60830102,060830102,A,0.0,74.75828129965305,0.0,1.0,0.0,2507.5409732496732,48511.51587885622,2507.5409732496732,Riviera,6,06083,Menton
2021,10,60830103,060830103,A,7.0,85.21409361932209,13.268896091100777,1.0,13.268896091100777,2800.3039832031836,52754.953780177544,2800.3039832031836,Bioves-Casino,6,06083,Menton
2021,10,60830104,060830104,A,11.0,87.56230399251103,21.15893123464066,1.0,21.15893123464066,2360.937651586203,51987.502950958056,2360.937651586203,Hôtel de Ville,6,06083,Menton
2021,10,60830105,060830105,A,1.0,80.74356354613114,2.1075051364388613,1.0,2.1075051364388613,1435.583940649331,47449.46917138914,1435.583940649331,Vieille Ville-Musée,6,06083,Menton
2021,10,60830106,060830106,A,0.0,59.72447825927871,0.0,1.0,0.0,2609.9925690585837,36458.89001231609,2609.9925690585837,Terres Chaudes,6,06083,Menton
2021,10,60830201,060830201,A,0.0,55.209118245446305,0.0,1.0,0.0,2292.372912575523,36893.36731474353,2292.372912575523,Vallée de Gorbio,6,06083,Menton
2021,10,60830202,060830202,A,0.0,68.87265502632226,0.0,1.0,0.0,4384.89046777821,45028.085827323775,4384.89046777821,Haut Borrigo,6,06083,Menton
2021,10,60830203,060830203,A,4.0,50.58851600572981,18.773281431819612,1.0,18.773281431819612,1952.7566655290054,21306.877087669047,1952.7566655290054,Saint-Paul-Garavan,6,06083,Menton
2021,10,60830204,060830204,A,0.0,52.209446963376294,0.0,1.0,0.0,2126.7191728434477,27251.468946857047,2126.7191728434477,Ciappes-Fossan,6,06083,Menton
2021,10,60830205,060830205,A,1.5,76.44959664731998,2.701305712665396,1.0,2.701305712665396,2987.4067572066633,55528.70202610056,2987.4067572066633,Mont Gros,6,06083,Menton
2021,10,60830206,060830206,A,1.5,51.53612231502031,3.746467909084776,1.0,3.746467909084776,4652.026574199487,40037.71115622434,4652.026574199487,Carei-Monti,6,06083,Menton
2021,10,60840101,060840101,A,2.0,79.56434026123857,2.416837307392354,1.0,2.416837307392354,2225.6044546100065,82752.77751972058,2225.6044546100065,Les Aspres-Plan Sarrain,6,06084,Mouans-Sartoux
2021,10,60840102,060840102,A,4.0,80.41005878683016,5.052866277224525,1.0,5.052866277224525,3120.9984166049703,79162.98949033635,3120.9984166049703,Grand-Pièce-Les Plaines,6,06084,Mouans-Sartoux
2021,10,60840103,060840103,A,2.0,93.87007783166212,2.0310290168765652,1.0,2.0310290168765652,3271.9187862540152,98472.25142434037,3271.9187862540152,Les Indes-les Groulles,6,06084,Mouans-Sartoux
2021,10,60840104,060840104,A,3.0,98.97855516707472,3.0107969597517155,1.0,3.0107969597517155,2593.4398163989736,99641.39196710874,2593.4398163989736,Les Plantiers-Le Plan,6,06084,Mouans-Sartoux
2021,10,60850101,060850101,A,6.0,112.24874869188447,4.8016827321683815,1.0,4.8016827321683815,2862.786054907324,124956.1942067437,2862.786054907324,Village-Le Val-Cabrières,6,06085,Mougins
2021,10,60850102,060850102,A,1.0,131.58452251540248,0.62124263452783,1.0,0.62124263452783,3225.9941456587226,160967.70318412568,3225.9941456587226,Aubarède-Campelières,6,06085,Mougins
2021,10,60850103,060850103,A,0.0,100.25975675864541,0.0,1.0,0.0,2922.0347695384253,116785.99306575062,2922.0347695384253,Pibonson-Les Faïsses-Ranguin,6,06085,Mougins
2021,10,60850104,060850104,A,1.0,94.99555033880439,0.975739072298232,1.0,0.975739072298232,3656.3025285569825,102486.41551727804,3656.3025285569825,Saint-Martin-Le Miracle,6,06085,Mougins
2021,10,60850105,060850105,A,11.5,128.85441833293524,8.135042903387507,1.0,8.135042903387507,3928.95125875009,141363.72895109493,3928.95125875009,Les Colles-Camp Lauvas-Font de l'Orme,6,06085,Mougins
2021,10,60850107,060850107,A,1.0,89.24697392862495,0.9282137332070034,1.0,0.9282137332070034,2161.5242276443337,107733.80787472009,2161.5242276443337,Valmasque-Notre-Dame de Vie,6,06085,Mougins
2021,10,60850108,060850108,A,1.0,86.57037035005482,0.9059331362589844,1.0,0.9059331362589844,1896.1604791216225,110383.42234940881,1896.1604791216225,Mougins le Haut,6,06085,Mougins
2021,10,60860000,060860000,C,0.0,3.7544586327070832,0.0,1.0,0.0,303.10749305150244,606.2897579655265,303.10749305150244,Moulinet,6,06086,Moulinet
2021,10,60870000,060870000,C,0.0,7.811090727850842,0.0,1.0,0.0,46.693125719156455,318.490146188129,46.693125719156455,Les Mujouls,6,06087,Les Mujouls
2021,10,60880101,060880101,A,2.0,132.8673910149791,0.98395092737738,1.0,0.98395092737738,1559.0206142139323,203262.16931679653,1559.0206142139323,Saleya-Château,6,06088,Nice
2021,10,60880102,060880102,A,0.0,148.77396732070122,0.0,1.0,0.0,1253.66651112015,230594.15539978145,1253.66651112015,Vieux Nice-Sainte-Réparate,6,06088,Nice
2021,10,60880103,060880103,A,5.0,105.69992627753406,3.0379937266694386,1.0,3.0379937266694386,1688.3530004013382,164582.3016718838,1688.3530004013382,Vieux Nice-Visitation,6,06088,Nice
2021,10,60880201,060880201,A,4.0,163.76165313682085,1.583148654563055,1.0,1.583148654563055,2498.992895101345,252661.0491359063,2498.992895101345,Garibaldi,6,06088,Nice
2021,10,60880202,060880202,A,3.0,132.23810681164596,1.446226958517036,1.0,1.446226958517036,2037.1108198760935,207436.3212725758,2037.1108198760935,Port,6,06088,Nice
2021,10,60880203,060880203,A,3.0,147.17034948402878,1.3010332333396155,1.0,1.3010332333396155,2266.6383536975063,230585.9622278299,2266.6383536975063,Cassini,6,06088,Nice
2021,10,60880204,060880204,A,3.1666666666666665,148.98279166548355,1.3564110558702296,1.0,1.3564110558702296,1987.3451344645675,233459.2196784356,1987.3451344645675,Barla,6,06088,Nice
2021,10,60880205,060880205,A,1.0,146.27907699350436,0.4350254820692605,1.0,0.4350254820692605,2100.913739350373,229871.59171535374,2100.913739350373,Riquier-Fontaine de la Ville,6,06088,Nice
2021,10,60880206,060880206,A,6.5,143.8651098362793,2.871605986841845,1.0,2.871605986841845,2607.7723163755954,226354.17358036005,2607.7723163755954,Bonaparte,6,06088,Nice
2021,10,60880301,060880301,A,11.5,146.68016228458623,4.9776480601418225,1.0,4.9776480601418225,2315.0013171567066,231032.80627823944,2315.0013171567066,République,6,06088,Nice
2021,10,60880302,060880302,A,0.0,157.35123936998855,0.0,1.0,0.0,2204.549304129273,248750.2466132483,2204.549304129273,Pierre Sola,6,06088,Nice
2021,10,60880303,060880303,A,1.25,149.90338420736987,0.5289157768753439,1.0,0.5289157768753439,1994.0465642931722,236332.52299346763,1994.0465642931722,TNL-Beaumont,6,06088,Nice
2021,10,60880304,060880304,A,11.0,147.74467201938026,4.732420784043239,1.0,4.732420784043239,3665.383618277443,232439.17863537755,3665.383618277443,Riquier-Arson,6,06088,Nice
2021,10,60880305,060880305,A,1.0,143.61261359263975,0.4415435660448541,1.0,0.4415435660448541,4275.951599203903,226478.2179836848,4275.951599203903,Riquier,6,06088,Nice
2021,10,60880401,060880401,A,2.0,73.30568732943864,1.7561645062377804,1.0,1.7561645062377804,2360.3243516643115,113884.54742685735,2360.3243516643115,Mont Boron,6,06088,Nice
2021,10,60880402,060880402,A,0.0,119.85349855919918,0.0,1.0,0.0,1999.563056365062,187098.1658358839,1999.563056365062,Carnot,6,06088,Nice
2021,10,60880403,060880403,A,3.0,96.8388248262846,2.0041036534579266,1.0,2.0041036534579266,2812.178681775075,149692.8561965211,2812.178681775075,Mont Alban,6,06088,Nice
2021,10,60880404,060880404,A,0.0,119.6842911652288,0.0,1.0,0.0,1301.7160250867341,189714.83142196425,1301.7160250867341,Bischoffsheim,6,06088,Nice
2021,10,60880501,060880501,A,0.0,149.65940763601273,0.0,1.0,0.0,4835.362136761418,236350.63103278805,4835.362136761418,Diables Bleus,6,06088,Nice
2021,10,60880502,060880502,A,1.0,142.87846415741367,0.44188207052031875,1.0,0.44188207052031875,4150.044796810489,226304.72397816327,4150.044796810489,Saint-Jean d'Angély,6,06088,Nice
2021,10,60880503,060880503,A,0.0,140.15546635880392,0.0,1.0,0.0,2486.7636745253485,221125.68019474327,2486.7636745253485,Saint-Roch-Jean XXIII,6,06088,Nice
2021,10,60880504,060880504,A,3.0,148.32747412771528,1.2911368166884192,1.0,1.2911368166884192,3292.9106660641037,232353.3773666659,3292.9106660641037,Vauban,6,06088,Nice
2021,10,60880505,060880505,A,1.0,138.56186074740114,0.4557875794977053,1.0,0.4557875794977053,2495.4629864291046,219400.44989862095,2495.4629864291046,Saint-Roch-Ricolfi,6,06088,Nice
2021,10,60880506,060880506,A,0.0,135.20783362955177,0.0,1.0,0.0,2787.40057302702,212894.3738944214,2787.40057302702,Saint-Charles,6,06088,Nice
2021,10,60880507,060880507,A,5.0,146.12125475877056,2.1788909966507717,1.0,2.1788909966507717,3334.8355036198564,229474.53579300782,3334.8355036198564,Roquebillière,6,06088,Nice
2021,10,60880508,060880508,A,0.0,138.90463114261763,0.0,1.0,0.0,2167.1728541416305,216956.6808444651,2167.1728541416305,Pierre Semard,6,06088,Nice
2021,10,60880509,060880509,A,2.0,141.88879549607174,0.909126741311687,1.0,0.909126741311687,1608.8644957198342,219991.32894434524,1608.8644957198342,Mont Gros,6,06088,Nice
2021,10,60880601,060880601,A,2.0,156.51943972395287,0.81499310726573,1.0,0.81499310726573,3323.0284113415446,245400.84844519995,3323.0284113415446,Lyautey-Gendarmerie,6,06088,Nice
2021,10,60880602,060880602,A,0.0,153.65827581765373,0.0,1.0,0.0,1658.872093496132,240129.24507550287,1658.872093496132,Paschetta,6,06088,Nice
2021,10,60880603,060880603,A,3.5,151.73371452233295,1.48079471149272,1.0,1.48079471149272,2979.8965071856956,236359.56914458543,2979.8965071856956,Pasteur,6,06088,Nice
2021,10,60880604,060880604,A,0.0,142.5599393191838,0.0,1.0,0.0,2629.72805103081,220714.7088964097,2629.72805103081,Pasteur-Voie Romaine,6,06088,Nice
2021,10,60880605,060880605,A,0.0,141.0483679513846,0.0,1.0,0.0,1575.7794602478093,217756.89127009816,1575.7794602478093,Pasteur-Saint-Pons,6,06088,Nice
2021,10,60880701,060880701,A,0.0,144.82730669686205,0.0,1.0,0.0,2324.8490226235144,224651.53905776906,2324.8490226235144,Route de Turin,6,06088,Nice
2021,10,60880702,060880702,A,5.0,125.11396626650988,2.6525029814251444,1.0,2.6525029814251444,3428.3154037793047,188501.20188417603,3428.3154037793047,Bon Voyage,6,06088,Nice
2021,10,60880801,060880801,A,0.0,76.14734129643897,0.0,1.0,0.0,1549.3916506320502,119120.16750992584,1549.3916506320502,Vinaigrier,6,06088,Nice
2021,10,60880901,060880901,A,0.0,122.93461514502862,0.0,1.0,0.0,2631.788012697411,183890.47590011096,2631.788012697411,Ariane-Les Chênes,6,06088,Nice
2021,10,60880902,060880902,A,7.0,118.14005951938447,3.9831412000896425,1.0,3.9831412000896425,2165.646692193549,175740.69430032914,2165.646692193549,Ariane-Monzie,6,06088,Nice
2021,10,60880903,060880903,A,1.0,86.04283209674507,0.7852991106221162,1.0,0.7852991106221162,1484.9725074902647,127340.01433005535,1484.9725074902647,La Lauvette,6,06088,Nice
2021,10,60880904,060880904,A,3.0,113.9641737185744,1.7721262815407965,1.0,1.7721262815407965,1984.0020063603247,169288.16141655628,1984.0020063603247,Ariane-Ripert,6,06088,Nice
2021,10,60880905,060880905,A,2.0,103.71591508639433,1.2938633683865948,1.0,1.2938633683865948,2824.729974428628,154575.82685055336,2824.729974428628,Ariane-Saramito,6,06088,Nice
2021,10,60881001,060881001,A,0.0,137.66251569131848,0.0,1.0,0.0,2637.787938237701,217642.45153499575,2637.787938237701,Cimiez-Monastère,6,06088,Nice
2021,10,60881002,060881002,A,1.0,133.34679212738573,0.46349420290028237,1.0,0.46349420290028237,2411.9167390704038,215752.4287774411,2411.9167390704038,Brancolar-Régina,6,06088,Nice
2021,10,60881003,060881003,A,0.0,130.88328397865826,0.0,1.0,0.0,1836.2476431386021,209533.32804464878,1836.2476431386021,Brancolar-Scudéri,6,06088,Nice
2021,10,60881004,060881004,A,6.0,146.86213379519535,2.5834273084433215,1.0,2.5834273084433215,3125.1256238947517,232249.61586456944,3125.1256238947517,Cap de Croix,6,06088,Nice
2021,10,60881005,060881005,A,10.5,120.25366445886095,5.526409558264463,1.0,5.526409558264463,3498.7913855711813,189996.77619436994,3498.7913855711813,Rimiez,6,06088,Nice
2021,10,60881101,060881101,A,1.0,145.89783471383055,0.4241251087109692,1.0,0.4241251087109692,3264.4561110776053,235779.48568979334,3264.4561110776053,Puget,6,06088,Nice
2021,10,60881102,060881102,A,1.0,140.81413672792846,0.440102509626168,1.0,0.440102509626168,3123.107710379625,227219.79041869592,3123.107710379625,Parc Chambrun,6,06088,Nice
2021,10,60881103,060881103,A,4.0,128.6742690037294,1.9031843404594655,1.0,1.9031843404594655,2985.0231039374185,210174.07063334298,2985.0231039374185,Le Ray-Gravier-Dunant,6,06088,Nice
2021,10,60881104,060881104,A,0.0,124.71347978630436,0.0,1.0,0.0,2158.126441889682,199887.99940993698,2158.126441889682,Gravier,6,06088,Nice
2021,10,60881105,060881105,A,0.0,102.16107817828694,0.0,1.0,0.0,2295.9593569470094,168232.81456963223,2295.9593569470094,Henry Dunant,6,06088,Nice
2021,10,60881201,060881201,A,3.0,129.48747703233377,1.4660528440512914,1.0,1.4660528440512914,2949.4193213575772,204631.0958143772,2949.4193213575772,Nice Nord-Saqui,6,06088,Nice
2021,10,60881202,060881202,A,0.0,130.94458556318042,0.0,1.0,0.0,1634.879154947566,208214.49209483975,1634.879154947566,Comte de Falicon,6,06088,Nice
2021,10,60881203,060881203,A,2.0,113.85272736324237,1.0949998534145375,1.0,1.0949998534145375,2227.3452722272623,182648.42627726393,2227.3452722272623,Cernuschi,6,06088,Nice
2021,10,60881204,060881204,A,1.0,97.62072375180097,0.6331228298178101,1.0,0.6331228298178101,3304.2198204543815,157947.2343917473,3304.2198204543815,Las Planas-La Vallière,6,06088,Nice
2021,10,60881301,060881301,A,1.0,148.50478880653984,0.41561506448809415,1.0,0.41561506448809415,2294.653892326203,240607.25547368758,2294.653892326203,Cessole,6,06088,Nice
2021,10,60881302,060881302,A,8.0,152.31158554279324,3.283765511271359,1.0,3.283765511271359,3232.664751461257,243622.75480817386,3232.664751461257,Saint-Barthélemy,6,06088,Nice
2021,10,60881303,060881303,A,5.0,146.91979313514668,2.109594504338402,1.0,2.109594504338402,2504.1810188206478,237012.3732175757,2504.1810188206478,Gorbella,6,06088,Nice
2021,10,60881304,060881304,A,1.0,140.56784056530915,0.4463747456520093,1.0,0.4463747456520093,2471.8674625786807,224027.01087834238,2471.8674625786807,Saint-Sylvestre,6,06088,Nice
2021,10,60881305,060881305,A,3.5,139.05713394588366,1.5736752765269275,1.0,1.5736752765269275,2737.6924882035946,222409.28940082455,2737.6924882035946,Villa Arson,6,06088,Nice
2021,10,60881306,060881306,A,2.0,137.8155743806911,0.8951565532903965,1.0,0.8951565532903965,1950.8304306260072,223424.60574616192,1950.8304306260072,Cyrnos,6,06088,Nice
2021,10,60881307,060881307,A,0.0,106.87937204165334,0.0,1.0,0.0,2499.87382789259,174402.2846295439,2499.87382789259,Cyrille Besset-La Forêt,6,06088,Nice
2021,10,60881308,060881308,A,6.0,120.97200159132076,3.109415593266624,1.0,3.109415593266624,2369.591829337788,192962.30497437774,2369.591829337788,La Clua,6,06088,Nice
2021,10,60881309,060881309,A,2.0,139.46886712278624,0.8972910569274432,1.0,0.8972910569274432,2767.73613541118,222893.11640400358,2767.73613541118,Canavese,6,06088,Nice
2021,10,60881401,060881401,A,1.0,154.80712764102833,0.40215135919288647,1.0,0.40215135919288647,2460.7278546585776,248662.59360828457,2460.7278546585776,Évêché,6,06088,Nice
2021,10,60881402,060881402,A,3.0,160.89913934259636,1.1603989652628965,1.0,1.1603989652628965,2272.5598273538385,258531.7713826407,2272.5598273538385,Bellevue,6,06088,Nice
2021,10,60881403,060881403,A,0.0,151.3665927316275,0.0,1.0,0.0,2507.3497384002776,244949.59997645864,2507.3497384002776,Le Righi,6,06088,Nice
2021,10,60881404,060881404,A,0.0,121.88839053062814,0.0,1.0,0.0,1554.5954744132507,199874.1897854261,1554.5954744132507,Mantega,6,06088,Nice
2021,10,60881501,060881501,A,0.0,169.52484179142127,0.0,1.0,0.0,1922.0110200196166,269765.3546950937,1922.0110200196166,Marceau,6,06088,Nice
2021,10,60881502,060881502,A,2.0,163.79122010660774,0.7601363770032016,1.0,0.7601363770032016,2315.2597531716897,263110.68125497387,2315.2597531716897,Thiole,6,06088,Nice
2021,10,60881503,060881503,A,5.0,162.23758940966385,1.9128367088104792,1.0,1.9128367088104792,2098.089264888219,261391.8886526028,2098.089264888219,Jeanne d'Arc-Fuon-Cauda,6,06088,Nice
2021,10,60881504,060881504,A,7.0,160.81627019696296,2.7211567756719703,1.0,2.7211567756719703,2061.2346175272864,257243.53931321728,2061.2346175272864,Michel-Ange,6,06088,Nice
2021,10,60881505,060881505,A,2.0,149.67213842609897,0.8263612958279998,1.0,0.8263612958279998,2609.513602117383,242024.88791492037,2609.513602117383,Michelet,6,06088,Nice
2021,10,60881506,060881506,A,0.0,154.06984723761786,0.0,1.0,0.0,2266.1835159745087,247719.0277452751,2266.1835159745087,Borriglione-Saint Lambert,6,06088,Nice
2021,10,60881601,060881601,A,3.0,147.21709572250046,1.3109791550688503,1.0,1.3109791550688503,2251.5357343940955,228836.59045230548,2251.5357343940955,Carabacel,6,06088,Nice
2021,10,60881602,060881602,A,0.0,154.18527703837174,0.0,1.0,0.0,2815.231549000314,243256.64452688964,2815.231549000314,Acropolis-XVe Corps,6,06088,Nice
2021,10,60881603,060881603,A,1.0,149.24269561347637,0.42887915855996833,1.0,0.42887915855996833,3403.7238862455442,233165.9116655757,3403.7238862455442,Sainte-Rosalie-Arbre Inférieur,6,06088,Nice
2021,10,60881604,060881604,A,0.0,147.74754180754437,0.0,1.0,0.0,3240.166908678364,232986.1170489675,3240.166908678364,Cimiez,6,06088,Nice
2021,10,60881605,060881605,A,0.0,162.28460116226142,0.0,1.0,0.0,1931.4101059277912,259237.0607240693,1931.4101059277912,Caravadossi-George V,6,06088,Nice
2021,10,60881606,060881606,A,3.0,143.67721709105876,1.3247966451993967,1.0,1.3247966451993967,2789.751286899979,226449.84880290565,2789.751286899979,Cimiez-Valrose,6,06088,Nice
2021,10,60881701,060881701,A,5.0,162.39211648488416,2.0132990900553516,1.0,2.0132990900553516,1727.147911809394,248348.59483607748,1727.147911809394,Promenade du Paillon,6,06088,Nice
2021,10,60881702,060881702,A,4.0,162.9983786325714,1.5866054828808684,1.0,1.5866054828808684,2129.1883468098763,252110.5620243431,2129.1883468098763,Hôpital Saint-Roch,6,06088,Nice
2021,10,60881703,060881703,A,3.0,164.04721683478027,1.1533298309931763,1.0,1.1533298309931763,1794.4608030358925,260116.3968347706,1794.4608030358925,Raimbaldi,6,06088,Nice
2021,10,60881704,060881704,A,1.0,163.1772845925712,0.39315989891648734,1.0,0.39315989891648734,2206.24848041558,254349.43969512364,2206.24848041558,Desambrois,6,06088,Nice
2021,10,60881705,060881705,A,2.0,162.1921919351468,0.7968988052028861,1.0,0.7968988052028861,2092.01321618076,250972.8947944414,2092.01321618076,Sasserno,6,06088,Nice
2021,10,60881801,060881801,C,0.0,141.76568740064997,0.0,1.0,0.0,47.498312600729705,222751.708433967,47.498312600729705,Gare Nice-Ville,6,06088,Nice
2021,10,60881802,060881802,A,3.0,165.89534104997392,1.1524631483220247,1.0,1.1524631483220247,2207.7430083493423,260312.01122291601,2207.7430083493423,Vernier,6,06088,Nice
2021,10,60881803,060881803,A,5.0,168.2424703046653,1.8639608437658646,1.0,1.8639608437658646,2328.398708742425,268245.9782737828,2328.398708742425,Trachel,6,06088,Nice
2021,10,60881804,060881804,A,5.0,166.50394179108613,1.8847431488527613,1.0,1.8847431488527613,2941.124018944458,265288.1376989479,2941.124018944458,Clément Roassal,6,06088,Nice
2021,10,60881805,060881805,A,5.0,152.8331949681818,2.0141431748802914,1.0,2.0141431748802914,2333.808839880303,248244.51719015307,2333.808839880303,Garnier-Gare de Provence,6,06088,Nice
2021,10,60881901,060881901,A,1.0,165.26857187035225,0.3828347611678047,1.0,0.3828347611678047,2514.357771025368,261209.30005143356,2514.357771025368,Grosso,6,06088,Nice
2021,10,60881902,060881902,A,3.5,151.69382270992693,1.4458665729751743,1.0,1.4458665729751743,2029.6587607080512,242069.36279037246,2029.6587607080512,Église Russe,6,06088,Nice
2021,10,60881903,060881903,A,5.0,147.63637665172521,2.1116242894013566,1.0,2.1116242894013566,2404.77262386012,236784.5466210987,2404.77262386012,Parc Impérial,6,06088,Nice
2021,10,60882001,060882001,A,0.0,118.52483355296381,0.0,1.0,0.0,2610.9173170876984,195026.73266458433,2610.9173170876984,Le Piol-Cyrnos,6,06088,Nice
2021,10,60882002,060882002,A,0.0,160.49580529611814,0.0,1.0,0.0,2138.395800373094,253117.6539958757,2138.395800373094,Saint-Philippe,6,06088,Nice
2021,10,60882101,060882101,A,2.0,149.24620994700516,0.8462674690189722,1.0,0.8462674690189722,2223.098022219937,236331.9013453845,2223.098022219937,Carlone,6,06088,Nice
2021,10,60882102,060882102,A,1.0,153.88594405029372,0.4083809876084304,1.0,0.4083809876084304,2975.6459862367456,244869.38186231974,2975.6459862367456,Madeleine Robiony,6,06088,Nice
2021,10,60882103,060882103,A,1.0,127.53245558059695,0.49192840618239264,1.0,0.49192840618239264,2455.339210548637,203281.61322508164,2455.339210548637,La Bornala,6,06088,Nice
2021,10,60882104,060882104,A,1.0,133.3012880607907,0.4719672193726821,1.0,0.4719672193726821,1586.8609436316005,211879.12188671826,1586.8609436316005,Madeleine,6,06088,Nice
2021,10,60882201,060882201,A,13.5,158.07064931799107,5.625379039060885,1.0,5.625379039060885,1399.2549334114353,239983.82875643036,1399.2549334114353,Liberti-Albert 1er,6,06088,Nice
2021,10,60882202,060882202,A,12.5,160.33009990455318,5.065589337954909,1.0,5.065589337954909,2272.1944512188293,246762.9956961045,2272.1944512188293,Notre-Dame,6,06088,Nice
2021,10,60882203,060882203,A,25.666666666666668,160.85729913223417,10.480857358041712,1.0,10.480857358041712,2877.8207031400766,244890.90720210256,2877.8207031400766,Jean Médecin,6,06088,Nice
2021,10,60882301,060882301,A,8.5,160.5640246821418,3.43925985328865,1.0,3.43925985328865,1927.4020576945632,247146.1989669733,1927.4020576945632,Musiciens,6,06088,Nice
2021,10,60882302,060882302,A,7.5,163.3852523583764,2.976704497618262,1.0,2.976704497618262,1801.0353926260495,251956.48429331643,1801.0353926260495,Rossini,6,06088,Nice
2021,10,60882303,060882303,A,6.5,160.4966766933592,2.608543489375827,1.0,2.608543489375827,2296.831908423734,249181.20117504048,2296.831908423734,Clemenceau,6,06088,Nice
2021,10,60882304,060882304,A,2.0,160.16998814755354,0.805790146878531,1.0,0.805790146878531,2760.871338215305,248203.58101269888,2760.871338215305,Thiers-Durante,6,06088,Nice
2021,10,60882401,060882401,A,5.0,159.83599405602706,2.0427832667414303,1.0,2.0427832667414303,1658.4150770451993,244764.0961919474,1658.4150770451993,France-Negresco,6,06088,Nice
2021,10,60882402,060882402,A,9.0,168.86027236440216,3.4960446235488263,1.0,3.4960446235488263,2988.644863488149,257433.78500884585,2988.644863488149,Victor Hugo-Buffa,6,06088,Nice
2021,10,60882501,060882501,A,4.0,156.13278438299875,1.6544076667958016,1.0,1.6544076667958016,1897.2979765155274,241778.3766528995,1897.2979765155274,Dante,6,06088,Nice
2021,10,60882502,060882502,A,8.0,158.87509383797456,3.280164822717347,1.0,3.280164822717347,2463.1414738524986,243890.18334062424,2463.1414738524986,Bottero,6,06088,Nice
2021,10,60882503,060882503,A,1.0,165.2410318724924,0.38528397063150577,1.0,0.38528397063150577,2054.9574804217364,259548.8201497026,2054.9574804217364,Potiers,6,06088,Nice
2021,10,60882504,060882504,A,5.0,159.36808552799292,2.0177026937715072,1.0,2.0177026937715072,3100.6734223051913,247806.57801739644,3100.6734223051913,Châteauneuf,6,06088,Nice
2021,10,60882601,060882601,A,11.666666666666666,154.07941810230912,4.847159745806112,1.0,4.847159745806112,1909.3316164890198,240690.78137482403,1909.3316164890198,Lenval,6,06088,Nice
2021,10,60882602,060882602,A,7.0,144.61026743409306,3.100466115556965,1.0,3.100466115556965,2173.1950576996164,225772.5044913941,2173.1950576996164,Magnan,6,06088,Nice
2021,10,60882603,060882603,A,0.0,149.11060503467354,0.0,1.0,0.0,2497.4833570714845,236911.1942138683,2497.4833570714845,Baumettes,6,06088,Nice
2021,10,60882701,060882701,A,8.0,148.0992442638189,3.4915943243002148,1.0,3.4915943243002148,2453.68651737905,229121.69218293595,2453.68651737905,La Californie,6,06088,Nice
2021,10,60882702,060882702,A,2.0,144.30414380098162,0.8839178350699451,1.0,0.8839178350699451,2291.013531643763,226265.37452338412,2291.013531643763,Pastorelle-Bosquets,6,06088,Nice
2021,10,60882703,060882703,A,1.0,141.8069684201194,0.445788229459204,1.0,0.445788229459204,2078.86893283922,224321.75950745115,2078.86893283922,Faculté de Lettres,6,06088,Nice
2021,10,60882704,060882704,A,0.0,102.25220834082465,0.0,1.0,0.0,3383.2817178180085,168142.9657119557,3383.2817178180085,Gattamua,6,06088,Nice
2021,10,60882705,060882705,A,1.0,125.29920715345641,0.4974033675004651,1.0,0.4974033675004651,2262.338891448539,201044.07515879252,2262.338891448539,Abbaye de Roseland,6,06088,Nice
2021,10,60882801,060882801,A,8.0,152.00288616636018,3.4012886021506934,1.0,3.4012886021506934,3495.851405010843,235204.97481282425,3495.851405010843,Carras,6,06088,Nice
2021,10,60882802,060882802,A,7.25,133.31420764039893,3.4838040035826494,1.0,3.4838040035826494,4083.503722460976,208105.85189477642,4083.503722460976,Caucade,6,06088,Nice
2021,10,60882803,060882803,A,2.0,138.68043708403687,0.9194427949385506,1.0,0.9194427949385506,3242.947865917712,217523.04885195894,3242.947865917712,Lanterne-Mandariniers,6,06088,Nice
2021,10,60882804,060882804,A,3.0,133.85036107707506,1.4011457887385548,1.0,1.4011457887385548,3181.625702341724,214110.4818721888,3181.625702341724,Lanterne,6,06088,Nice
2021,10,60882805,060882805,A,1.0,116.5658709187588,0.5310870763700102,1.0,0.5310870763700102,3816.2717128651584,188293.0397845525,3816.2717128651584,Napoléon III,6,06088,Nice
2021,10,60882901,060882901,A,1.5,136.62140771540905,0.7286672460125169,1.0,0.7286672460125169,2098.9806220721694,205855.2800621195,2098.9806220721694,Les Siagnes,6,06088,Nice
2021,10,60882902,060882902,A,1.25,142.15579054092632,0.5742074568750257,1.0,0.5742074568750257,3835.1744681153727,217691.3561524956,3835.1744681153727,Les Moulins,6,06088,Nice
2021,10,60882903,060882903,A,0.0,135.64143190882092,0.0,1.0,0.0,2817.137108138337,203386.48941615666,2817.137108138337,Digue des Français,6,06088,Nice
2021,10,60882904,060882904,A,8.0,145.50193719556472,3.6053847312060627,1.0,3.6053847312060627,2208.008441060951,221890.32784093093,2208.008441060951,Paul Montel,6,06088,Nice
2021,10,60882905,060882905,A,2.0,132.33125530423874,0.9647211580480601,1.0,0.9647211580480601,2100.0242442227163,207313.7904476606,2100.0242442227163,La Victorine-Grinda,6,06088,Nice
2021,10,60882906,060882906,A,0.0,123.49529641693304,0.0,1.0,0.0,3137.4414349392523,192410.81849567403,3137.4414349392523,Plateaux Fleuris,6,06088,Nice
2021,10,60883001,060883001,C,3.0,119.75835677005249,1.6197739819058556,1.0,1.6197739819058556,392.0964688742374,185211.02533516096,392.0964688742374,Arenas-Aéroport,6,06088,Nice
2021,10,60883002,060883002,A,0.0,133.45452296646175,0.0,1.0,0.0,2669.627833579695,212144.35780872108,2669.627833579695,Arenas-Cassin,6,06088,Nice
2021,10,60883003,060883003,A,3.5,150.73235041357879,1.501887260150323,1.0,1.501887260150323,3039.0121584976787,233040.12843478593,3039.0121584976787,Saint-Augustin,6,06088,Nice
2021,10,60883101,060883101,A,0.0,118.97554022344309,0.0,1.0,0.0,3741.491385217053,179988.11267832608,3741.491385217053,Spagnol-Sainte-Marguerite,6,06088,Nice
2021,10,60883102,060883102,A,5.333333333333333,128.47877346258676,2.7558488182528906,1.0,2.7558488182528906,3860.905394632368,193527.79071220878,3860.905394632368,Parc des Sports,6,06088,Nice
2021,10,60883201,060883201,A,1.0,77.59046605423464,0.7653285862935633,1.0,0.7653285862935633,3565.204120368583,130662.83135233916,3565.204120368583,Fabron-Terron-Archet,6,06088,Nice
2021,10,60883202,060883202,A,2.0,83.13114401046003,1.4535749241375184,1.0,1.4535749241375184,2968.9235708075566,137591.80670970256,2968.9235708075566,Saint-Antoine Ginestière,6,06088,Nice
2021,10,60883301,060883301,A,5.583333333333333,72.84219586753765,5.246437483967929,1.0,5.246437483967929,5319.0387001829395,106421.42121000949,5319.0387001829395,Lingostière-Saint-Isidore,6,06088,Nice
2021,10,60883401,060883401,A,0.0,87.11317523636265,0.0,1.0,0.0,2542.745380476232,142377.18767002548,2542.745380476232,Bellet-Magnan,6,06088,Nice
2021,10,60883402,060883402,A,1.0,110.44899315204492,0.563185520601103,1.0,0.563185520601103,1915.6290690247406,177561.38313582228,1915.6290690247406,Madeleine-Nicolaï,6,06088,Nice
2021,10,60883403,060883403,A,4.0,93.70541926765002,2.6444702250861787,1.0,2.6444702250861787,1940.5737366753256,151259.0295800985,1940.5737366753256,Madeleine Supérieure,6,06088,Nice
2021,10,60883501,060883501,A,0.0,66.38121018869376,0.0,1.0,0.0,2694.176735034041,107682.57626466142,2694.176735034041,Crémat-Bellet,6,06088,Nice
2021,10,60883601,060883601,A,0.0,67.18175940329226,0.0,1.0,0.0,3083.96896773197,115867.13318906473,3083.96896773197,Saint-Pierre de Féric,6,06088,Nice
2021,10,60883602,060883602,A,1.0,85.53351804753885,0.7005023046729838,1.0,0.7005023046729838,2231.7223079663286,142754.70520640627,2231.7223079663286,Costière,6,06088,Nice
2021,10,60883701,060883701,A,0.0,79.80197799512916,0.0,1.0,0.0,3546.836960887782,131719.10222028222,3546.836960887782,Saint-Pancrace-Pessicart,6,06088,Nice
2021,10,60883801,060883801,A,0.0,96.23824622918355,0.0,1.0,0.0,2981.798694326634,152619.54519716222,2981.798694326634,Gairaut,6,06088,Nice
2021,10,60890000,060890000,C,1.0,80.72573907658752,1.3527279155909808,1.0,1.3527279155909808,2455.8696686057356,73924.69605117296,2455.8696686057356,Opio,6,06089,Opio
2021,10,60900101,060900101,A,4.5,90.45240071665019,5.133533943552033,1.0,5.133533943552033,3765.3998160867695,87658.91195970796,3765.3998160867695,Nord,6,06090,Pégomas
2021,10,60900102,060900102,A,5.0,70.61417610741746,7.042976094649337,1.0,7.042976094649337,4557.479233480889,70992.71576114792,4557.479233480889,Sud,6,06090,Pégomas
2021,10,60910000,060910000,C,1.0,23.23401875748627,4.399065906472186,1.0,4.399065906472186,2438.2153378182006,22732.098615043164,2438.2153378182006,Peille,6,06091,Peille
2021,10,60920000,060920000,C,0.0,31.341308964249464,0.0,1.0,0.0,1517.641486399385,46329.13786230176,1517.641486399385,Peillon,6,06092,Peillon
2021,10,60930000,060930000,C,0.0,16.713752348269068,0.0,1.0,0.0,262.01756063358107,542.0827284357817,262.01756063358107,La Penne,6,06093,La Penne
2021,10,60940000,060940000,C,1.0,101.7352548168959,70.07100094880879,1.0,70.07100094880879,1100.9468677426883,1427.1238978455037,1100.9468677426883,Péone,6,06094,Péone
2021,10,60950101,060950101,A,0.0,66.1889825572913,0.0,1.0,0.0,3456.6157604120117,47459.50380840007,3456.6157604120117,Nord,6,06095,Peymeinade
2021,10,60950102,060950102,A,6.0,53.09377286193281,20.739922509701092,1.0,20.739922509701092,2669.2223782634246,28929.712718036924,2669.2223782634246,Est,6,06095,Peymeinade
2021,10,60950103,060950103,A,0.0,56.97702660307001,0.0,1.0,0.0,2679.719687363807,35500.83833724748,2679.719687363807,Ouest,6,06095,Peymeinade
2021,10,60960000,060960000,C,0.0,2.800597528057768,0.0,1.0,0.0,133.46567711669462,181.07116262478985,133.46567711669462,Pierlas,6,06096,Pierlas
2021,10,60970000,060970000,C,0.0,26.15325473694801,0.0,1.0,0.0,349.0551784151535,604.7514367357479,349.0551784151535,Pierrefeu,6,06097,Pierrefeu
2021,10,60980000,060980000,C,0.0,19.065676587365886,0.0,1.0,0.0,135.0953996011785,810.0948796865009,135.0953996011785,Puget-Rostang,6,06098,Puget-Rostang
2021,10,60990000,060990000,C,1.0,69.15860628811166,44.19751605305508,1.0,44.19751605305508,1899.7264512946456,2262.5705906177877,1899.7264512946456,Puget-Théniers,6,06099,Puget-Théniers
2021,10,61000000,061000000,C,0.0,12.463234695046324,0.0,1.0,0.0,302.217032935241,1672.3945706508123,302.217032935241,Revest-les-Roches,6,06100,Revest-les-Roches
2021,10,61010000,061010000,C,0.0,15.128504877045712,0.0,1.0,0.0,186.7330186361342,461.77536922130156,186.7330186361342,Rigaud,6,06101,Rigaud
2021,10,61020000,061020000,C,0.0,118.31814075140656,0.0,1.0,0.0,152.43376166606916,622.9301508360891,152.43376166606916,Rimplas,6,06102,Rimplas
2021,10,61030000,061030000,C,4.0,139.45760415453086,115.21083498232808,1.0,115.21083498232808,2123.392859113989,3471.8956777056173,2123.392859113989,Roquebillière,6,06103,Roquebillière
2021,10,61040101,061040101,A,6.0,76.9439016365723,14.670378344654472,1.0,14.670378344654472,2133.9847927302717,40898.74070757182,2133.9847927302717,Carnoles,6,06104,Roquebrune-Cap-Martin
2021,10,61040102,061040102,A,1.0,68.78744033953879,2.5210733663539364,1.0,2.5210733663539364,3359.5256668827533,39665.64453640771,3359.5256668827533,Cap Martin,6,06104,Roquebrune-Cap-Martin
2021,10,61040103,061040103,A,3.0,70.5805946073521,6.369552054916886,1.0,6.369552054916886,2688.7644848351574,47099.07343773401,2688.7644848351574,Cabbe-Saint-Roman,6,06104,Roquebrune-Cap-Martin
2021,10,61040104,061040104,A,0.0,70.03453311488819,0.0,1.0,0.0,2009.9905045812175,49559.44971053355,2009.9905045812175,Village-Cros de Caste-Coupière-Mont Gros,6,06104,Roquebrune-Cap-Martin
2021,10,61040105,061040105,A,2.0,60.85365061220038,5.667706490162334,1.0,5.667706490162334,3519.144117497685,35287.64242593508,3519.144117497685,Val de Gorbio,6,06104,Roquebrune-Cap-Martin
2021,10,61050101,061050101,A,2.0,60.54240666055664,3.339781762204406,1.0,3.339781762204406,3961.330916113491,59884.15239084095,3961.330916113491,Nord,6,06105,Roquefort-les-Pins
2021,10,61050102,061050102,A,6.5,79.18957320099784,7.4243325715345,1.0,7.4243325715345,3306.108298577264,87549.95735133866,3306.108298577264,Sud,6,06105,Roquefort-les-Pins
2021,10,61060000,061060000,C,2.0,200.98050683213796,199.44621718826085,1.0,199.44621718826085,607.055769917294,1002.7766022316504,607.055769917294,Roquestéron,6,06106,Roquestéron
2021,10,61070000,061070000,C,0.0,158.42424086849402,0.0,1.0,0.0,65.34958646983097,861.93428882077,65.34958646983097,La Roque-en-Provence,6,06107,La Roque-en-Provence
2021,10,61080000,061080000,C,3.0,85.75603335868317,3.3685370623348345,1.0,3.3685370623348345,5497.873969908106,89059.43275923494,5497.873969908106,La Roquette-sur-Siagne,6,06108,La Roquette-sur-Siagne
2021,10,61090000,061090000,C,0.0,18.644402206278738,0.0,1.0,0.0,922.282248868295,16970.639391977238,922.282248868295,La Roquette-sur-Var,6,06109,La Roquette-sur-Var
2021,10,61100000,061100000,C,0.0,46.82994704665426,0.0,1.0,0.0,126.12618148591483,200.40762815829228,126.12618148591483,Roubion,6,06110,Roubion
2021,10,61110000,061110000,C,0.0,59.532530392655595,0.0,1.0,0.0,139.75917785761874,193.97719383912687,139.75917785761874,Roure,6,06111,Roure
2021,10,61120000,061120000,C,7.0,65.89962724492445,12.472759048782816,1.0,12.472759048782816,4140.670158034964,56122.30599999534,4140.670158034964,Le Rouret,6,06112,Le Rouret
2021,10,61130000,061130000,C,0.0,27.68225112538326,0.0,1.0,0.0,1351.2636228311526,21678.788131481342,1351.2636228311526,Sainte-Agnès,6,06113,Sainte-Agnès
2021,10,61140000,061140000,C,5.0,94.3733597970542,3.421587734103319,1.0,3.421587734103319,5793.622003431225,146130.98913596405,5793.622003431225,Saint-André-de-la-Roche,6,06114,Saint-André-de-la-Roche
2021,10,61150000,061150000,C,0.0,12.403506761521584,0.0,1.0,0.0,108.84249685002122,365.0900280212474,108.84249685002122,Saint-Antonin,6,06115,Saint-Antonin
2021,10,61160000,061160000,C,0.0,7.338551998971877,0.0,1.0,0.0,245.03807675193175,373.15994375841103,245.03807675193175,Saint-Auban,6,06116,Saint-Auban
2021,10,61170000,061170000,C,0.0,14.723783917168724,0.0,1.0,0.0,1280.0093927963187,21850.58516695646,1280.0093927963187,Saint-Blaise,6,06117,Saint-Blaise
2021,10,61180000,061180000,C,2.0,36.28068967900148,14.748535317109928,1.0,14.748535317109928,4035.844418177937,13560.668615545703,4035.844418177937,Saint-Cézaire-sur-Siagne,6,06118,Saint-Cézaire-sur-Siagne
2021,10,61190000,061190000,C,0.0,57.4504946381235,0.0,1.0,0.0,118.90561603693772,640.799357541108,118.90561603693772,Saint-Dalmas-le-Selvage,6,06119,Saint-Dalmas-le-Selvage
2021,10,61200000,061200000,C,2.5,169.17329675948184,158.50979050733085,1.0,158.50979050733085,1475.85957070525,1577.189643616606,1475.85957070525,Saint-Étienne-de-Tinée,6,06120,Saint-Étienne-de-Tinée
2021,10,61210000,061210000,C,1.0,45.54995754058839,1.5054287448107737,1.0,1.5054287448107737,1664.270268099142,66426.25919340314,1664.270268099142,Saint-Jean-Cap-Ferrat,6,06121,Saint-Jean-Cap-Ferrat
2021,10,61220000,061220000,C,6.0,49.23665849845232,36.34848655979476,1.0,36.34848655979476,4437.954844872639,16506.877088623078,4437.954844872639,Saint-Jeannet,6,06122,Saint-Jeannet
2021,10,61230101,061230101,C,3.0,144.30973493328278,1.391444456117856,1.0,1.391444456117856,33.04930686846227,215603.28813771193,33.04930686846227,Le Lac,6,06123,Saint-Laurent-du-Var
2021,10,61230102,061230102,A,2.0,134.6884868316919,0.9913816380771406,1.0,0.9913816380771406,2723.9295061689927,201738.65675776996,2723.9295061689927,Les Paluds,6,06123,Saint-Laurent-du-Var
2021,10,61230103,061230103,A,11.0,145.51794697493628,5.068262475297642,1.0,5.068262475297642,2478.387328116781,217036.90473043243,2478.387328116781,Les Pomarels,6,06123,Saint-Laurent-du-Var
2021,10,61230104,061230104,A,12.5,132.65035799524995,6.294482659323372,1.0,6.294482659323372,2971.608141966169,198586.614286482,2971.608141966169,Les Galinières,6,06123,Saint-Laurent-du-Var
2021,10,61230105,061230105,A,5.0,140.18684629042085,2.413662255730718,1.0,2.413662255730718,2514.586004319187,207154.0866220443,2514.586004319187,Les Condamines,6,06123,Saint-Laurent-du-Var
2021,10,61230106,061230106,A,1.0,133.94998033415305,0.49433084730781657,1.0,0.49433084730781657,3063.59085738987,202293.66737805592,3063.59085738987,Les Jaquons,6,06123,Saint-Laurent-du-Var
2021,10,61230107,061230107,A,5.0,123.89400815876851,2.684581651114554,1.0,2.684581651114554,2840.8329217411274,186248.75864454178,2840.8329217411274,Centre Ville,6,06123,Saint-Laurent-du-Var
2021,10,61230108,061230108,A,2.0,130.4687617811375,1.035591835022929,1.0,1.035591835022929,2768.721627059472,193126.2812588435,2768.721627059472,Les Plans,6,06123,Saint-Laurent-du-Var
2021,10,61230109,061230109,A,3.0,115.59073799518669,1.7231249363665013,1.0,1.7231249363665013,6839.455443532614,174102.29152193715,6839.455443532614,Les Rascas-Les Pugets,6,06123,Saint-Laurent-du-Var
2021,10,61230110,061230110,A,0.0,83.2491314583855,0.0,1.0,0.0,2730.8116573106063,122766.28758587725,2730.8116573106063,Tuilière-La Tour-Les Iscles-Les Crottes,6,06123,Saint-Laurent-du-Var
2021,10,61230111,061230111,A,0.0,103.38137195692362,0.0,1.0,0.0,3931.320979678382,158289.4052973306,3931.320979678382,Le Grimond-Plateaux Fleuris-Vallière,6,06123,Saint-Laurent-du-Var
2021,10,61240000,061240000,C,0.0,4.211238515669237,0.0,1.0,0.0,71.08714270528846,209.87517089058005,71.08714270528846,Saint-Léger,6,06124,Saint-Léger
2021,10,61250000,061250000,C,0.0,16.55893510658065,0.0,1.0,0.0,194.14625594340387,480.56877440357385,194.14625594340387,Saint-Martin-d'Entraunes,6,06125,Saint-Martin-d'Entraunes
2021,10,61260000,061260000,C,2.0,40.56894206891252,5.521216520637802,1.0,5.521216520637802,3239.378954394622,36223.90088351331,3239.378954394622,Saint-Martin-du-Var,6,06126,Saint-Martin-du-Var
2021,10,61270000,061270000,C,1.0,78.64185980873536,39.73142276041507,1.0,39.73142276041507,1656.9873373866433,2516.8995483250424,1656.9873373866433,Saint-Martin-Vésubie,6,06127,Saint-Martin-Vésubie
2021,10,61280000,061280000,C,5.0,72.43927424185866,5.7356800648668225,1.0,5.7356800648668225,3431.7866655907833,87173.62097350693,3431.7866655907833,Saint-Paul-de-Vence,6,06128,Saint-Paul-de-Vence
2021,10,61290000,061290000,C,2.5,488.10923957934887,457.84142587030067,1.0,457.84142587030067,317.75520408559794,546.0405849575112,317.75520408559794,Saint-Sauveur-sur-Tinée,6,06129,Saint-Sauveur-sur-Tinée
2021,10,61300000,061300000,C,5.0,50.181279949415256,27.330238753622464,1.0,27.330238753622464,3525.183761189711,18294.754191773314,3525.183761189711,Saint-Vallier-de-Thiey,6,06130,Saint-Vallier-de-Thiey
2021,10,61310000,061310000,C,0.0,18.09335261463467,0.0,1.0,0.0,59.57739390578042,358.41211753557684,59.57739390578042,Sallagriffon,6,06131,Sallagriffon
2021,10,61320000,061320000,C,0.0,44.81152323013697,0.0,1.0,0.0,537.7643279378173,1526.097233469927,537.7643279378173,Saorge,6,06132,Saorge
2021,10,61330000,061330000,C,0.0,7.148666542290096,0.0,1.0,0.0,74.42618261054325,150.6578728673603,74.42618261054325,Sauze,6,06133,Sauze
2021,10,61340000,061340000,C,0.0,21.6096840058035,0.0,1.0,0.0,573.8156545678303,1339.5637594077225,573.8156545678303,Séranon,6,06134,Séranon
2021,10,61350000,061350000,C,0.0,76.3665376960322,0.0,1.0,0.0,217.54727505457134,675.6597436242043,217.54727505457134,Sigale,6,06135,Sigale
2021,10,61360000,061360000,C,4.0,59.204594457271675,52.611993256937495,1.0,52.611993256937495,4093.749732332803,7602.829226532971,4093.749732332803,Sospel,6,06136,Sospel
2021,10,61370000,061370000,C,3.0,51.362807210808626,10.578303489138946,1.0,10.578303489138946,1263.4387770780424,28359.935060288142,1263.4387770780424,Spéracèdes,6,06137,Spéracèdes
2021,10,61380000,061380000,C,4.0,81.36891979182208,78.21505616731919,1.0,78.21505616731919,1512.1771988084754,5114.104874441465,1512.1771988084754,Théoule-sur-Mer,6,06138,Théoule-sur-Mer
2021,10,61390000,061390000,C,0.0,11.493098161660084,0.0,1.0,0.0,137.35236457847046,205.3471789418491,137.35236457847046,Thiéry,6,06139,Thiéry
2021,10,61400000,061400000,C,2.0,48.380318451372624,7.789230363077034,1.0,7.789230363077034,3308.5650060674934,25676.477736241017,3308.5650060674934,Le Tignet,6,06140,Le Tignet
2021,10,61410000,061410000,C,0.0,4.6880857264886435,0.0,1.0,0.0,349.4458731262612,919.1768837161139,349.4458731262612,Toudon,6,06141,Toudon
2021,10,61420000,061420000,C,0.0,13.788787695877046,0.0,1.0,0.0,300.672093645881,4785.514619505595,300.672093645881,Touët-de-l'Escarène,6,06142,Touët-de-l'Escarène
2021,10,61430000,061430000,C,1.0,105.24659558262152,63.42339484813478,1.0,63.42339484813478,746.7163604027915,1576.7052558357477,746.7163604027915,Touët-sur-Var,6,06143,Touët-sur-Var
2021,10,61440000,061440000,C,0.0,0.0,0.0,1.0,0.0,616.2767666853158,642.8988305914711,616.2767666853158,La Tour,6,06144,La Tour
2021,10,61450000,061450000,C,0.0,8.507202144522225,0.0,1.0,0.0,156.1884246697225,1151.1427249327198,156.1884246697225,Tourette-du-Château,6,06145,Tourette-du-Château
2021,10,61460000,061460000,C,0.0,56.43313804505839,0.0,1.0,0.0,144.67441073873294,2390.7796392299274,144.67441073873294,Tournefort,6,06146,Tournefort
2021,10,61470000,061470000,C,3.5,45.41592369387404,5.433569123503584,1.0,5.433569123503584,4977.129004288778,64414.38252548056,4977.129004288778,Tourrette-Levens,6,06147,Tourrette-Levens
2021,10,61480000,061480000,C,3.0,48.71074888089847,41.25178485143712,1.0,41.25178485143712,4383.604361693114,7272.412601791911,4383.604361693114,Tourrettes-sur-Loup,6,06148,Tourrettes-sur-Loup
2021,10,61490101,061490101,A,0.0,81.22452815880021,0.0,1.0,0.0,2038.2671758839774,124671.2048485617,2038.2671758839774,La Plana,6,06149,La Trinité
2021,10,61490102,061490102,A,9.0,60.45110607344321,12.025204339881014,1.0,12.025204339881014,2966.0186159072437,74842.80304619798,2966.0186159072437,Centre,6,06149,La Trinité
2021,10,61490103,061490103,A,4.0,96.41968803751844,2.800993065962373,1.0,2.800993065962373,2312.140653103309,142806.49418979083,2312.140653103309,Le Rostit,6,06149,La Trinité
2021,10,61490104,061490104,A,0.0,55.490856440336536,0.0,1.0,0.0,3203.9529012280814,86760.29034649157,3203.9529012280814,Laghet-Périphérie,6,06149,La Trinité
2021,10,61500000,061500000,C,3.0,62.953550531081326,3.7381213667309465,1.0,3.7381213667309465,3126.573857151522,80254.21610704825,3126.573857151522,La Turbie,6,06150,La Turbie
2021,10,61510000,061510000,C,0.0,1.1344846285783539,0.0,1.0,0.0,864.1447954796839,1020.4155942626558,864.1447954796839,Utelle,6,06151,Utelle
2021,10,61520101,061520101,A,7.5,92.01150104324101,8.423002770582807,1.0,8.423002770582807,1986.8122121554181,89041.87976992744,1986.8122121554181,Le Village,6,06152,Valbonne
2021,10,61520102,061520102,A,2.0,98.73314379349709,1.6547295016852595,1.0,1.6547295016852595,2475.1848518496313,120865.6761097871,2475.1848518496313,Écarts Sud,6,06152,Valbonne
2021,10,61520103,061520103,A,14.0,100.4283512123772,11.904718352914843,1.0,11.904718352914843,4656.308956844035,117600.43022413993,4656.308956844035,Garbejaire-Haut Sartoux,6,06152,Valbonne
2021,10,61520104,061520104,A,1.0,74.04597908790332,1.3474565444488482,1.0,1.3474565444488482,2656.508184092033,74213.89610816957,2656.508184092033,Île Verte-Nord-Est,6,06152,Valbonne
2021,10,61530000,061530000,C,2.0,225.2918901226316,186.2238350497434,1.0,186.2238350497434,878.5831196760237,1073.9763787303423,878.5831196760237,Valdeblore,6,06153,Valdeblore
2021,10,61540000,061540000,C,1.0,102.83662334753339,102.83662334753339,1.0,102.83662334753339,537.62095254709,972.4162146208643,537.62095254709,Valderoure,6,06154,Valderoure
2021,10,61550101,061550101,A,0.0,100.15232860988576,0.0,1.0,0.0,3148.4430335696293,137960.94829736423,3148.4430335696293,Les Impiniers-Font de Cine-Vaucontrade,6,06155,Vallauris
2021,10,61550102,061550102,A,0.0,103.189203474534,0.0,1.0,0.0,1167.2140034547945,138124.49981954184,1167.2140034547945,Subreville-La Fuont,6,06155,Vallauris
2021,10,61550103,061550103,A,0.0,103.68530862365857,0.0,1.0,0.0,1642.887519792527,136925.56392864403,1642.887519792527,Les Issarts,6,06155,Vallauris
2021,10,61550104,061550104,A,4.0,108.26448714165299,2.783660285854852,1.0,2.783660285854852,3099.052182462579,143695.69520842642,3099.052182462579,Vallauris Centre,6,06155,Vallauris
2021,10,61550105,061550105,A,1.0,87.94991603192813,0.8646910223213069,1.0,0.8646910223213069,3711.541600082915,115648.24592667208,3711.541600082915,Riquebonne-Ferratone-Pizou,6,06155,Vallauris
2021,10,61550106,061550106,A,1.0,88.01370992420023,0.8314302002774699,1.0,0.8314302002774699,5446.21885440463,120274.67845963185,5446.21885440463,Brusquet-Retenaou-Devens,6,06155,Vallauris
2021,10,61550107,061550107,A,0.0,111.13515300044581,0.0,1.0,0.0,3072.5486503229195,148282.728928056,3072.5486503229195,Les Paluds-Lauvert,6,06155,Vallauris
2021,10,61550108,061550108,A,4.0,107.30266608714885,2.7989520454850827,1.0,2.7989520454850827,3676.1386131242207,142910.62994281366,3676.1386131242207,Gabelle-Courcettes-Les Clos,6,06155,Vallauris
2021,10,61550109,061550109,A,3.0,95.59327653043475,2.394297213759367,1.0,2.394297213759367,2691.390666751964,125297.72756530916,2691.390666751964,La Mer-Le Puadon-Cannes Eden,6,06155,Vallauris
2021,10,61550110,061550110,A,4.0,83.49775169619959,3.770016282809801,1.0,3.770016282809801,3403.175214694429,106100.33750355031,3403.175214694429,La Maure-Super Cannes,6,06155,Vallauris
2021,10,61560000,061560000,C,0.0,27.367752868069587,0.0,1.0,0.0,219.42871849352866,996.9858664844811,219.42871849352866,Venanson,6,06156,Venanson
2021,10,61570101,061570101,A,9.5,71.3589543445469,14.945095931291586,1.0,14.945095931291586,1951.07194993155,63566.00214327959,1951.07194993155,Saint-Martin,6,06157,Vence
2021,10,61570102,061570102,A,4.0,71.08044559463949,5.861415978196121,1.0,5.861415978196121,2956.972763931502,68242.89582721305,2956.972763931502,Sainte-Anne,6,06157,Vence
2021,10,61570103,061570103,A,1.0,42.812602739707664,2.7484449693145043,1.0,2.7484449693145043,3638.373299762124,36384.21038677053,3638.373299762124,Plan de Noves,6,06157,Vence
2021,10,61570104,061570104,A,7.0,59.67707086041869,13.367801335532425,1.0,13.367801335532425,2906.324665572489,52364.632180713044,2906.324665572489,Notre-Dame,6,06157,Vence
2021,10,61570105,061570105,A,1.0,65.82018414884134,1.2569214177685097,1.0,1.2569214177685097,4109.898048622608,79559.46854460973,4109.898048622608,Sainte-Élisabeth,6,06157,Vence
2021,10,61570106,061570106,A,0.0,73.01596281932973,0.0,1.0,0.0,2901.730214794021,78245.48285563664,2901.730214794021,Centre Ville,6,06157,Vence
2021,10,61570107,061570107,A,0.0,51.41483381379614,0.0,1.0,0.0,2848.8705217811294,61368.65375279793,2848.8705217811294,Sainte-Colombe,6,06157,Vence
2021,10,61580000,061580000,C,2.0,158.80250175105695,142.84308146617772,1.0,142.84308146617772,787.4956854356792,1400.1378151965719,787.4956854356792,Villars-sur-Var,6,06158,Villars-sur-Var
2021,10,61590101,061590101,A,0.0,89.55580465263213,0.0,1.0,0.0,2270.121656862042,137298.3789029609,2270.121656862042,Col de Villefranche,6,06159,Villefranche-sur-Mer
2021,10,61590102,061590102,A,8.0,75.3723924552411,7.138671009630409,1.0,7.138671009630409,2313.115127976821,112065.6770596042,2313.115127976821,Le Port,6,06159,Villefranche-sur-Mer
2021,10,61590103,061590103,D,0.0,66.98711701933418,0.0,1.0,0.0,1389.5044500325448,95720.20528480112,1389.5044500325448,Mont Leuze,6,06159,Villefranche-sur-Mer
2021,10,61600000,061600000,C,0.0,37.19491579234132,0.0,1.0,0.0,119.59453246372198,618.7060113163448,119.59453246372198,Villeneuve-d'Entraunes,6,06160,Villeneuve-d'Entraunes
2021,10,61610101,061610101,D,0.0,92.18937358009124,0.0,1.0,0.0,776.0764612635302,122637.17639352175,776.0764612635302,Route de Grasse,6,06161,Villeneuve-Loubet
2021,10,61610102,061610102,A,2.0,101.32175375681521,1.414891393200373,1.0,1.414891393200373,1957.125396536645,141353.60562736602,1957.125396536645,Espères,6,06161,Villeneuve-Loubet
2021,10,61610103,061610103,A,1.0,117.69068151003029,0.6087577400901444,1.0,0.6087577400901444,1990.0854176783776,164268.95859294056,1990.0854176783776,Village,6,06161,Villeneuve-Loubet
2021,10,61610104,061610104,A,3.0,133.51438929404716,1.5909140430615598,1.0,1.5909140430615598,2217.225584109341,188570.84159159163,2217.225584109341,Les Bouches du Loup,6,06161,Villeneuve-Loubet
2021,10,61610105,061610105,A,5.0,146.68128635495606,2.438846654094842,1.0,2.438846654094842,3977.633693949837,205014.93981201982,3977.633693949837,Marina,6,06161,Villeneuve-Loubet
2021,10,61610106,061610106,A,0.0,106.13548179822129,0.0,1.0,0.0,3823.0786684843597,148752.49776153453,3823.0786684843597,Vaugrenier,6,06161,Villeneuve-Loubet
2021,10,61610107,061610107,A,0.0,117.04034999935908,0.0,1.0,0.0,2781.820360372948,162704.4359742856,2781.820360372948,Plan,6,06161,Villeneuve-Loubet
2021,10,61620000,061620000,C,0.5,59.947025561690275,24.762201303724602,1.0,24.762201303724602,848.4498898046528,2019.2065877632317,848.4498898046528,La Brigue,6,06162,La Brigue
2021,10,61630000,061630000,C,2.0,85.08403166936459,68.58185595769184,1.0,68.58185595769184,2390.3750835224996,2916.2232081234433,2390.3750835224996,Tende,6,06163,Tende
