,IRIS1,TYP_IRIS,NB,APL,LIB_IRIS,DEPCOM,LIBCOM
0,60010000,Z,0.0,0.0,Aiglun (commune non irisée),06001,Aiglun
1,60020000,Z,0.0,0.0,Amirat (commune non irisée),06002,Amirat
2,60030000,Z,0.0,19.307054406876123,Andon (commune non irisée),06003,Andon
3,60040101,A,0.0,187.7989749288131,Les Trois Moulins,06004,Antibes
4,60040102,H,2.0,154.79962976527395,Les Semboules,06004,Antibes
5,60040103,H,0.0,60.52259076255343,Le Cap,06004,Antibes
6,60040104,H,1.0,178.1677322618209,Les Cougoulins-Rastines,06004,Antibes
7,60040105,H,2.0,122.18807221911251,La Constance-Le Puy,06004,Antibes
8,60040106,H,8.83,116.3314211130994,Les Groules-Les Bréguières,06004,Antibes
9,60040107,H,4.5,107.74517885400608,Azurville-Val Claret,06004,Antibes
10,60040108,H,0.0,110.1515647014696,La Fontonne,06004,Antibes
11,60040109,H,2.0,145.65378384529805,Les Combes,06004,Antibes
12,60040110,H,0.0,114.18755972034516,Rabiac-La Paganne,06004,Antibes
13,60040111,H,0.0,113.91683515283422,La Colle,06004,Antibes
14,60040112,H,2.66,116.57403780616367,Les Prugnons,06004,Antibes
15,60040113,A,0.0,82.87003712048947,Port Vauban,06004,Antibes
16,60040114,H,11.0,131.45462447414687,Lagare,06004,Antibes
17,60040115,H,2.5,87.03979676106194,Vieille Ville,06004,Antibes
18,60040116,H,3.0,143.23841397165077,Les Bastides,06004,Antibes
19,60040117,H,1.0,139.3326737167226,Fontmerle,06004,Antibes
20,60040118,H,0.5,119.23777324616786,Laval,06004,Antibes
21,60040119,H,0.0,140.05887564794057,L'Estagnol,06004,Antibes
22,60040120,H,0.0,120.87599097441644,Saint-Jean,06004,Antibes
23,60040121,H,0.0,104.26170123722139,La Badine,06004,Antibes
24,60040122,H,4.0,123.11762490196746,Saint-Maymes-Lauvert,06004,Antibes
25,60040123,H,22.0,124.99865957726193,Place de Gaulle,06004,Antibes
26,60040124,H,3.0,96.32406702213027,Ponteil,06004,Antibes
27,60040125,H,9.0,99.91749085025873,Juan Les Pins-Gallice,06004,Antibes
28,60040126,H,3.0,116.20335970995797,Pont du Lys-Antibes-Les Pins,06004,Antibes
29,60050000,Z,0.0,0.0,Ascros (commune non irisée),06005,Ascros
30,60060000,Z,2.33,40.9348768284805,Aspremont (commune non irisée),06006,Aspremont
31,60070000,Z,4.0,71.48549319305931,Auribeau-sur-Siagne (commune non irisée),06007,Auribeau-sur-Siagne
32,60080000,Z,0.0,0.0,Auvare (commune non irisée),06008,Auvare
33,60090000,Z,0.0,2.216828854969872,Bairols (commune non irisée),06009,Bairols
34,60100000,Z,3.0,60.48622458039718,Le Bar-sur-Loup (commune non irisée),06010,Le Bar-sur-Loup
35,60110000,Z,5.0,62.382038366449,Beaulieu-sur-Mer (commune non irisée),06011,Beaulieu-sur-Mer
36,60120101,H,0.0,73.56397344309542,Beausoleil Supérieur,06012,Beausoleil
37,60120102,H,6.5,93.74370784463866,Tenao Inférieur,06012,Beausoleil
38,60120103,H,1.0,78.34944057170932,Moneghetti Ouest,06012,Beausoleil
39,60120104,H,2.0,68.7785315003313,Moneghetti Est,06012,Beausoleil
40,60120105,H,9.0,87.41240024925962,Centre,06012,Beausoleil
41,60130000,Z,0.0,44.056917074494535,Belvédère (commune non irisée),06013,Belvédère
42,60140000,Z,0.0,20.92196997722664,Bendejun (commune non irisée),06014,Bendejun
43,60150000,Z,0.0,19.969787333643332,Berre-les-Alpes (commune non irisée),06015,Berre-les-Alpes
44,60160000,Z,0.0,4.794714762302729,Beuil (commune non irisée),06016,Beuil
45,60170000,Z,0.0,14.73131877668547,Bézaudun-les-Alpes (commune non irisée),06017,Bézaudun-les-Alpes
46,60180101,H,8.0,94.98226470911985,Village-Saint-Julien-Saint-Pierre,06018,Biot
47,60180102,H,0.0,63.79735485121908,Vallée Verte-Issarts-Vignasses,06018,Biot
48,60180103,H,2.0,125.49276552692868,Bois Fleuri-Chèvre d'Or-Saint-Philippe,06018,Biot
49,60190000,Z,2.5,52.674916435423704,Blausasc (commune non irisée),06019,Blausasc
50,60200000,Z,0.0,43.221480067953536,La Bollène-Vésubie (commune non irisée),06020,La Bollène-Vésubie
51,60210000,Z,0.0,18.27334832475382,Bonson (commune non irisée),06021,Bonson
52,60220000,Z,1.0,50.0691034919724,Bouyon (commune non irisée),06022,Bouyon
53,60230000,Z,3.0,120.043513576001,Breil-sur-Roya (commune non irisée),06023,Breil-sur-Roya
54,60240000,Z,0.0,0.0,Briançonnet (commune non irisée),06024,Briançonnet
55,60250000,Z,0.0,13.953691562866933,Le Broc (commune non irisée),06025,Le Broc
56,60260000,Z,1.0,64.96290218173864,Cabris (commune non irisée),06026,Cabris
57,60270101,H,9.33,155.61206571463936,Le Centre-Le Haut de Cagnes,06027,Cagnes-sur-Mer
58,60270102,H,4.5,139.86786653292287,La Gare,06027,Cagnes-sur-Mer
59,60270103,H,18.25,177.7384976220392,L'Hubac,06027,Cagnes-sur-Mer
60,60270104,H,4.5,125.16868838760746,Saint-Jean,06027,Cagnes-sur-Mer
61,60270105,H,0.0,141.30262247288744,Saint-Véran,06027,Cagnes-sur-Mer
62,60270106,D,3.0,157.87634864597754,Hippodrome,06027,Cagnes-sur-Mer
63,60270107,H,6.0,169.40588083243216,Juin-Kennedy,06027,Cagnes-sur-Mer
64,60270108,H,0.0,115.46412648104034,Le Cros de Cagnes,06027,Cagnes-sur-Mer
65,60270109,H,1.0,134.80925586783542,Les Vespins,06027,Cagnes-sur-Mer
66,60270110,H,3.0,123.14241447710963,Bréguières Sud,06027,Cagnes-sur-Mer
67,60270111,H,1.0,101.34859095989628,Bréguières Nord,06027,Cagnes-sur-Mer
68,60270112,H,3.0,69.86577939473422,Le Nord-Est,06027,Cagnes-sur-Mer
69,60270113,H,2.0,115.18524241516485,Les Gros Buaux,06027,Cagnes-sur-Mer
70,60270114,H,2.0,103.96416903656238,Les Colettes,06027,Cagnes-sur-Mer
71,60270115,H,0.0,99.21796225100823,Le Nord-Ouest,06027,Cagnes-sur-Mer
72,60270116,H,2.0,141.9439964640356,Le Village du Cros,06027,Cagnes-sur-Mer
73,60270117,H,3.0,137.73323477071145,RN7,06027,Cagnes-sur-Mer
74,60280000,Z,0.0,37.55697800203955,Caille (commune non irisée),06028,Caille
75,60290101,H,4.0,95.8236909738727,Moure Rouge,06029,Cannes
76,60290102,H,4.0,118.40912612366891,La Source,06029,Cannes
77,60290103,H,2.0,99.7676766220964,La Californie,06029,Cannes
78,60290104,H,0.25,114.65077460077553,Montfleury,06029,Cannes
79,60290105,H,0.0,126.18296396472347,La Peyrière,06029,Cannes
80,60290106,H,5.5,123.13385018516574,Terrefial,06029,Cannes
81,60290107,H,7.5,142.61364316704436,Camp Long,06029,Cannes
82,60290108,H,1.0,121.67899123080315,Carnot,06029,Cannes
83,60290109,H,1.5,122.02851831747333,Saint-Nicolas,06029,Cannes
84,60290110,H,5.5,126.80096763421058,Gare,06029,Cannes
85,60290111,H,18.0,123.62651465083066,Croisette-Palm-Beach,06029,Cannes
86,60290112,H,5.5,136.03918647277305,Petit Juas,06029,Cannes
87,60290113,H,1.0,107.87036993951344,Vallergues,06029,Cannes
88,60290114,H,3.0,121.68952262031394,Broussailles,06029,Cannes
89,60290115,H,2.0,111.45154584692708,Tassigny,06029,Cannes
90,60290116,H,1.0,124.23221304941349,Stanislas,06029,Cannes
91,60290117,H,4.0,125.66115181140941,Le Vieux Port-Les îles,06029,Cannes
92,60290118,H,1.0,129.21466545943395,Le Grand Jas,06029,Cannes
93,60290119,H,2.0,114.19628350028852,Le Riou,06029,Cannes
94,60290120,H,0.0,87.52922671565919,Croix des Gardes,06029,Cannes
95,60290121,H,6.5,93.30262122065655,Pierre Longue,06029,Cannes
96,60290122,H,0.0,93.11241974540317,Font de Veyre,06029,Cannes
97,60290123,H,4.5,108.47199231469924,Saint-Joseph,06029,Cannes
98,60290124,A,3.0,112.09832680699454,Saint-Cassien-Bastide Rouge,06029,Cannes
99,60290125,H,8.0,121.00393330735683,Bocca Centre,06029,Cannes
100,60290126,H,0.0,118.71003063381015,Les Mûriers,06029,Cannes
101,60290127,H,1.0,117.53271555118532,Le Plan,06029,Cannes
102,60290128,H,1.0,116.08663460855709,Colline des Puits,06029,Cannes
103,60290130,H,0.0,107.7598883592485,Ranguin,06029,Cannes
104,60290131,H,0.0,94.06084260883269,Le Grand Saule,06029,Cannes
105,60290132,H,0.0,133.8111817829588,Pont d'Avril-L'Abadie,06029,Cannes
106,60300101,H,2.0,113.77716541170467,Garibondy,06030,Le Cannet
107,60300102,H,0.0,117.54297309641653,Hauts de Saint-Jean-Hauts de l'Aubarède,06030,Le Cannet
108,60300103,H,0.5,116.80608413148936,Mirandoles,06030,Le Cannet
109,60300104,H,5.0,121.77852799175177,Mimosas,06030,Le Cannet
110,60300105,H,1.0,137.04441388033274,Blanchisserie,06030,Le Cannet
111,60300106,H,6.58,123.05975705069788,Four à Chaux,06030,Le Cannet
112,60300107,H,4.0,145.03303094083319,Colombier,06030,Le Cannet
113,60300108,H,3.0,137.0848196443409,Maurice Jeanpierre,06030,Le Cannet
114,60300109,H,2.5,144.36963570931607,Cougoussoles,06030,Le Cannet
115,60300110,H,5.0,134.128506206704,Europe,06030,Le Cannet
116,60300111,H,3.5,136.5421650911784,Tignes et Sévigné,06030,Le Cannet
117,60300112,H,4.0,146.49378957039892,Moulières,06030,Le Cannet
118,60300113,H,2.0,135.1296021230646,Aubanel,06030,Le Cannet
119,60300114,H,6.0,118.57748343416391,Sainte-Catherine,06030,Le Cannet
120,60300115,H,0.0,121.6861304113144,Dolce Farniente,06030,Le Cannet
121,60300116,H,3.5,112.69546169271834,Vieux Cannet,06030,Le Cannet
122,60300117,H,0.0,111.66274384737002,Collines,06030,Le Cannet
123,60310000,Z,0.0,106.91727410330968,Cantaron (commune non irisée),06031,Cantaron
124,60320000,Z,3.0,59.2307806605459,Cap-d'Ail (commune non irisée),06032,Cap-d'Ail
125,60330101,H,0.0,85.35691548455952,Ville Nouvelle-La Plaine-Le Planet,06033,Carros
126,60330102,H,3.0,67.01453471039952,Ville Nouvelle-Eusière-Cigales-Espère,06033,Carros
127,60330103,H,3.0,80.54049900537423,Ville Nouvelle-Les Arbousiers-L'Aspre,06033,Carros
128,60330104,A,0.0,44.11920502173009,Les Terriers,06033,Carros
129,60330105,H,0.0,48.36889587924667,Les Écarts-Village-Plans de Carros,06033,Carros
130,60340000,Z,0.0,31.561623913530138,Castagniers (commune non irisée),06034,Castagniers
131,60350000,Z,0.0,42.48210766451842,Castellar (commune non irisée),06035,Castellar
132,60360000,Z,0.0,39.99851160734162,Castillon (commune non irisée),06036,Castillon
133,60370000,Z,0.0,17.621437871957745,Caussols (commune non irisée),06037,Caussols
134,60380000,Z,4.0,84.24128689168295,Châteauneuf-Grasse (commune non irisée),06038,Châteauneuf-Grasse
135,60390000,Z,0.0,22.00418903961597,Châteauneuf-Villevieille (commune non irisée),06039,Châteauneuf-Villevieille
136,60400000,Z,0.0,3.3052571805690256,Châteauneuf-d'Entraunes (commune non irisée),06040,Châteauneuf-d'Entraunes
137,60410000,Z,0.0,0.5387961509432474,Cipières (commune non irisée),06041,Cipières
138,60420000,Z,0.0,2.7845268939753987,Clans (commune non irisée),06042,Clans
139,60430000,Z,0.0,6.354884817777233,Coaraze (commune non irisée),06043,Coaraze
140,60440101,H,1.5,98.93368525391797,Quartiers Est-Les Salettes-Les Campons,06044,La Colle-sur-Loup
141,60440102,H,2.0,100.7661171045163,Village Centre,06044,La Colle-sur-Loup
142,60440103,H,4.0,79.29510894896609,Quartiers Ouest-Montgros-Montmeuille,06044,La Colle-sur-Loup
143,60450000,Z,0.0,0.0,Collongues (commune non irisée),06045,Collongues
144,60460000,Z,3.0,53.09398314915513,Colomars (commune non irisée),06046,Colomars
145,60470000,Z,0.0,7.554304344185837,Conségudes (commune non irisée),06047,Conségudes
146,60480101,H,6.0,58.68115423955396,Contes Sud-Village-Pointe,06048,Contes
147,60480102,H,2.0,35.18847820957731,Contes Nord et Hameaux,06048,Contes
148,60490000,Z,0.0,3.5595931191168093,Courmes (commune non irisée),06049,Courmes
149,60500000,Z,0.0,10.35704766021672,Coursegoules (commune non irisée),06050,Coursegoules
150,60510000,Z,0.0,2.5741406896946706,La Croix-sur-Roudoule (commune non irisée),06051,La Croix-sur-Roudoule
151,60520000,Z,0.0,0.0,Cuébris (commune non irisée),06052,Cuébris
152,60530000,Z,0.0,4.615934487690585,Daluis (commune non irisée),06053,Daluis
153,60540000,Z,1.0,101.52869238437137,Drap (commune non irisée),06054,Drap
154,60550000,Z,0.0,18.881636162516124,Duranus (commune non irisée),06055,Duranus
155,60560000,Z,0.0,0.0,Entraunes (commune non irisée),06056,Entraunes
156,60570000,Z,4.0,49.26558638566472,L'Escarène (commune non irisée),06057,L'Escarène
157,60580000,Z,0.0,22.098923162676726,Escragnolles (commune non irisée),06058,Escragnolles
158,60590000,Z,2.0,73.0352871783708,Èze (commune non irisée),06059,Èze
159,60600000,Z,3.5,56.17220232366735,Falicon (commune non irisée),06060,Falicon
160,60610000,Z,0.0,16.61186814457424,Les Ferres (commune non irisée),06061,Les Ferres
161,60620000,Z,0.0,37.84594387628562,Fontan (commune non irisée),06062,Fontan
162,60630000,Z,0.0,0.0,Gars (commune non irisée),06063,Gars
163,60640000,Z,1.33,54.21904769992999,Gattières (commune non irisée),06064,Gattières
164,60650101,H,3.0,53.722236453628476,Nord,06065,La Gaude
165,60650102,H,0.0,31.91666649628678,Sud,06065,La Gaude
166,60660000,Z,2.0,57.15482275702044,Gilette (commune non irisée),06066,Gilette
167,60670000,Z,0.0,13.081092119568822,Gorbio (commune non irisée),06067,Gorbio
168,60680000,Z,0.0,19.2768101687812,Gourdon (commune non irisée),06068,Gourdon
169,60690101,H,3.0,89.39780155537181,Centre Ville Nord,06069,Grasse
170,60690102,H,3.0,76.79917849673859,Saint-François,06069,Grasse
171,60690103,H,2.0,121.44936223919859,Centre Ville Sud-Ouest,06069,Grasse
172,60690104,H,0.0,126.20721158380431,Saint-Antoine,06069,Grasse
173,60690105,H,4.0,123.84061472704575,Saint-Jacques Nord,06069,Grasse
174,60690106,H,0.0,112.99993114455486,Saint-Claude (canton Nord),06069,Grasse
175,60690107,H,2.0,113.70826334042701,Le Plan,06069,Grasse
176,60690108,H,0.0,109.88225456167955,Saint-Claude (canton Sud),06069,Grasse
177,60690109,H,9.5,116.8062530814166,Centre Ville Sud-Est,06069,Grasse
178,60690110,H,1.5,109.8772071119864,Saint-Mathieu,06069,Grasse
179,60690111,H,3.0,92.14695595694134,Secteur Sauvegardé,06069,Grasse
180,60690112,H,5.0,111.38582436783004,Plascassier,06069,Grasse
181,60690113,H,11.0,130.23903932925046,Les Aspres,06069,Grasse
182,60690114,H,0.0,97.1617600859196,Saint-Jacques Sud,06069,Grasse
183,60690115,H,1.0,31.490631856048537,Roquevignon-La Marbrière,06069,Grasse
184,60690116,H,0.0,82.47427828386685,Magagnosc,06069,Grasse
185,60690117,H,0.0,92.80983003237536,Saint-Jean-Saint-Christophe,06069,Grasse
186,60700000,Z,0.0,3.322056162122627,Gréolières (commune non irisée),06070,Gréolières
187,60710000,Z,0.0,27.099471843668216,Guillaumes (commune non irisée),06071,Guillaumes
188,60720000,Z,0.0,2.0341498840080936,Ilonse (commune non irisée),06072,Ilonse
189,60730000,Z,1.0,149.65893561765847,Isola (commune non irisée),06073,Isola
190,60740000,Z,0.5,76.47090805478342,Lantosque (commune non irisée),06074,Lantosque
191,60750000,Z,5.0,80.08162175530342,Levens (commune non irisée),06075,Levens
192,60760000,Z,0.0,4.950636100701125,Lieuche (commune non irisée),06076,Lieuche
193,60770000,Z,0.0,14.579007896249975,Lucéram (commune non irisée),06077,Lucéram
194,60780000,Z,0.0,58.085337389632315,Malaussène (commune non irisée),06078,Malaussène
195,60790101,A,0.0,134.2782816023899,Les Tourrades-Pont de Siagne ou la Canardière,06079,Mandelieu-la-Napoule
196,60790102,H,0.0,119.39106430055385,Le Gavelier-La Tour,06079,Mandelieu-la-Napoule
197,60790103,H,1.0,22.494747230625396,Le Roc Fleuri-Capitou-Jeanne d'Arc,06079,Mandelieu-la-Napoule
198,60790104,H,2.0,51.038534321063906,Le Grand Duc-Minelle,06079,Mandelieu-la-Napoule
199,60790105,H,4.0,70.07556799092664,Maure Vieille-La Napoule,06079,Mandelieu-la-Napoule
200,60790106,H,1.0,105.39484083431479,Cannes Marina-La Roubine,06079,Mandelieu-la-Napoule
201,60790107,H,2.0,112.65871676367718,Le Cottage,06079,Mandelieu-la-Napoule
202,60790108,H,6.0,110.05830251705625,Le Centre Ville,06079,Mandelieu-la-Napoule
203,60790109,H,9.5,118.11658223400671,Les Termes,06079,Mandelieu-la-Napoule
204,60800000,Z,0.0,21.66625732427292,Marie (commune non irisée),06080,Marie
205,60810000,Z,0.0,0.0,Le Mas (commune non irisée),06081,Le Mas
206,60820000,Z,0.0,39.42526022763205,Massoins (commune non irisée),06082,Massoins
207,60830101,H,1.33,115.50598996179868,Madone-Carnoles,06083,Menton
208,60830102,H,0.0,97.46644883890764,Riviera,06083,Menton
209,60830103,H,7.0,130.25525889661932,Bioves-Casino,06083,Menton
210,60830104,H,10.33,129.531540388629,Hôtel de Ville,06083,Menton
211,60830105,H,1.0,113.47308710096152,Vieille Ville-Musée,06083,Menton
212,60830106,H,0.0,82.6737895906488,Terres Chaudes,06083,Menton
213,60830201,H,0.0,71.12226412908707,Vallée de Gorbio,06083,Menton
214,60830202,H,0.0,91.56530729735849,Haut Borrigo,06083,Menton
215,60830203,H,4.0,80.91618305456784,Saint-Paul-Garavan,06083,Menton
216,60830204,H,0.0,67.29987843764366,Ciappes-Fossan,06083,Menton
217,60830205,H,2.5,79.3247574011497,Mont Gros,06083,Menton
218,60830206,H,1.5,51.993621398591245,Carei-Monti,06083,Menton
219,60840101,H,2.0,92.85878260916235,Les Aspres-Plan Sarrain,06084,Mouans-Sartoux
220,60840102,H,5.5,81.89195828844105,Grand-Pièce-Les Plaines,06084,Mouans-Sartoux
221,60840103,H,2.0,115.56094321448025,Les Indes-les Groulles,06084,Mouans-Sartoux
222,60840104,H,2.0,111.56830000486099,Les Plantiers-Le Plan,06084,Mouans-Sartoux
223,60850101,H,6.0,114.48221758385023,Village-Le Val-Cabrières,06085,Mougins
224,60850102,H,0.0,119.03020419592599,Aubarède-Campelières,06085,Mougins
225,60850103,H,0.0,108.53766352351583,Pibonson-Les Faïsses-Ranguin,06085,Mougins
226,60850104,H,1.0,94.08594641838329,Saint-Martin-Le Miracle,06085,Mougins
227,60850105,H,10.0,158.94168430673474,Les Colles-Camp Lauvas-Font de l'Orme,06085,Mougins
228,60850107,H,1.0,98.28082227187295,Valmasque-Notre-Dame de Vie,06085,Mougins
229,60850108,H,1.5,81.00241350129376,Mougins le Haut,06085,Mougins
230,60860000,Z,0.0,8.07454374226771,Moulinet (commune non irisée),06086,Moulinet
231,60870000,Z,0.0,0.0,Les Mujouls (commune non irisée),06087,Les Mujouls
232,60880101,H,2.0,116.16443126057068,Saleya-Château,06088,Nice
233,60880102,H,0.0,87.72965424087846,Vieux Nice-Sainte-Réparate,06088,Nice
234,60880103,H,5.0,90.61764710096841,Vieux Nice-Visitation,06088,Nice
235,60880201,H,3.0,190.16538252017676,Garibaldi,06088,Nice
236,60880202,H,3.0,124.8608738710078,Port,06088,Nice
237,60880203,H,3.0,134.63903328142644,Cassini,06088,Nice
238,60880204,H,3.0,154.75575103389534,Barla,06088,Nice
239,60880205,H,1.0,147.62048970135172,Riquier-Fontaine de la Ville,06088,Nice
240,60880206,H,6.0,138.1128523629697,Bonaparte,06088,Nice
241,60880301,H,8.99,168.82324281469636,République,06088,Nice
242,60880302,H,0.0,171.48261235203046,Pierre Sola,06088,Nice
243,60880303,H,3.0,156.4764789778833,TNL-Beaumont,06088,Nice
244,60880304,H,10.0,153.17131709738342,Riquier-Arson,06088,Nice
245,60880305,H,1.0,140.74157549993794,Riquier,06088,Nice
246,60880401,H,2.0,70.10400249456497,Mont Boron,06088,Nice
247,60880402,H,0.0,101.97544946176741,Carnot,06088,Nice
248,60880403,H,2.0,100.75506602276268,Mont Alban,06088,Nice
249,60880404,H,0.0,117.96276971206451,Bischoffsheim,06088,Nice
250,60880501,H,0.0,149.66619135079628,Diables Bleus,06088,Nice
251,60880502,H,0.0,150.12329431496084,Saint-Jean d'Angély,06088,Nice
252,60880503,H,1.0,132.7552642159994,Saint-Roch-Jean XXIII,06088,Nice
253,60880504,H,3.0,131.3546625003306,Vauban,06088,Nice
254,60880505,H,1.0,136.20380642384853,Saint-Roch-Ricolfi,06088,Nice
255,60880506,H,0.0,129.94282699159476,Saint-Charles,06088,Nice
256,60880507,H,5.0,120.58049052576779,Roquebillière,06088,Nice
257,60880508,H,0.0,129.04948233081348,Pierre Semard,06088,Nice
258,60880509,H,2.0,134.03087327199398,Mont Gros,06088,Nice
259,60880601,H,2.0,161.75438339238175,Lyautey-Gendarmerie,06088,Nice
260,60880602,H,0.0,173.45140591490545,Paschetta,06088,Nice
261,60880603,H,2.5,147.29535989169412,Pasteur,06088,Nice
262,60880604,H,0.0,117.1192901844242,Pasteur-Voie Romaine,06088,Nice
263,60880605,H,0.0,147.0428596717415,Pasteur-Saint-Pons,06088,Nice
264,60880701,H,0.0,107.12160044657183,Route de Turin,06088,Nice
265,60880702,H,5.0,100.83445644178505,Bon Voyage,06088,Nice
266,60880801,H,0.0,72.72021014304873,Vinaigrier,06088,Nice
267,60880901,H,0.0,126.4545723147738,Ariane-Les Chênes,06088,Nice
268,60880902,H,7.0,117.66202809173205,Ariane-Monzie,06088,Nice
269,60880903,H,1.0,100.003225829087,La Lauvette,06088,Nice
270,60880904,H,3.5,121.65282071369481,Ariane-Ripert,06088,Nice
271,60880905,H,2.0,102.5758790090944,Ariane-Saramito,06088,Nice
272,60881001,H,0.0,133.24489772864496,Cimiez-Monastère,06088,Nice
273,60881002,H,2.0,110.70814576305744,Brancolar-Régina,06088,Nice
274,60881003,H,1.0,121.50253007462317,Brancolar-Scudéri,06088,Nice
275,60881004,H,5.5,145.06397118184222,Cap de Croix,06088,Nice
276,60881005,H,10.5,109.31657288489295,Rimiez,06088,Nice
277,60881101,H,1.0,157.4947331793743,Puget,06088,Nice
278,60881102,H,3.0,152.2284405897917,Parc Chambrun,06088,Nice
279,60881103,H,4.0,139.62074226669213,Le Ray-Gravier-Dunant,06088,Nice
280,60881104,H,0.0,135.08010204254097,Gravier,06088,Nice
281,60881105,H,0.0,91.69275413433009,Henry Dunant,06088,Nice
282,60881201,H,3.0,168.29855919165286,Nice Nord-Saqui,06088,Nice
283,60881202,H,0.0,140.53087916358595,Comte de Falicon,06088,Nice
284,60881203,H,2.0,99.2084599027325,Cernuschi,06088,Nice
285,60881204,H,1.0,91.91835543912083,Las Planas-La Vallière,06088,Nice
286,60881301,H,1.0,132.27302715122562,Cessole,06088,Nice
287,60881302,H,9.0,145.6556835893938,Saint-Barthélemy,06088,Nice
288,60881303,H,6.0,118.40473700463994,Gorbella,06088,Nice
289,60881304,H,1.0,147.86229369055707,Saint-Sylvestre,06088,Nice
290,60881305,H,2.5,143.7921835338313,Villa Arson,06088,Nice
291,60881306,H,2.0,118.51090042139909,Cyrnos,06088,Nice
292,60881307,H,0.0,91.76842116822303,Cyrille Besset-La Forêt,06088,Nice
293,60881308,H,4.0,44.5832499063819,La Clua,06088,Nice
294,60881309,H,2.5,139.54916043853333,Canavese,06088,Nice
295,60881401,H,0.0,141.35170588954722,Évêché,06088,Nice
296,60881402,H,3.0,158.39220883174443,Bellevue,06088,Nice
297,60881403,H,0.0,123.45644128929479,Le Righi,06088,Nice
298,60881404,H,0.0,114.49274620237063,Mantega,06088,Nice
299,60881501,H,0.0,184.85800440821473,Marceau,06088,Nice
300,60881502,H,2.0,164.7079591632838,Thiole,06088,Nice
301,60881503,H,5.0,164.13717539876092,Jeanne d'Arc-Fuon-Cauda,06088,Nice
302,60881504,H,4.5,165.10921687184478,Michel-Ange,06088,Nice
303,60881505,H,2.0,140.04846959024303,Michelet,06088,Nice
304,60881506,H,0.0,159.29660223688904,Borriglione-Saint Lambert,06088,Nice
305,60881601,H,3.0,152.3453402190995,Carabacel,06088,Nice
306,60881602,H,0.0,177.21701419424807,Acropolis-XVe Corps,06088,Nice
307,60881603,H,0.0,159.37835976340403,Sainte-Rosalie-Arbre Inférieur,06088,Nice
308,60881604,H,0.0,160.0054946950628,Cimiez,06088,Nice
309,60881605,H,0.0,170.28724445810101,Caravadossi-George V,06088,Nice
310,60881606,H,3.0,108.95698194667698,Cimiez-Valrose,06088,Nice
311,60881701,H,5.0,156.84367016158512,Promenade du Paillon,06088,Nice
312,60881702,H,4.0,149.87451936163927,Hôpital Saint-Roch,06088,Nice
313,60881703,H,3.0,161.15742181599347,Raimbaldi,06088,Nice
314,60881704,H,1.0,172.5676047468848,Desambrois,06088,Nice
315,60881705,H,2.0,171.2686471161439,Sasserno,06088,Nice
316,60881801,A,0.0,167.08763661375482,Gare Nice-Ville,06088,Nice
317,60881802,H,1.0,200.8549319276218,Vernier,06088,Nice
318,60881803,H,5.0,182.71496973866635,Trachel,06088,Nice
319,60881804,H,5.0,193.1867910314351,Clément Roassal,06088,Nice
320,60881805,H,5.5,150.72735251507973,Garnier-Gare de Provence,06088,Nice
321,60881901,H,1.0,182.35853387174112,Grosso,06088,Nice
322,60881902,H,4.5,153.82894455785566,Église Russe,06088,Nice
323,60881903,H,5.0,144.0096883219052,Parc Impérial,06088,Nice
324,60882001,H,0.0,124.90546614735509,Le Piol-Cyrnos,06088,Nice
325,60882002,H,0.0,181.49817475152696,Saint-Philippe,06088,Nice
326,60882101,H,2.0,163.60752296763636,Carlone,06088,Nice
327,60882102,H,1.0,164.5475617108225,Madeleine Robiony,06088,Nice
328,60882103,H,1.0,138.59169753492037,La Bornala,06088,Nice
329,60882104,H,1.0,114.82668604694211,Madeleine,06088,Nice
330,60882201,H,14.5,154.25129794249327,Liberti-Albert 1er,06088,Nice
331,60882202,H,10.5,148.3223829309359,Notre-Dame,06088,Nice
332,60882203,H,23.33,164.31513674297125,Jean Médecin,06088,Nice
333,60882301,H,7.0,159.32660546778632,Musiciens,06088,Nice
334,60882302,H,8.5,154.15259038039966,Rossini,06088,Nice
335,60882303,H,6.0,166.26046705674486,Clemenceau,06088,Nice
336,60882304,H,1.5,159.91764558026716,Thiers-Durante,06088,Nice
337,60882401,H,5.0,147.20439415740793,France-Negresco,06088,Nice
338,60882402,H,10.0,158.2019106981756,Victor Hugo-Buffa,06088,Nice
339,60882501,H,4.0,138.6433236988593,Dante,06088,Nice
340,60882502,H,8.0,148.53078588933957,Bottero,06088,Nice
341,60882503,H,1.0,170.47343973463828,Potiers,06088,Nice
342,60882504,H,3.5,158.14317305474432,Châteauneuf,06088,Nice
343,60882601,H,13.5,162.6509671983309,Lenval,06088,Nice
344,60882602,H,6.0,127.81276586496433,Magnan,06088,Nice
345,60882603,H,0.0,174.39651408238385,Baumettes,06088,Nice
346,60882701,H,7.5,160.34390588858187,La Californie,06088,Nice
347,60882702,H,2.0,169.97512825521818,Pastorelle-Bosquets,06088,Nice
348,60882703,H,0.0,147.76804981948032,Faculté de Lettres,06088,Nice
349,60882704,H,0.0,96.32290587857617,Gattamua,06088,Nice
350,60882705,H,1.0,118.10128883786119,Abbaye de Roseland,06088,Nice
351,60882801,H,10.0,185.53476224986264,Carras,06088,Nice
352,60882802,H,6.0,148.14290029357437,Caucade,06088,Nice
353,60882803,H,2.0,149.06196817851477,Lanterne-Mandariniers,06088,Nice
354,60882804,H,2.0,136.5196201929381,Lanterne,06088,Nice
355,60882805,H,1.0,96.70617776310749,Napoléon III,06088,Nice
356,60882901,H,1.5,161.74465351919247,Les Siagnes,06088,Nice
357,60882902,H,1.0,159.27201074161212,Les Moulins,06088,Nice
358,60882903,H,0.0,161.5225469376851,Digue des Français,06088,Nice
359,60882904,H,6.0,157.71212003080475,Paul Montel,06088,Nice
360,60882905,H,1.0,159.52072730163528,La Victorine-Grinda,06088,Nice
361,60882906,H,0.0,127.20937759754106,Plateaux Fleuris,06088,Nice
362,60883001,A,2.0,153.20745863672212,Arenas-Aéroport,06088,Nice
363,60883002,H,0.0,164.96592484844112,Arenas-Cassin,06088,Nice
364,60883003,H,2.5,166.3909073904319,Saint-Augustin,06088,Nice
365,60883101,H,0.0,118.66260976078676,Spagnol-Sainte-Marguerite,06088,Nice
366,60883102,H,4.58,173.23283526621861,Parc des Sports,06088,Nice
367,60883201,H,1.0,71.90371781851762,Fabron-Terron-Archet,06088,Nice
368,60883202,H,2.0,87.43610500444386,Saint-Antoine Ginestière,06088,Nice
369,60883301,H,5.66,67.82398865919022,Lingostière-Saint-Isidore,06088,Nice
370,60883401,H,0.0,77.47807414175475,Bellet-Magnan,06088,Nice
371,60883402,H,1.0,102.21759942956149,Madeleine-Nicolaï,06088,Nice
372,60883403,H,4.0,89.37202105550614,Madeleine Supérieure,06088,Nice
373,60883501,H,0.0,60.68148423985865,Crémat-Bellet,06088,Nice
374,60883601,H,0.0,66.38454307390568,Saint-Pierre de Féric,06088,Nice
375,60883602,H,1.0,86.82133850404196,Costière,06088,Nice
376,60883701,H,0.0,72.52191995983026,Saint-Pancrace-Pessicart,06088,Nice
377,60883801,H,0.0,84.10097883860607,Gairaut,06088,Nice
378,60890000,Z,1.0,83.19553060462863,Opio (commune non irisée),06089,Opio
379,60900101,H,6.0,103.53800305773815,Nord,06090,Pégomas
380,60900102,H,6.0,59.8201861855421,Sud,06090,Pégomas
381,60910000,Z,1.0,25.603326775043456,Peille (commune non irisée),06091,Peille
382,60920000,Z,0.0,18.92730468863643,Peillon (commune non irisée),06092,Peillon
383,60930000,Z,0.0,2.287629252229162,La Penne (commune non irisée),06093,La Penne
384,60940000,Z,1.0,93.27146043829535,Péone (commune non irisée),06094,Péone
385,60950101,H,0.0,66.79162163283647,Nord,06095,Peymeinade
386,60950102,H,6.0,67.50538651338505,Est,06095,Peymeinade
387,60950103,H,0.0,73.43519702259879,Ouest,06095,Peymeinade
388,60960000,Z,0.0,2.1630422098434314,Pierlas (commune non irisée),06096,Pierlas
389,60970000,Z,0.0,8.228544697143905,Pierrefeu (commune non irisée),06097,Pierrefeu
390,60980000,Z,0.0,10.127321291177058,Puget-Rostang (commune non irisée),06098,Puget-Rostang
391,60990000,Z,0.0,28.229024119944214,Puget-Théniers (commune non irisée),06099,Puget-Théniers
392,61000000,Z,0.0,14.31728669862677,Revest-les-Roches (commune non irisée),06100,Revest-les-Roches
393,61010000,Z,0.0,19.03635830396763,Rigaud (commune non irisée),06101,Rigaud
394,61020000,Z,0.0,96.56281874089886,Rimplas (commune non irisée),06102,Rimplas
395,61030000,Z,4.0,146.50317110995914,Roquebillière (commune non irisée),06103,Roquebillière
396,61040101,H,5.33,111.16197074313962,Carnoles,06104,Roquebrune-Cap-Martin
397,61040102,H,3.0,101.54841707052465,Cap Martin,06104,Roquebrune-Cap-Martin
398,61040103,H,2.0,97.41236374563884,Cabbe-Saint-Roman,06104,Roquebrune-Cap-Martin
399,61040104,H,0.0,85.55798644117196,Village-Cros de Caste-Coupière-Mont Gros,06104,Roquebrune-Cap-Martin
400,61040105,H,2.0,82.71482454552151,Val de Gorbio,06104,Roquebrune-Cap-Martin
401,61050101,H,2.0,46.87709305095008,Nord,06105,Roquefort-les-Pins
402,61050102,H,5.5,91.09783685140542,Sud,06105,Roquefort-les-Pins
403,61060000,Z,0.0,1.6556195374348777,Roquestéron (commune non irisée),06106,Roquestéron
404,61070000,Z,0.0,3.308794455566855,La Roque-en-Provence (commune non irisée),06107,La Roque-en-Provence
405,61080000,Z,3.0,108.68271845861004,La Roquette-sur-Siagne (commune non irisée),06108,La Roquette-sur-Siagne
406,61090000,Z,0.0,24.85448804212646,La Roquette-sur-Var (commune non irisée),06109,La Roquette-sur-Var
407,61100000,Z,0.0,3.935657163715632,Roubion (commune non irisée),06110,Roubion
408,61110000,Z,0.0,9.005105135684463,Roure (commune non irisée),06111,Roure
409,61120000,Z,6.0,81.83750451305528,Le Rouret (commune non irisée),06112,Le Rouret
410,61130000,Z,0.0,61.81129781736021,Sainte-Agnès (commune non irisée),06113,Sainte-Agnès
411,61140000,Z,5.0,122.76115421847877,Saint-André-de-la-Roche (commune non irisée),06114,Saint-André-de-la-Roche
412,61150000,Z,0.0,0.0,Saint-Antonin (commune non irisée),06115,Saint-Antonin
413,61160000,Z,0.0,2.50318577661723,Saint-Auban (commune non irisée),06116,Saint-Auban
414,61170000,Z,0.0,20.509236878268144,Saint-Blaise (commune non irisée),06117,Saint-Blaise
415,61180000,Z,3.0,53.4846135095844,Saint-Cézaire-sur-Siagne (commune non irisée),06118,Saint-Cézaire-sur-Siagne
416,61190000,Z,0.0,63.0596501083361,Saint-Dalmas-le-Selvage (commune non irisée),06119,Saint-Dalmas-le-Selvage
417,61200000,Z,3.5,232.33954885373907,Saint-Étienne-de-Tinée (commune non irisée),06120,Saint-Étienne-de-Tinée
418,61210000,Z,1.0,47.468131236908945,Saint-Jean-Cap-Ferrat (commune non irisée),06121,Saint-Jean-Cap-Ferrat
419,61220000,Z,5.0,55.749075736671685,Saint-Jeannet (commune non irisée),06122,Saint-Jeannet
420,61230101,A,3.0,158.8814936639037,Le Lac,06123,Saint-Laurent-du-Var
421,61230102,H,2.0,146.1320384453198,Les Paluds,06123,Saint-Laurent-du-Var
422,61230103,H,12.0,177.4647555393423,Les Pomarels,06123,Saint-Laurent-du-Var
423,61230104,H,13.33,139.66425325481097,Les Galinières,06123,Saint-Laurent-du-Var
424,61230105,H,4.0,184.2671437542394,Les Condamines,06123,Saint-Laurent-du-Var
425,61230106,H,2.0,154.48688878172834,Les Jaquons,06123,Saint-Laurent-du-Var
426,61230107,H,5.0,137.10132999044936,Centre Ville,06123,Saint-Laurent-du-Var
427,61230108,H,2.0,111.40912745630581,Les Plans,06123,Saint-Laurent-du-Var
428,61230109,H,3.0,118.7399598146485,Les Rascas-Les Pugets,06123,Saint-Laurent-du-Var
429,61230110,H,0.0,81.10784602503975,Tuilière-La Tour-Les Iscles-Les Crottes,06123,Saint-Laurent-du-Var
430,61230111,H,0.0,116.59276815416534,Le Grimond-Plateaux Fleuris-Vallière,06123,Saint-Laurent-du-Var
431,61240000,Z,0.0,0.0,Saint-Léger (commune non irisée),06124,Saint-Léger
432,61250000,Z,0.0,5.081031790787314,Saint-Martin-d'Entraunes (commune non irisée),06125,Saint-Martin-d'Entraunes
433,61260000,Z,5.0,70.66775276044379,Saint-Martin-du-Var (commune non irisée),06126,Saint-Martin-du-Var
434,61270000,Z,1.0,80.83873777977524,Saint-Martin-Vésubie (commune non irisée),06127,Saint-Martin-Vésubie
435,61280000,Z,6.0,82.5192166118688,Saint-Paul-de-Vence (commune non irisée),06128,Saint-Paul-de-Vence
436,61290000,Z,0.33,97.72205621465663,Saint-Sauveur-sur-Tinée (commune non irisée),06129,Saint-Sauveur-sur-Tinée
437,61300000,Z,4.0,65.41969188548258,Saint-Vallier-de-Thiey (commune non irisée),06130,Saint-Vallier-de-Thiey
438,61310000,Z,0.0,0.0,Sallagriffon (commune non irisée),06131,Sallagriffon
439,61320000,Z,0.0,23.471934408105557,Saorge (commune non irisée),06132,Saorge
440,61330000,Z,0.0,3.523709768582508,Sauze (commune non irisée),06133,Sauze
441,61340000,Z,0.0,55.918413217159475,Séranon (commune non irisée),06134,Séranon
442,61350000,Z,0.0,0.0,Sigale (commune non irisée),06135,Sigale
443,61360000,Z,4.0,92.19300663730084,Sospel (commune non irisée),06136,Sospel
444,61370000,Z,2.0,72.59769486453195,Spéracèdes (commune non irisée),06137,Spéracèdes
445,61380000,Z,4.0,54.18622758229749,Théoule-sur-Mer (commune non irisée),06138,Théoule-sur-Mer
446,61390000,Z,0.0,6.915175334354197,Thiéry (commune non irisée),06139,Thiéry
447,61400000,Z,2.0,62.33056069223143,Le Tignet (commune non irisée),06140,Le Tignet
448,61410000,Z,0.0,4.7501445926466,Toudon (commune non irisée),06141,Toudon
449,61420000,Z,0.0,33.01992345670965,Touët-de-l'Escarène (commune non irisée),06142,Touët-de-l'Escarène
450,61430000,Z,1.0,106.94480598468192,Touët-sur-Var (commune non irisée),06143,Touët-sur-Var
451,61440000,Z,0.0,0.5219146133637703,La Tour (commune non irisée),06144,La Tour
452,61450000,Z,0.0,9.112154495134378,Tourette-du-Château (commune non irisée),06145,Tourette-du-Château
453,61460000,Z,0.0,29.496146745255572,Tournefort (commune non irisée),06146,Tournefort
454,61470000,Z,2.33,44.16543611970031,Tourrette-Levens (commune non irisée),06147,Tourrette-Levens
455,61480000,Z,3.0,55.52799966342143,Tourrettes-sur-Loup (commune non irisée),06148,Tourrettes-sur-Loup
456,61490101,H,0.0,78.18152088518391,La Plana,06149,La Trinité
457,61490102,H,12.0,82.07383427570728,Centre,06149,La Trinité
458,61490103,H,4.0,80.64311042075614,Le Rostit,06149,La Trinité
459,61490104,H,0.0,41.285316271583106,Laghet-Périphérie,06149,La Trinité
460,61500000,Z,3.0,94.288197793943,La Turbie (commune non irisée),06150,La Turbie
461,61510000,Z,0.0,29.905027694396324,Utelle (commune non irisée),06151,Utelle
462,61520101,H,8.0,116.43188808764843,Le Village,06152,Valbonne
463,61520102,H,1.0,61.928267043402286,Écarts Sud,06152,Valbonne
464,61520103,H,15.5,116.66912854160476,Garbejaire-Haut Sartoux,06152,Valbonne
465,61520104,H,1.0,84.0123309878466,Île Verte-Nord-Est,06152,Valbonne
466,61530000,Z,2.0,200.48237755766905,Valdeblore (commune non irisée),06153,Valdeblore
467,61540000,Z,1.0,55.918413217159475,Valderoure (commune non irisée),06154,Valderoure
468,61550101,H,0.0,130.68208226533454,Les Impiniers-Font de Cine-Vaucontrade,06155,Vallauris
469,61550102,H,0.0,124.447435887777,Subreville-La Fuont,06155,Vallauris
470,61550103,H,0.0,109.65448995187029,Les Issarts,06155,Vallauris
471,61550104,H,4.33,125.6790171820797,Vallauris Centre,06155,Vallauris
472,61550105,H,1.0,105.33272100215245,Riquebonne-Ferratone-Pizou,06155,Vallauris
473,61550106,H,1.0,109.16774485739279,Brusquet-Retenaou-Devens,06155,Vallauris
474,61550107,H,1.0,123.45532427304484,Les Paluds-Lauvert,06155,Vallauris
475,61550108,H,4.0,115.71364596707589,Gabelle-Courcettes-Les Clos,06155,Vallauris
476,61550109,H,4.0,98.00615698460625,La Mer-Le Puadon-Cannes Eden,06155,Vallauris
477,61550110,H,4.0,101.11295891917868,La Maure-Super Cannes,06155,Vallauris
478,61560000,Z,0.0,20.88385477629024,Venanson (commune non irisée),06156,Venanson
479,61570101,H,8.5,85.27690261337271,Saint-Martin,06157,Vence
480,61570102,H,4.0,76.19385319479153,Sainte-Anne,06157,Vence
481,61570103,H,1.0,44.992828023276275,Plan de Noves,06157,Vence
482,61570104,H,7.0,81.34579410824486,Notre-Dame,06157,Vence
483,61570105,H,1.0,105.42559377916383,Sainte-Élisabeth,06157,Vence
484,61570106,H,0.0,91.44079310007028,Centre Ville,06157,Vence
485,61570107,H,0.0,59.044934652531424,Sainte-Colombe,06157,Vence
486,61580000,Z,2.0,164.79819014091308,Villars-sur-Var (commune non irisée),06158,Villars-sur-Var
487,61590101,H,0.0,87.08500259023845,Col de Villefranche,06159,Villefranche-sur-Mer
488,61590102,H,8.0,76.43330487774804,Le Port,06159,Villefranche-sur-Mer
489,61590103,D,0.0,69.17845539241607,Mont Leuze,06159,Villefranche-sur-Mer
490,61600000,Z,0.0,8.824345293185862,Villeneuve-d'Entraunes (commune non irisée),06160,Villeneuve-d'Entraunes
491,61610101,D,0.0,109.17117829063129,Route de Grasse,06161,Villeneuve-Loubet
492,61610102,H,1.5,115.62918432284958,Espères,06161,Villeneuve-Loubet
493,61610103,H,1.0,146.77104504009765,Village,06161,Villeneuve-Loubet
494,61610104,H,2.5,172.61729728494046,Les Bouches du Loup,06161,Villeneuve-Loubet
495,61610105,H,6.0,184.44980709772412,Marina,06161,Villeneuve-Loubet
496,61610106,H,0.0,120.50660230784683,Vaugrenier,06161,Villeneuve-Loubet
497,61610107,H,0.0,128.4648683216576,Plan,06161,Villeneuve-Loubet
498,61620000,Z,0.0,20.601462690606905,La Brigue (commune non irisée),06162,La Brigue
499,61630000,Z,1.5,62.04435846927678,Tende (commune non irisée),06163,Tende
