IRIS1,TYP_IRIS,POPGP,NB,R,IRIS2
60010000,C,92.810629272,0.0,0.0,60010000
60020000,C,58.1517977459779,0.0,0.0,60020000
60030000,C,625.8173634430001,0.0,0.0,60030000
60040101,C,1559.6935227169167,0.0,0.0,60040101
60040102,A,2368.339364706736,2.0,1.4459186538108006,60040102
60040103,A,858.1083505527552,1.0,1.2832528872642261,60040103
60040104,A,2059.8165162271644,1.0,0.6157651876090283,60040104
60040105,A,3898.0062263673185,2.0,1.4861357364081162,60040105
60040106,A,2729.254385908428,8.666666666666666,6.675588874910859,60040106
60040107,A,3125.7062450304884,4.0,2.890352701600901,60040107
60040108,A,2400.1678759393376,0.0,0.0,60040108
60040109,A,6536.135719599222,2.0,1.3489768204931727,60040109
60040110,A,1571.465637239603,0.0,0.0,60040110
60040111,A,3133.012295225441,0.0,0.0,60040111
60040112,A,2287.338733547636,1.5,1.0437777196066056,60040112
60040113,C,40.87314598855994,0.0,0.0,60040113
60040114,A,2462.8151706336967,13.0,9.14853601292216,60040114
60040115,A,1743.5881369807926,2.0,1.5418829346101346,60040115
60040116,A,3810.4908625358303,3.0,2.0663013428976034,60040116
60040117,A,4058.086139785255,1.0,0.6868800742062936,60040117
60040118,A,2703.345683950878,0.5,0.39351331534460504,60040118
60040119,A,3540.772433738166,0.0,0.0,60040119
60040120,A,2215.7682683990206,0.0,0.0,60040120
60040121,A,1373.610461413903,0.0,0.0,60040121
60040122,A,2859.507946747097,4.0,3.1694970436052117,60040122
60040123,A,4410.601617074725,23.0,17.180577670982938,60040123
60040124,A,4245.417185281099,3.0,2.5656724544333986,60040124
60040125,A,4115.257765455374,11.5,9.799115149932742,60040125
60040126,A,4568.607301510843,4.0,3.2157381101701055,60040126
60050000,C,177.0821450619164,0.0,0.0,60050000
60060000,C,2252.3546765663714,2.0,3.033421567968683,60060000
60070000,C,3091.631306902,4.0,6.658752020340156,60070000
60080000,C,38.693573621480006,0.0,0.0,60080000
60090000,C,107.59994781375178,0.0,0.0,60090000
60100000,C,2827.7078154320743,3.0,10.856107513424993,60100000
60110000,C,3695.103748435545,5.0,7.226542142400777,60110000
60120101,A,2120.3340579100045,0.0,0.0,60120101
60120102,A,2657.985358242411,6.0,13.006685449940527,60120102
60120103,A,2293.925223179513,1.0,1.7354506683127608,60120103
60120104,A,2365.057320011218,2.0,3.718308963957777,60120104
60120105,A,3164.5800498473977,10.0,20.882565753963668,60120105
60130000,C,673.7970550886921,0.0,0.0,60130000
60140000,C,927.3755827043572,0.0,0.0,60140000
60150000,C,1238.2796256617862,0.0,0.0,60150000
60160000,C,580.0520872440399,0.0,0.0,60160000
60170000,C,243.80979724773758,0.0,0.0,60170000
60180101,A,2971.450953223666,7.0,5.8833027792413874,60180101
60180102,A,2773.0850325453275,0.0,0.0,60180102
60180103,A,3349.635265837922,2.0,1.60994311945422,60180103
60190000,C,1617.0070820442052,2.0,6.8726536624222865,60190000
60200000,C,595.6506795121179,0.0,0.0,60200000
60210000,C,684.25003547776,0.0,0.0,60210000
60220000,C,516.6478347994562,0.5,13.440022328873582,60220000
60230000,C,2181.737619314167,4.5,178.10517426649383,60230000
60240000,C,212.52477344117338,0.0,0.0,60240000
60250000,C,1333.5045862148424,0.0,0.0,60250000
60260000,C,1443.5236668978469,1.0,2.4283827489058827,60260000
60270101,A,4325.65373628317,11.0,6.36963992155668,60270101
60270102,A,4199.294820584634,5.0,2.8603659151751466,60270102
60270103,A,2481.9987060484723,14.0,7.801463462470237,60270103
60270104,A,3143.546209041735,4.5,3.0158245418865586,60270104
60270105,A,2494.643211874267,0.0,0.0,60270105
60270106,D,90.84248580616608,3.0,2.1696065400804745,60270106
60270107,A,4296.901245691289,6.0,3.150790612706619,60270107
60270108,A,1844.7572204644202,1.0,0.5594277403531048,60270108
60270109,A,2971.2464302022563,1.0,0.5158483524385314,60270109
60270110,A,3364.6657662029006,3.0,1.7238785062699336,60270110
60270111,A,2372.872586489176,1.0,0.6423047257578284,60270111
60270112,A,3456.516315050534,2.0,1.9746261657155617,60270112
60270113,A,5097.372682859712,2.0,1.3165639566443903,60270113
60270114,A,4732.494310425915,2.0,1.3624908720560143,60270114
60270115,A,2317.84302290692,0.0,0.0,60270115
60270116,A,1585.673172162415,2.0,1.0311265682050537,60270116
60270117,A,3057.4524259187865,3.0,1.589707392280395,60270117
60280000,C,417.6672601344822,0.0,0.0,60280000
60290101,A,2299.9876945944225,4.0,4.17571366637727,60290101
60290102,A,3179.100924152039,3.0,2.654044735367805,60290102
60290103,A,3168.1728448306376,2.0,1.9519240745738655,60290103
60290104,A,2537.929998601683,0.0,0.0,60290104
60290105,A,1714.792790453505,0.0,0.0,60290105
60290106,A,1961.0197657615802,6.0,5.817541712742242,60290106
60290107,A,3153.1954817978544,7.5,5.3783730207007885,60290107
60290108,A,2365.525842092198,1.0,0.7717403461978671,60290108
60290109,A,2828.5886672679453,1.0,0.7992472814255597,60290109
60290110,A,827.0327616355651,5.0,3.910928219044081,60290110
60290111,A,854.5735011387183,17.0,15.305893593959825,60290111
60290112,A,2539.584002187075,6.0,4.3961196712584645,60290112
60290113,A,2030.088370306644,1.0,0.8930707068164486,60290113
60290114,A,2444.12409577137,3.5,2.7383623876169048,60290114
60290115,A,2272.6871412859855,2.0,1.7395941699778263,60290115
60290116,A,1796.3565614351676,1.0,0.7716860621297598,60290116
60290117,A,1099.2944551320513,4.0,4.659905658754297,60290117
60290118,A,2213.0641126621076,1.0,0.7665553332806141,60290118
60290119,A,1669.0559636220655,2.0,1.7149587394879682,60290119
60290120,A,3112.2586620200927,0.0,0.0,60290120
60290121,A,2381.669490441269,7.0,6.901382216985744,60290121
60290122,A,2357.748355658106,0.0,0.0,60290122
60290123,A,5067.37474752315,5.0,4.768536062787282,60290123
60290124,C,715.5246654976446,4.0,4.7935612212679555,60290124
60290125,A,2707.949121636841,7.5,7.399389166807338,60290125
60290126,A,3431.704500720292,0.0,0.0,60290126
60290127,A,2190.2569847419313,1.0,0.8983706306032713,60290127
60290128,A,1913.8408595071676,1.0,0.9759257026084013,60290128
60290130,A,3737.7321858109035,0.0,0.0,60290130
60290131,A,2380.732908246817,0.0,0.0,60290131
60290132,A,2401.3161100376233,0.0,0.0,60290132
60300101,A,2035.1835662111616,2.0,1.7307198417867906,60300101
60300102,A,1829.0508334222316,0.0,0.0,60300102
60300103,A,3247.3271116287065,0.5,0.40046222938790643,60300103
60300104,A,1936.6851168444562,5.0,3.856161054464413,60300104
60300105,A,3094.7875019097173,1.0,0.6763975300891426,60300105
60300106,A,2042.6006739581194,7.166666666666667,5.420318600091064,60300106
60300107,A,3558.681141643507,5.0,3.427582383549665,60300107
60300108,A,3627.3142735702268,3.0,2.1325310960101906,60300108
60300109,A,1954.412719441678,2.5,1.683228759403577,60300109
60300110,A,2589.8288344928264,5.0,3.4415017205826364,60300110
60300111,A,2156.0606185398783,3.0,2.1314739166403296,60300111
60300112,A,2477.0520120526153,4.0,2.6488313389726343,60300112
60300113,A,2819.0834607463416,2.0,1.3346762270512398,60300113
60300114,A,2267.3774323607645,7.0,5.827084686030288,60300114
60300115,A,2241.325167646099,0.0,0.0,60300115
60300116,A,1837.2762463390588,2.5,2.371012525961486,60300116
60300117,A,2493.6998359379886,0.0,0.0,60300117
60310000,C,1316.6023672274066,0.0,0.0,60310000
60320000,C,4376.375527486028,4.0,5.6061006340318436,60320000
60330101,A,1999.2403368621242,0.0,0.0,60330101
60330102,A,2731.005132787552,3.0,4.066971798821894,60330102
60330103,A,1754.9960935803028,5.0,6.679787067560809,60330103
60330104,C,547.6722892639548,0.0,0.0,60330104
60330105,A,4779.830750222653,0.0,0.0,60330105
60340000,C,1624.504627531006,0.0,0.0,60340000
60350000,C,1087.1606849134996,0.0,0.0,60350000
60360000,C,396.874743001,0.0,0.0,60360000
60370000,C,274.77116766406925,0.0,0.0,60370000
60380000,C,3638.0661921430956,4.0,5.876950864393898,60380000
60390000,C,893.8583320660973,0.0,0.0,60390000
60400000,C,69.624411368,0.0,0.0,60400000
60410000,C,388.783315384,0.0,0.0,60410000
60420000,C,649.1013723711361,0.0,0.0,60420000
60430000,C,794.2600392181764,0.0,0.0,60430000
60440101,A,2378.4301563633526,0.0,0.0,60440101
60440102,A,2916.704880987945,2.0,1.843451609053783,60440102
60440103,A,2613.7351653733904,3.0,3.5163493592439923,60440103
60450000,C,76.64997397600787,0.0,0.0,60450000
60460000,C,3506.596941512739,3.0,4.32803902215021,60460000
60470000,C,94.686637393,0.0,0.0,60470000
60480101,A,2826.2423946883687,6.5,12.871959022536178,60480101
60480102,A,4589.463528949669,2.0,6.761339260397938,60480102
60490000,C,104.96965029054577,0.0,0.0,60490000
60500000,C,503.6022082528715,0.5,9.021535400964003,60500000
60510000,C,103.77111658288337,0.0,0.0,60510000
60520000,C,183.12566048589724,0.0,0.0,60520000
60530000,C,151.910839027,0.0,0.0,60530000
60540000,C,4844.401707902836,2.0,2.938878070765643,60540000
60550000,C,144.75470788826595,0.0,0.0,60550000
60560000,C,149.4849819578202,0.0,0.0,60560000
60570000,C,2524.577780848523,4.0,17.389208561070156,60570000
60580000,C,590.766211244,0.0,0.0,60580000
60590000,C,2240.116874375026,2.0,2.7612882922933504,60590000
60600000,C,2076.060135006902,4.0,3.834238209216185,60600000
60610000,C,88.810629279,0.0,0.0,60610000
60620000,C,336.2275873301074,0.0,0.0,60620000
60630000,C,84.50328329953199,0.0,0.0,60630000
60640000,C,4149.867596233646,2.5,8.050974042332776,60640000
60650101,A,4048.214027114752,2.0,3.510731652663228,60650101
60650102,A,3028.263183265023,0.0,0.0,60650102
60660000,C,1526.8409191767855,3.0,41.96888186295821,60660000
60670000,C,1493.083402191161,0.0,0.0,60670000
60680000,C,367.7678776224644,0.0,0.0,60680000
60690101,A,3329.8346299456903,3.0,4.8358472042330645,60690101
60690102,A,3469.3205107214903,3.5,6.2298802440175685,60690102
60690103,A,3341.244304478912,3.0,3.90552533308449,60690103
60690104,A,3800.2626959307922,0.0,0.0,60690104
60690105,A,2361.6282413734834,4.0,5.0755486230327405,60690105
60690106,A,2296.312990813767,0.0,0.0,60690106
60690107,A,2928.2725056801446,2.0,2.200902031890572,60690107
60690108,A,3022.113270413968,0.0,0.0,60690108
60690109,A,2644.5636149294187,10.5,13.602013443472236,60690109
60690110,A,2071.322633242626,0.0,0.0,60690110
60690111,A,2321.504856915991,3.0,4.112718064358995,60690111
60690112,A,2094.505685476783,4.0,4.505834645315317,60690112
60690113,A,3554.4104836390943,11.0,13.599455637459084,60690113
60690114,A,3304.389864993333,0.0,0.0,60690114
60690115,A,1903.4482313704307,1.0,10.779549328925706,60690115
60690116,A,2173.0785305250874,0.0,0.0,60690116
60690117,A,1932.4588193263774,0.0,0.0,60690117
60700000,C,539.0725614634489,0.0,0.0,60700000
60710000,C,615.7419283859999,1.0,93.41554028894912,60710000
60720000,C,158.876427631,0.0,0.0,60720000
60730000,C,636.272829757643,1.0,123.14369751727877,60730000
60740000,C,1199.528180179,1.0,35.394127878338246,60740000
60750000,C,4777.137106929397,5.0,26.243529181317275,60750000
60760000,C,47.843402405312155,0.0,0.0,60760000
60770000,C,1256.9123826993623,0.0,0.0,60770000
60780000,C,308.867726829,0.0,0.0,60780000
60790101,C,39.898128287000006,0.0,0.0,60790101
60790102,A,2452.3216123039883,1.0,0.9974255365859994,60790102
60790103,A,2100.718738942608,1.0,1.6827041377902785,60790103
60790104,A,3015.6327266460557,2.0,26.292512245063538,60790104
60790105,A,2300.74422895488,4.0,9.33465277840654,60790105
60790106,A,2680.345580775055,1.0,1.1650449543572952,60790106
60790107,A,3275.5041271706455,2.0,2.1411767120844787,60790107
60790108,A,3569.5844023772297,6.0,6.09891836528232,60790108
60790109,A,2895.3825545685104,7.5,8.324992477445859,60790109
60800000,C,115.55747617472184,0.0,0.0,60800000
60810000,C,112.56701625599999,0.0,0.0,60810000
60820000,C,101.3996127297362,0.0,0.0,60820000
60830101,A,2514.2214984489583,1.0,2.6629980969040723,60830101
60830102,A,2243.840344160237,0.0,0.0,60830102
60830103,A,2425.978518076391,7.0,14.434908983706318,60830103
60830104,A,2073.403594412162,11.0,23.020455146047656,60830104
60830105,A,1405.8685927113593,1.0,2.289859581600771,60830105
60830106,A,2373.479252647123,0.0,0.0,60830106
60830201,A,2147.534597580445,0.0,0.0,60830201
60830202,A,3992.1487846578084,0.0,0.0,60830202
60830203,A,1829.9774110887772,4.0,20.250744697799558,60830203
60830204,A,2191.5417859890526,0.0,0.0,60830204
60830205,A,2761.543965403274,1.5,2.934496559535119,60830205
60830206,A,4557.65751125245,1.5,4.046818780855283,60830206
60840101,A,2012.5828692384546,2.0,2.625911836791089,60840101
60840102,A,2893.419887754143,4.0,5.480673391423947,60840102
60840103,A,2898.906150352638,2.0,2.20818604339361,60840103
60840104,A,2299.154383831229,3.0,3.266761190632416,60840104
60850101,A,2794.851295791027,6.0,5.22861442137573,60850101
60850102,A,3078.0842686125047,1.0,0.6800278858798378,60850102
60850103,A,2617.6485039872964,0.0,0.0,60850103
60850104,A,3516.7408884738666,1.0,1.059400528591618,60850104
60850105,A,3622.6430009156293,11.5,8.865726095637672,60850105
60850107,A,2105.1882862262987,1.0,1.0129885478981326,60850107
60850108,A,1969.0016256750016,1.0,0.991476139445872,60850108
60860000,C,275.0262731845217,0.0,0.0,60860000
60870000,C,45.003403226,0.0,0.0,60870000
60880101,A,1414.686740202524,2.0,1.0807129311516999,60880101
60880102,A,1257.2778827705765,0.0,0.0,60880102
60880103,A,1652.9357701473805,5.0,3.332867338161671,60880103
60880201,A,2248.440002586609,4.0,1.736066012727601,60880201
60880202,A,1926.6971132753702,3.0,1.585747015189477,60880202
60880203,A,2125.701983521872,3.0,1.4268750824890852,60880203
60880204,A,1827.3736256781108,3.1666666666666665,1.4870405791059076,60880204
60880205,A,1893.293160550742,1.0,0.4767568237777439,60880205
60880206,A,2390.667672927175,6.5,3.1494357179883377,60880206
60880301,A,2070.2118688936303,11.5,5.4554107481268295,60880301
60880302,A,2145.3025167743326,0.0,0.0,60880302
60880303,A,1867.13743036395,1.25,0.5794751924061343,60880303
60880304,A,3256.3874528975634,11.0,5.1843062390570624,60880304
60880305,A,3841.3347005782234,1.0,0.4837542933573082,60880305
60880401,A,2045.203439691857,2.0,1.925670696515033,60880401
60880402,A,1683.154841124973,0.0,0.0,60880402
60880403,A,2699.8456180504763,3.0,2.195603774134636,60880403
60880404,A,1281.8538585485906,0.0,0.0,60880404
60880501,A,4371.147690328637,0.0,0.0,60880501
60880502,A,3865.6165166001156,1.0,0.4836060478951941,60880502
60880503,A,2189.579969444457,0.0,0.0,60880503
60880504,A,3280.125444382166,3.0,1.4129402496651533,60880504
60880505,A,2177.569532899938,1.0,0.4982666918121177,60880505
60880506,A,2579.92003806648,0.0,0.0,60880506
60880507,A,3011.7720206311465,5.0,2.38221933140693,60880507
60880508,A,2261.080104496609,0.0,0.0,60880508
60880509,A,1546.8579318619563,2.0,0.9929091331451407,60880509
60880601,A,3156.7232965225026,2.0,0.8928216074440873,60880601
60880602,A,1517.3835507154033,0.0,0.0,60880602
60880603,A,2856.6509307583947,3.5,1.6192761362853512,60880603
60880604,A,2461.675791855764,0.0,0.0,60880604
60880605,A,1501.0653634282353,0.0,0.0,60880605
60880701,A,2367.4332088851274,0.0,0.0,60880701
60880702,A,3697.6181155867257,5.0,2.8884670792667118,60880702
60880801,A,1661.540445812057,0.0,0.0,60880801
60880901,A,2632.4607560821623,0.0,0.0,60880901
60880902,A,2157.2129194625195,7.0,4.335864176742591,60880902
60880903,A,1408.9692780745684,1.0,0.854200797279396,60880903
60880904,A,1885.3804218161247,3.0,1.9286718816435366,60880904
60880905,A,2708.070349541067,2.0,1.4076807439655323,60880905
60881001,A,2281.6009186384817,0.0,0.0,60881001
60881002,A,2215.1165494409734,1.0,0.5093426501747906,60881002
60881003,A,1739.704266649071,0.0,0.0,60881003
60881004,A,2692.1148550604184,6.0,2.8308482314043784,60881004
60881005,A,3047.9260661124217,10.5,6.057665255652538,60881005
60881101,A,2938.342293757173,1.0,0.4661625461189608,60881101
60881102,A,2804.575645761648,1.0,0.4835261795114891,60881102
60881103,A,2324.005309878028,4.0,2.0913149476014685,60881103
60881104,A,1962.008880583787,0.0,0.0,60881104
60881105,A,2181.0163389415943,0.0,0.0,60881105
60881201,A,2726.2235604563894,3.0,1.6092343034630991,60881201
60881202,A,1450.8161665221173,0.0,0.0,60881202
60881203,A,1956.1970282540333,2.0,1.203792841537218,60881203
60881204,A,3066.1987782455562,1.0,0.6954114427799651,60881204
60881301,A,2161.661410064357,1.0,0.45708934884635094,60881301
60881302,A,2608.554444533503,8.0,3.6117614312012822,60881302
60881303,A,2313.467998170554,5.0,2.3199176770056007,60881303
60881304,A,2091.4555526747326,1.0,0.4905027047672188,60881304
60881305,A,2352.7106093112707,3.5,1.7298904864624634,60881305
60881306,A,1833.9761487952255,2.0,0.984484204190893,60881306
60881307,A,2227.395004314486,0.0,0.0,60881307
60881308,A,2025.149306711388,6.0,3.417663056145564,60881308
60881309,A,2519.3581371918217,2.0,0.9864898981743115,60881309
60881401,A,2204.732032854476,1.0,0.442365328909358,60881401
60881402,A,2075.7013860735865,3.0,1.2766531197089683,60881402
60881403,A,2163.003139680517,0.0,0.0,60881403
60881404,A,1511.6534820428558,0.0,0.0,60881404
60881501,A,1767.3804347570135,0.0,0.0,60881501
60881502,A,2044.1833966570982,2.0,0.8358767991160315,60881502
60881503,A,1910.1926108727282,5.0,2.1034707849505567,60881503
60881504,A,1820.441062644707,7.0,2.992974453016546,60881504
60881505,A,2296.870425789081,2.0,0.9081889569245024,60881505
60881506,A,2056.926930480692,0.0,0.0,60881506
60881601,A,2008.6329284617163,3.0,1.4400101393306262,60881601
60881602,A,2462.925415511955,0.0,0.0,60881602
60881603,A,3108.04725120103,1.0,0.46935210659325954,60881603
60881604,A,2948.7430622500005,0.0,0.0,60881604
60881605,A,1655.3122265681225,0.0,0.0,60881605
60881606,A,2476.123127267416,3.0,1.4543674119868673,60881606
60881701,A,1597.4253742799115,5.0,2.2101058458631697,60881701
60881702,A,1887.1613941624437,4.0,1.7423435100982225,60881702
60881703,A,1588.849434210623,3.0,1.2681576945446509,60881703
60881704,A,2128.9814060234044,1.0,0.4320525563174532,60881704
60881705,A,1912.1116996716842,2.0,0.8758099267844207,60881705
60881801,C,9.79999825,0.0,0.0,60881801
60881802,A,1997.9835688938456,3.0,1.2665152226180285,60881802
60881803,A,2064.117748432534,5.0,2.05033328984532,60881803
60881804,A,2568.9670843885224,5.0,2.0734095374772745,60881804
60881805,A,2112.763739332472,5.0,2.215687007297022,60881805
60881901,A,2437.0046598802646,1.0,0.42127970819740124,60881901
60881902,A,1844.72545494624,3.5,1.591383111934202,60881902
60881903,A,2133.0560995812007,5.0,2.323621725221902,60881903
60882001,A,2268.0163954970567,0.0,0.0,60882001
60882002,A,1841.7940751757906,0.0,0.0,60882002
60882101,A,1959.9227772614918,2.0,0.9309589131784862,60882101
60882102,A,2911.487721510458,1.0,0.4490231083940952,60882102
60882103,A,2163.276021309887,1.0,0.5410588417556393,60882103
60882104,A,1460.5368132590727,1.0,0.5188429300607856,60882104
60882201,A,1169.8816040381241,13.5,6.186270563498453,60882201
60882202,A,2243.829301518096,12.5,5.57114090565614,60882202
60882203,A,2561.728272713324,25.666666666666668,11.517405754900187,60882203
60882301,A,1501.3397126185228,8.5,3.784531576499241,60882301
60882302,A,1589.4174751096043,7.5,3.2745694775893104,60882302
60882303,A,1999.9329663301457,6.5,2.870323528135696,60882303
60882304,A,2549.043080305187,2.0,0.8864271288744091,60882304
60882401,A,1344.2698322013753,5.0,2.2475470879653296,60882401
60882402,A,2285.2943043142413,9.0,3.845832471230035,60882402
60882501,A,1729.0816828785141,4.0,1.8209959072989168,60882501
60882502,A,2200.189068350202,8.0,3.6083759031672953,60882502
60882503,A,1764.2983409973342,1.0,0.4240542138315769,60882503
60882504,A,2800.403339416709,5.0,2.219755187619756,60882504
60882601,A,1574.0764164955426,11.666666666666666,5.333148609107612,60882601
60882602,A,1792.8848143539228,7.0,3.4120495982884846,60882602
60882603,A,2178.927957685546,0.0,0.0,60882603
60882701,A,2161.6650642058444,8.0,3.8395410620376937,60882701
60882702,A,2160.8923095182486,2.0,0.9716385910703753,60882702
60882703,A,1952.8169750290886,1.0,0.4902202728005099,60882703
60882704,A,2988.70631690212,0.0,0.0,60882704
60882705,A,2072.254268781597,1.0,0.5471933371528189,60882705
60882801,A,3182.628650442364,8.0,3.7394398843733927,60882801
60882802,A,3783.475708785618,7.25,3.8262413803304964,60882802
60882803,A,2916.7950454149777,2.0,1.0106543854909147,60882803
60882804,A,2913.9259733008307,3.0,1.5403174942388358,60882804
60882805,A,3229.3210712975924,1.0,0.5839792457470899,60882805
60882901,A,1989.2130990088808,1.5,0.7998288110793333,60882901
60882902,A,3939.1174303610037,1.25,0.6300892778520906,60882902
60882903,A,2608.1885185228525,0.0,0.0,60882903
60882904,A,2119.8567771301514,8.0,3.957361082463203,60882904
60882905,A,1984.0031755357957,2.0,1.0595387146861746,60882905
60882906,A,2852.9263570309126,0.0,0.0,60882906
60883001,C,578.7610947816278,3.0,1.7790007593962867,60883001
60883002,A,2546.663159261313,0.0,0.0,60883002
60883003,A,2846.544788521463,3.5,1.6502860623874567,60883003
60883101,A,3343.4447622780294,0.0,0.0,60883101
60883102,A,3551.5859413683393,5.333333333333333,3.0233342059144244,60883102
60883201,A,3227.370796713608,1.0,0.8421343774893975,60883201
60883202,A,2738.909553825908,2.0,1.5983357563553877,60883202
60883301,A,4665.5395053196935,5.583333333333333,5.754861554241328,60883301
60883401,A,2444.721761682823,0.0,0.0,60883401
60883402,A,1894.1958406263486,1.0,0.6186668772959792,60883402
60883403,A,1865.9531251610383,4.0,2.903262649075823,60883403
60883501,A,2445.9302338155308,0.0,0.0,60883501
60883601,A,2770.169213178219,0.0,0.0,60883601
60883602,A,2151.1071772273995,1.0,0.7700692731793535,60883602
60883701,A,3320.3590298524223,0.0,0.0,60883701
60883801,A,2794.7218539060923,0.0,0.0,60883801
60890000,C,2368.7930834659137,1.0,1.4586831764611559,60890000
60900101,A,3256.7664244117154,4.5,5.567650982657255,60900101
60900102,A,4316.985155132898,5.0,7.645965786120599,60900102
60910000,C,2334.0501520357066,1.0,4.757547070620057,60910000
60920000,C,1450.1184917015128,0.0,0.0,60920000
60930000,C,233.18602553527558,0.0,0.0,60930000
60940000,C,931.5866777885999,1.0,81.4410809701359,60940000
60950101,A,3186.989628806,0.0,0.0,60950101
60950102,A,2497.083458041,6.0,22.161237673966035,60950102
60950103,A,2499.237159088,0.0,0.0,60950103
60960000,C,123.76585403849933,0.0,0.0,60960000
60970000,C,328.4664739271482,0.0,0.0,60970000
60980000,C,129.09526284852012,0.0,0.0,60980000
60990000,C,1804.4548714629987,1.0,46.73672893345153,60990000
61000000,C,236.64966177000002,0.0,0.0,61000000
61010000,C,182.65764554199998,0.0,0.0,61010000
61020000,C,122.78548488290447,0.0,0.0,61020000
61030000,C,1884.05042021327,4.0,126.91267176100034,61030000
61040101,A,1894.6110907143564,6.0,15.903390595477722,61040101
61040102,A,3069.3601781514735,1.0,2.725200377467546,61040102
61040103,A,2336.7617133988383,3.0,6.866636553106509,61040103
61040104,A,2005.7817703489793,0.0,0.0,61040104
61040105,A,3352.106923010598,2.0,6.123899060151188,61040105
61050101,A,3631.9941754450665,2.0,3.614065139120126,61050101
61050102,A,3377.13441748096,6.5,8.056588194758813,61050102
61060000,C,575.8123852575802,2.0,208.58074283464578,61060000
61070000,C,65.591217876,0.0,0.0,61070000
61080000,C,5211.958257330188,3.0,3.66818549746826,61080000
61090000,C,896.2370638417535,0.0,0.0,61090000
61100000,C,123.452225997,0.0,0.0,61100000
61110000,C,132.57163575182858,0.0,0.0,61110000
61120000,C,3979.581689025,7.0,13.417759570603499,61120000
61130000,C,1290.0264085252052,0.0,0.0,61130000
61140000,C,5437.994632841433,5.0,3.7301092153180786,61140000
61150000,C,98.47206490955422,0.0,0.0,61150000
61160000,C,231.52728466876394,0.0,0.0,61160000
61170000,C,1246.263762389,0.0,0.0,61170000
61180000,C,3890.98967586678,2.0,15.565960892880629,61180000
61190000,C,107.18713567456399,0.0,0.0,61190000
61200000,C,1460.2800750691802,2.5,160.83358471041188,61200000
61210000,C,1535.1135597147663,1.0,1.650614188177571,61210000
61220000,C,4210.746955456099,6.0,39.155683361138095,61220000
61230101,C,38.74581186203975,3.0,1.5285999723165313,61230101
61230102,A,2376.5588498973857,2.0,1.0910263639324214,61230102
61230103,A,2217.377281509159,11.0,5.568766710204875,61230103
61230104,A,2605.209342519802,12.5,6.9284492022437645,61230104
61230105,A,2387.4007806346567,5.0,2.6513297947373404,61230105
61230106,A,2618.4530276651476,1.0,0.5440117077109023,61230106
61230107,A,2352.6035620368557,5.0,2.950954932003211,61230107
61230108,A,2497.727961618164,2.0,1.1385289177836946,61230108
61230109,A,6382.2656567874365,3.0,1.8929869078628443,61230109
61230110,A,2665.043724306942,0.0,0.0,61230110
61230111,A,3443.4091146034516,0.0,0.0,61230111
61240000,C,55.21581960878843,0.0,0.0,61240000
61250000,C,174.06389042203264,0.0,0.0,61250000
61260000,C,2948.2723732083964,2.0,6.020852592229005,61260000
61270000,C,1538.358785165022,1.0,43.08958673253907,61270000
61280000,C,3237.949506634,5.0,6.290485727193802,61280000
61290000,C,307.70754840506004,2.5,477.57843552059086,61290000
61300000,C,3404.841670921101,5.0,28.841130100572645,61300000
61310000,C,55.11850269923225,0.0,0.0,61310000
61320000,C,488.2538123017093,0.0,0.0,61320000
61330000,C,79.8216831146008,0.0,0.0,61330000
61340000,C,540.1706477302292,0.0,0.0,61340000
61350000,C,195.5040603334253,0.0,0.0,61350000
61360000,C,3778.426218598,4.0,56.67203642422354,61360000
61370000,C,1195.977048620542,3.0,11.266616129537768,61370000
61380000,C,1394.681606011334,4.0,85.02866798183288,61380000
61390000,C,122.68620522908203,0.0,0.0,61390000
61400000,C,3121.0052234226487,2.0,8.321544824304292,61400000
61410000,C,335.68772068091573,0.0,0.0,61410000
61420000,C,295.027686098,0.0,0.0,61420000
61430000,C,674.4533220330161,1.0,68.30920278274363,61430000
61440000,C,557.3654007930951,0.0,0.0,61440000
61450000,C,140.83194515113902,0.0,0.0,61450000
61460000,C,141.86205689599998,0.0,0.0,61460000
61470000,C,4764.015181003317,3.5,5.902519630536784,61470000
61480000,C,4119.205670949,3.0,44.17269377301314,61480000
61490101,A,2019.0814609973963,0.0,0.0,61490101
61490102,A,2697.891812668759,9.0,13.091356723912817,61490102
61490103,A,2094.6561898277114,4.0,3.0489578462000435,61490103
61490104,A,3151.9934351911515,0.0,0.0,61490104
61500000,C,2944.013278585902,3.0,4.061112932113928,61500000
61510000,C,842.3297854129966,0.0,0.0,61510000
61520101,A,2060.2678287934723,7.5,9.098519484093266,61520101
61520102,A,2536.169832896204,2.0,1.8034061723551535,61520102
61520103,A,4866.770588330793,14.0,12.945163365914057,61520103
61520104,A,2547.6965648265927,1.0,1.4527687814980883,61520104
61530000,C,847.783647017,2.0,195.75048653324944,61530000
61540000,C,488.53320964390025,1.0,110.01038871437166,61540000
61550101,A,3026.160097974689,0.0,0.0,61550101
61550102,A,1107.817667074758,0.0,0.0,61550102
61550103,A,1671.6653272707622,0.0,0.0,61550103
61550104,A,3045.26136210604,4.0,3.0681267434282598,61550104
61550105,A,3304.868716912226,1.0,0.9535400976471956,61550105
61550106,A,4662.383731755692,1.0,0.9185271526037949,61550106
61550107,A,2384.0729896722064,0.0,0.0,61550107
61550108,A,3015.235456658029,4.0,3.1062380425651748,61550108
61550109,A,2393.186906481652,3.0,2.6583798784695882,61550109
61550110,A,3289.7858653381413,4.0,4.170927666519725,61550110
61560000,C,187.9431339532631,0.0,0.0,61560000
61570101,A,1863.6480581047326,9.5,16.343286055646946,61570101
61570102,A,2742.879306545552,4.0,6.418367259135698,61570102
61570103,A,3381.325870142989,1.0,3.0052258982888995,61570103
61570104,A,2454.6595607266654,7.0,14.6730837516736,61570104
61570105,A,3676.586113529007,1.0,1.380755899918565,61570105
61570106,A,2472.159936411229,0.0,0.0,61570106
61570107,A,2801.934185066137,0.0,0.0,61570107
61580000,C,757.8635855348552,2.0,151.45386756578927,61580000
61590101,A,2017.849019129,0.0,0.0,61590101
61590102,A,2081.633383204,8.0,7.824010687331391,61590102
61590103,D,1186.883734775,0.0,0.0,61590103
61600000,C,99.73983122954894,0.0,0.0,61600000
61610101,D,703.0215475945872,0.0,0.0,61610101
61610102,A,1947.982246285538,2.0,1.5513706338268853,61610102
61610103,A,2056.280654889206,1.0,0.6676689319731878,61610103
61610104,A,1940.9632413175839,3.0,1.750710090331403,61610104
61610105,A,3333.520024305984,5.0,2.6837157850148543,61610105
61610106,A,3484.6353450655483,0.0,0.0,61610106
61610107,A,2506.0683654097966,0.0,0.0,61610107
61620000,C,731.0377780944484,0.5,27.57792731061794,61620000
61630000,C,2226.673903996887,1.5,55.82313151354827,61630000
