BOR;AN;nofinesset;nofinessej;UNV;LIT_UNV;SEJ_UNV;JOU_UNV;EFFPL_PM;EFFPA_PM;ETP_PM;GAR_PM;AST_PM;EFFPL_NEU;EFFPA_NEU;ETP_NEU;GAR_NEU;AST_NEU;EFFPL_PNM;EFFPA_PNM;ETP_PNM
MCOAVC;2020;010000024;010780054;1;20;721;5746;;6;2.76;0;1;;6;2.76;0;1;20;11;25.59
MCOAVC;2020;020000162;020000063;1;21;579;4941;5;1;5.6;0;1;5;1;5.6;0;1;10;34;28.52
MCOAVC;2020;020000519;020000261;1;21;1115;6645;5;;5;0;1;5;;5;;;8;0;9.83
MCOAVC;2020;030000079;030780100;1;18;513;4579;4;1;4.38;0;1;4;1;4.38;0;1;;;
MCOAVC;2020;030000087;030780118;1;12;370;3085;1;;0.5;0;1;1;;0.5;0;1;10;4;13.09
MCOAVC;2020;060000544;060780988;1;22;877;6235;1;5;3.32;0;1;1;4;2.82;0;1;8;45;25.37
MCOAVC;2020;060785003;060785011;1;24;744;7696;2;3;4.36;1;0;2;1;4.16;1;0;650;117;647.01
MCOAVC;2020;100000090;100000017;1;16;662;4872;0;5;1.65;0;1;0;5;1.65;0;1;1;36;21.6
MCOAVC;2020;110000023;110780061;1;18;757;4043;;6;1.89;0;1;;6;1.89;0;1;43;13;32.25
MCOAVC;2020;110000056;110780137;1;4;948;6528;1;3;2.81;0;1;1;3;2.81;0;1;9;3;8.81
MCOAVC;2020;120000039;120780044;1;8;539;2018;7;1;7.23;0;1;6;1;6.23;0;1;23;16;32.08
MCOAVC;2020;130000409;130041916;1;4;649;1130;0;3;0.32;1;0;0;3;0.32;1;0;4;7;7.85
MCOAVC;2020;130783293;130786049;1;22;1031;6861;8;11;8.91;;;7;8;7.97;;;53;5;54.46
MCOAVC;2020;130784051;130037823;1;3;736;3293;3;;3;0;0;;;;0;0;11;1;10.99
MCOAVC;2020;140000027;140000035;1;13;602;3450;5;;1.8;0;1;4;;1.33;0;1;;;
MCOAVC;2020;140000209;140000100;1;26;1241;9019;2;2;1.23;0;1;2;2;1.23;0;1;29;16;36.39
MCOAVC;2020;160000253;160000451;1;10;567;2895;3;2;3.75;0;1;3;2;3.75;0;1;24;25;37.43
MCOAVC;2020;170000087;170024194;1;19;1086;5913;8;2;2.48;0;1;8;2;2.48;0;1;10;8;17.13
MCOAVC;2020;170000103;170780175;1;18;758;2686;5;1;1.76;0;1;4;0;1.2;0;1;100;25;55.22
MCOAVC;2020;180000010;180000028;1;12;472;3634;;4;1.6;0;1;;4;1.6;0;1;6;35;21.33
MCOAVC;2020;210987558;210780581;1;10;903;2959;;6;1.35;1;;;6;1.35;1;;18;5;17.39
MCOAVC;2020;220000012;220000020;1;27;1248;8823;6;2;7.54;0;1;6;2;7.54;0;1;39;25;49.59
MCOAVC;2020;240000489;240000117;1;22;781;5060;4;;4;0;1;3;;3;0;;17;0;16.3
MCOAVC;2020;250006954;250000015;1;24;889;8294;0;6;3.21;1;0;;;;1;0;28;23;43.44
MCOAVC;2020;260000013;260000021;1;20;854;6003;10;;1.8;1;0;10;;1.8;1;0;32;24;31.25
MCOAVC;2020;260000138;260000047;1;14;324;3105;4;2;4.76;0;1;4;2;4.76;0;1;28;7;33.25
MCOAVC;2020;270000359;270023724;1;0;183;655;;;;;;;;;;;;;4.04
MCOAVC;2020;280000084;280000183;1;4;289;1066;4;2;0.99;0;1;4;2;0.99;;;19;2;6.83
MCOAVC;2020;280504267;280000134;1;16;567;4099;4;2;2.26;0;1;4;2;2.26;0;1;13;3;11.46
MCOAVC;2020;290000025;290020700;1;6;725;4115;1;5;2;0;1;1;5;2;0;1;32;12;11.22
MCOAVC;2020;290004324;290000017;1;22;1018;7812;5;10;6;1;0;5;10;6;1;0;24;30;35.31
MCOAVC;2020;2A0000022;2A0000014;1;9;601;2861;;4;3.11;0;1;;;;0;1;26;3;25.52
MCOAVC;2020;300782117;300780038;1;12;1096;3849;11;5;10.28;1;0;10;5;9.9;1;0;38;2;33.85
MCOAVC;2020;310781000;310788880;1;15;415;3345;;5;1;0;1;;5;1;0;1;8;3;11.31
MCOAVC;2020;310783048;310781406;1;69;3340;20565;10;5;9.37;1;1;8;5;7.95;1;1;102;21;105.44
MCOAVC;2020;320000086;320780117;1;14;1080;3878;0;3;0.3;0;0;0;3;0.3;0;0;0;39;14.35
MCOAVC;2020;330000555;330781204;1;12;536;3106;6;1;2;;1;6;1;1;;1;50;9;15.55
MCOAVC;2020;330000605;330781253;1;17;581;4557;;3;1.05;0;1;;3;1.05;0;1;18;2;19.99
MCOAVC;2020;330781360;330781196;1;48;1819;15530;3;;1.92;1;1;3;;1.92;1;1;133;22;110.45
MCOAVC;2020;340000033;340780055;1;26;1126;8161;;2;0.8;;1;;2;0.8;;1;13;20;21.15
MCOAVC;2020;340015502;340000512;1;16;562;3889;10;;10;0;1;7;;7;0;1;22;;14.56
MCOAVC;2020;340782085;340780477;1;16;1249;5526;;4;1.55;0;1;;3;1.4;0;1;;;
MCOAVC;2020;350000147;350000022;1;14;979;5514;;7;1.62;0;1;;7;1.62;0;1;20;22;33.24
MCOAVC;2020;350000741;350005179;1;26;1186;7902;10;2;2.86;;;10;2;2.86;;;47;9;52.48
MCOAVC;2020;370000861;370000481;1;30;1803;9783;7;6;6.45;0;0;7;6;6.45;0;0;48;18;54.83
MCOAVC;2020;380000067;380780080;1;27;898;6400;6;2;3.82;1;0;6;1;3.78;1;0;41;12;47.82
MCOAVC;2020;380000174;380781435;1;14;363;2063;0;4;1.4;0;1;;4;1.4;0;1;1;41;15.74
MCOAVC;2020;380000406;380780080;1;0;;;;1;0.1;;;;1;0.1;;;;;
MCOAVC;2020;390000040;390780146;1;3;391;674;;2;0.13;0;1;;2;0.13;0;1;;;
MCOAVC;2020;400000105;400780193;1;16;654;5667;;6;1.28;0;1;;6;1.28;0;1;18;18;25.73
MCOAVC;2020;400000139;400011177;1;13;546;4143;;5;2.63;0;1;;5;2.52;0;1;0;36;21
MCOAVC;2020;420000010;420780033;1;16;545;4082;7;1;1.67;0;1;4;0;0.77;0;1;39;12;23.98
MCOAVC;2020;420785354;420784878;1;22;610;6739;3;1;3.8;1;0;3;;3;1;0;45;18;42.48
MCOAVC;2020;430000117;430000018;1;11;494;3282;0;1;0.27;0;1;0;1;0.27;0;1;4;5;5.85
MCOAVC;2020;440000016;440000057;1;14;660;5047;6;;5.17;0;1;6;;5.17;0;1;1;31;18.62
MCOAVC;2020;440017598;440000289;1;23;1270;8257;8;3;2.25;1;0;8;3;2.25;1;0;22;18;33.84
MCOAVC;2020;450002613;450000088;1;18;866;5573;0;5;3.38;1;1;0;3;1.58;1;1;19;11;28.14
MCOAVC;2020;460000110;460780216;1;12;560;2880;2;0;2;0;1;2;0;2;0;1;23;2;24.15
MCOAVC;2020;470000423;470016171;1;17;880;4270;0;6;1.65;0;1;0;6;1.65;0;1;12;17;20.59
MCOAVC;2020;490000049;490000031;1;20;1044;6690;0;2;1.18;1;0;0;2;1.18;1;0;26;22;25.37
MCOAVC;2020;500000187;500000013;1;18;715;4999;;12;2.52;0;0;;;;0;0;10;3;11.95
MCOAVC;2020;500000450;500000112;1;16;612;4778;5;2;5.76;;;5;2;5.76;;;26;16;16.17
MCOAVC;2020;510004302;510000029;1;8;1048;7331;2;;0.6;0;1;2;;0.6;0;1;21;6;20.35
MCOAVC;2020;540001138;540023264;1;36;1661;12582;5;;1.89;1;1;5;;1.89;1;1;42;13;48.35
MCOAVC;2020;550000012;550006795;1;9;278;2657;2;3;2.34;0;1;;;;0;1;5;;3.53
MCOAVC;2020;550000434;550003354;1;16;434;3435;;6;3.81;0;1;;2;0.87;0;0;;49;15.54
MCOAVC;2020;560000127;560023210;1;16;857;5242;3;0;2;0;1;3;0;2;0;1;3;77;42.36
MCOAVC;2020;560000135;560005746;1;18;849;6384;;8;2.47;0;1;;8;2.47;0;1;22;13;23.86
MCOAVC;2020;560000143;560014748;1;15;482;4083;3;;0.65;;;2;;0.35;0;1;30;8;36.41
MCOAVC;2020;570000059;570025254;1;18;529;4260;5;2;4.21;0;1;5;2;4.21;0;1;30;12;35.1
MCOAVC;2020;570000349;570005165;1;12;443;4148;5;0;3.6;0;0;5;0;3.6;0;0;21;6;11.9
MCOAVC;2020;570026682;570005165;1;31;1299;10170;5;0;2.37;0;1;5;0;2.37;0;1;34;9;29.57
MCOAVC;2020;580972693;580780039;1;2;110;427;;4;1.1;0;1;;4;1.1;0;1;;;
MCOAVC;2020;590000337;590781415;1;16;824;4896;;6;1.82;0;1;;1;0.35;0;1;23;19;34.25
MCOAVC;2020;590000535;590781803;1;16;589;3944;6;1;5.7;1;0;6;0;5.5;1;0;10;5;14.27
MCOAVC;2020;590000618;590782215;1;26;1243;8198;9;;7.06;1;1;9;;7.06;1;1;33;16;42.89
MCOAVC;2020;590780284;590051801;1;20;681;5779;2;3;4.2;0;1;2;3;4.2;0;1;20;40;22.81
MCOAVC;2020;590796975;590780193;1;46;1465;11824;6;;4.41;;;6;;4.41;;;78;24;91.26
MCOAVC;2020;590801106;590782421;1;23;808;5776;0;1;0.8;0;1;0;1;0.8;0;1;;;
MCOAVC;2020;590804696;590781902;1;12;474;3286;3;;1;0;1;3;;1;0;1;9;17;15.17
MCOAVC;2020;600000194;600100713;1;20;872;6367;0;3;2.1;;;0;3;2.1;;;29;6;32.94
MCOAVC;2020;600000467;600101984;1;10;347;3340;;9;1.96;0;1;;9;1.96;0;1;;46;16.95
MCOAVC;2020;600113476;600100721;1;11;563;3186;0;9;6.26;;;0;8;6;;;46;15;51.28
MCOAVC;2020;610000051;610780082;1;10;486;2715;1;3;2.55;0;0;;;;;;;38;12.14
MCOAVC;2020;620000034;620100057;1;17;910;4471;;3;1.5;1;0;;3;1.5;1;0;32;7;41.51
MCOAVC;2020;620000224;620100651;1;18;653;4079;1;2;2.1;1;0;1;2;2.1;1;0;15;12;23.76
MCOAVC;2020;620000257;620100685;1;27;967;8391;0;;;;;;;;;;;;
MCOAVC;2020;620000323;620101337;1;15;633;4997;;4;0.77;;;;;;;;4;13;11.24
MCOAVC;2020;620000653;620103440;1;6;809;5693;;8;1.27;;;;8;1.27;;;;;
MCOAVC;2020;630000404;630780989;1;22;864;7225;10;1;3.72;1;0;10;1;3.72;1;0;37;18;48.13
MCOAVC;2020;640000162;640780417;1;8;1138;4307;2;11;5.91;;;2;11;5.91;;;35;8;36.08
MCOAVC;2020;640000600;640781290;1;24;1066;7849;2;10;4.62;0;1;2;10;4.62;0;1;48;27;63.1
MCOAVC;2020;650000417;650783160;1;12;467;3475;1;0;0.3;0;1;1;0;0.3;0;1;13;1;13.8
MCOAVC;2020;660000084;660780180;1;38;1519;11662;6;8;12.6;;;6;8;12.6;;;;55;26.49
MCOAVC;2020;670783273;670780055;1;48;1572;14211;6;3;7.32;1;0;;;;;;53;11;55.65
MCOAVC;2020;680000684;680000973;1;15;573;4798;9;;7.1;0;1;9;;7.1;;;4;3;6.21
MCOAVC;2020;680004546;680020336;1;15;448;6301;;4;2;0;1;;3;1.4;;;5;26;15.7
MCOAVC;2020;690000575;690782222;1;14;668;4185;;5;2.43;0;1;;5;2.43;0;1;;25;13.16
MCOAVC;2020;690784178;690781810;1;35;1986;11985;4;3;2.62;0;0;3;3;2.62;0;0;58;9;59.57
MCOAVC;2020;690784194;690781810;1;40;297;4170;2;;0.4;;;;;;;;10;10;18.98
MCOAVC;2020;700000029;700004591;1;4;347;1411;;3;0.6;;;;;;;;;4;1.71
MCOAVC;2020;710978263;710780958;1;6;917;1854;5;3;3;1;0;5;3;3;1;1;;;
MCOAVC;2020;720000033;720000025;1;17;714;4976;0;4;1.74;0;0;0;3;0.83;0;0;5;28;25.57
MCOAVC;2020;730000031;730000015;1;24;1202;6918;6;2;6.48;;;6;2;6.48;;;56;5;55.02
MCOAVC;2020;740000237;740781133;1;15;690;4671;0;7;2.32;1;0;0;7;2.32;1;0;0;58;30.01
MCOAVC;2020;740000302;740781133;1;9;220;2601;0;0;0;;;;;;;;0;26;5.47
MCOAVC;2020;740781141;740790258;1;8;360;4011;1;3;0.32;0;0;;;;0;0;;;
MCOAVC;2020;750000499;750062036;1;25;1125;8894;1;4;2.7;1;1;1;4;2.7;1;1;204;165;358.19
MCOAVC;2020;750000523;750150120;1;35;1513;9475;5;5;6.69;1;0;5;5;6.69;1;0;43;7;20.46
MCOAVC;2020;750000549;750150229;1;24;1377;6616;4;2;6.56;0;0;1;;3.28;0;0;50;;44.41
MCOAVC;2020;750100042;750712184;1;35;892;7066;7;1;4.8;1;0;7;1;4.8;1;0;41;4;43.5
MCOAVC;2020;750100091;750712184;1;24;859;7213;3;4;6;;;3;4;6;;;40;5;43.65
MCOAVC;2020;750100125;750712184;1;103;774;6498;4;5;7.4;;;4;5;7.4;;;51;7;56.7
MCOAVC;2020;750100232;750712184;1;29;901;7297;8;2;8.76;1;0;8;2;8.76;1;0;16;1;16.23
MCOAVC;2020;760000158;760780239;1;30;1774;10255;2;1;3.94;0;1;2;1;3.94;0;1;73;19;82.63
MCOAVC;2020;760805770;760780726;1;20;1039;6577;3;6;5.3;;;3;6;5.3;;;27;17;32.52
MCOAVC;2020;770000446;770021145;1;26;684;8967;;5;1.14;0;0;;5;1.14;0;0;1;;1
MCOAVC;2020;780000287;780110011;1;12;587;4774;5;1;1.32;0;1;;;;0;1;18;4;13.72
MCOAVC;2020;780000311;780001236;1;15;544;4616;4;4;4.7;0;1;4;4;4.47;0;1;10;2;12.65
MCOAVC;2020;780800256;780110078;1;24;950;6881;4;2;4.5;1;0;4;2;4.5;1;0;27;5;28.93
MCOAVC;2020;790000087;790000012;1;20;1182;6593;5;1;4.5;0;1;;;;0;1;32;12;37.09
MCOAVC;2020;800000143;800000028;1;29;;;;;;0;0;;;;0;0;1;2;1.22
MCOAVC;2020;800006124;800000044;1;23;1057;7561;3;16;6.84;1;;3;16;6.84;1;;43;4;43.46
MCOAVC;2020;810000224;810000471;1;4;350;1543;5;;4.67;0;1;5;;4.67;0;1;;;
MCOAVC;2020;810000505;810000331;1;6;411;1601;0;5;2.97;0;1;0;5;2.97;0;1;24;11;26.34
MCOAVC;2020;810000521;810000380;1;4;261;585;6;;0.96;0;1;6;;0.96;0;1;46;21;13.8
MCOAVC;2020;820000032;820000016;1;6;789;2888;;6;0.54;0;1;;;;0;1;14;21;21.5
MCOAVC;2020;830000345;830100616;1;16;784;4720;2;1;0.76;;;2;1;0.76;;;;48;13.33
MCOAVC;2020;830100574;750821092;1;8;350;1912;6;;6;1;0;6;;6;1;0;24;;24
MCOAVC;2020;840001861;840006597;1;17;819;6124;;;1.68;1;1;;;1.68;1;1;;;28.84
MCOAVC;2020;850000142;850000019;1;17;669;5537;0;7;1.15;;;0;6;0.85;;;;60;35.79
MCOAVC;2020;860000223;860014208;1;20;1051;7116;7;14;12.28;1;0;7;13;12.13;1;1;17;0;16.83
MCOAVC;2020;870000064;870000015;1;26;1036;8006;4;0;2.05;1;0;4;0;2.05;1;0;48;5;50.5
MCOAVC;2020;880000021;880007059;1;12;473;4829;4;1;4.5;0;1;4;1;4.5;0;1;22;11;27.37
MCOAVC;2020;900003039;900000365;1;4;673;8234;3;4;5.41;0;1;3;4;5.24;0;1;20;9;25.73
MCOAVC;2020;910000306;910110055;1;20;667;6728;1;4;2.86;;;;;;;;;3;1.25
MCOAVC;2020;910020254;910002773;1;36;1694;15208;10;5;10.15;1;;7;4;9.15;1;;2;3;5.06
MCOAVC;2020;920000650;920150059;1;26;951;6445;3;0;3;;;3;0;3;;;8;0;10.68
MCOAVC;2020;930000328;930110051;1;28;842;8366;12;2;8.86;1;0;12;1;8.76;1;0;62;2;61.84
MCOAVC;2020;930000336;930110069;1;20;932;8841;2;7;4.78;;;2;7;4.78;;;26;42;42.51
MCOAVC;2020;940100027;750712184;1;23;986;6561;4;;4;1;1;4;;4;1;1;35;3;36.2
MCOAVC;2020;940100043;750712184;1;24;1170;7196;5;;4.33;1;0;5;;4.33;1;0;35;4;37.72
MCOAVC;2020;950000331;950110049;1;36;968;9659;3;16;12.18;;;3;16;12.18;;;23;42;43.68
MCOAVC;2020;950000364;950110080;1;27;836;8194;6;4;7.94;;;6;4;7.94;;;;;
MCOAVC;2020;970100442;970100228;1;16;678;4325;3;;3;;;3;;3;;;14;;14
MCOAVC;2020;970211215;970211207;1;19;769;8289;4;1;2.8;1;1;4;1;2.8;;;32;;24.87
MCOAVC;2020;970400024;970408589;1;16;753;6023;3;;1.1;;;2;;0.5;;;15;1;15.4
MCOAVC;2020;970400057;970408589;1;20;972;6766;;;;;;;;;;;;;
MCOAVC;2019;010000024;010780054;1;20;716;5961;;7;2.17;0;1;;7;2.17;0;1;;;
MCOAVC;2019;020000162;020000063;1;21;699;6450;5;2;6.1;0;1;5;2;6.1;0;1;18;2;18.1
MCOAVC;2019;020000519;020000261;1;6;1145;6569;5;;5;0;1;5;;5;0;1;10;2;11.06
MCOAVC;2019;030000079;030780100;1;18;538;5068;4;1;4.3;0;1;4;1;4.3;0;1;;;
MCOAVC;2019;030000087;030780118;1;14;486;4211;1;;0.5;0;0;1;;0.5;0;0;9;5;12.54
MCOAVC;2019;060000544;060780988;1;22;814;6136;1;5;3.61;0;1;1;4;3.01;0;1;5;41;24.07
MCOAVC;2019;060785003;060785011;1;24;853;7931;6;2;4.44;1;0;6;0;4.33;1;0;664;114;656.02
MCOAVC;2019;100000090;100000017;1;16;727;5085;0;5;1.66;0;1;0;5;1.66;0;1;1;35;21.53
MCOAVC;2019;110000023;110780061;1;16;720;4183;;6;2.23;;;;6;2.23;;;38;14;33.98
MCOAVC;2019;110000056;110780137;1;4;960;7037;1;3;2.81;0;1;1;3;2.81;0;1;26;3;8.93
MCOAVC;2019;120000039;120780044;1;8;509;2288;7;1;6.98;0;1;6;1;6.23;0;1;22;15;31.05
MCOAVC;2019;130000409;130041916;1;4;665;1086;0;3;0.45;1;;0;3;0.45;1;;11;;9.42
MCOAVC;2019;130783293;130786049;1;26;1266;8628;21;26;24.63;;;21;20;23.03;;;142;38;176.26
MCOAVC;2019;130784051;130037823;1;3;456;1688;3;;3;0;0;;;;0;0;8;1;10.99
MCOAVC;2019;140000027;140000035;1;13;704;4105;3;2;4.56;0;0;;;;0;0;19;8;25.23
MCOAVC;2019;140000209;140000100;1;26;1165;8804;3;2;1.87;0;1;3;2;1.87;0;1;27;23;37.87
MCOAVC;2019;160000253;160000451;1;10;586;3188;2;2;3.28;0;1;2;2;3.28;0;1;22;27;36.76
MCOAVC;2019;170000087;170024194;1;19;1090;6085;;9;2.48;0;1;;9;2.48;0;1;16;5;17.1
MCOAVC;2019;170000103;170780175;1;18;691;2499;4;1;1.16;0;1;3;0;0.86;0;1;99;23;32.63
MCOAVC;2019;180000010;180000028;1;12;542;3602;;4;1.64;0;1;;4;1.64;0;1;10;30;20.17
MCOAVC;2019;210987558;210780581;1;10;992;3170;5;;0.95;;;5;;0.95;;;19;;16.66
MCOAVC;2019;220000012;220000020;1;27;1329;8955;6;2;7.54;0;1;6;2;7.54;0;1;34;31;49.64
MCOAVC;2019;240000489;240000117;1;17;815;5450;4;;5.07;0;1;3;;4.92;0;;11;1;11.41
MCOAVC;2019;250006954;250000015;1;24;926;8306;0;6;2.59;1;0;0;6;2.59;1;0;29;22;43.57
MCOAVC;2019;260000013;260000021;1;20;910;6466;9;0;2;1;0;9;0;2;1;0;22;12;31.31
MCOAVC;2019;260000138;260000047;1;12;313;3178;4;2;4.8;0;1;4;2;4.8;0;1;30;7;34.56
MCOAVC;2019;270000359;270023724;1;4;327;1385;0;4;0.2;0;1;0;4;0.2;0;1;;33;9.36
MCOAVC;2019;280000084;280000183;1;4;336;1183;5;2;1.09;0;1;5;2;1.09;;;18;1;7.62
MCOAVC;2019;280504267;280000134;1;16;613;4740;3;7;2.7;0;1;3;7;2.7;0;1;7;4;11.55
MCOAVC;2019;290000025;290020700;1;6;681;4127;1;5;2;0;1;1;5;2;0;1;33;10;11.87
MCOAVC;2019;290004324;290000017;1;22;1074;7578;5;0;1.95;1;0;;;;1;0;11;6;14.67
MCOAVC;2019;2A0000022;2A0000014;1;9;631;3170;;4;2.39;0;1;;;;0;1;27;2;30.47
MCOAVC;2019;300782117;300780038;1;12;898;3008;13;0;9.22;1;0;12;0;8.92;1;0;39;3;25.36
MCOAVC;2019;310781000;310788880;1;15;354;3220;;4;1;0;1;;4;1;0;1;11;1;11.54
MCOAVC;2019;310783048;310781406;1;69;3628;21937;9;5;7.23;1;1;6;5;6.14;1;1;97;21;107.7
MCOAVC;2019;320000086;320780117;1;14;1070;3998;0;3;0.75;0;0;0;3;0.75;0;0;0;32;17.06
MCOAVC;2019;330000555;330781204;1;12;403;3072;6;1;2;0;1;6;1;1;0;1;51;8;15.52
MCOAVC;2019;330000605;330781253;1;13;648;5719;;5;1.27;0;1;;5;1.27;0;1;14;2;15.24
MCOAVC;2019;330781360;330781196;1;48;1883;14144;3;;2.15;1;1;3;;2.15;1;1;130;28;106.79
MCOAVC;2019;340000033;340780055;1;27;1087;8744;;3;2.01;;1;;2;1.04;;1;18;25;39.2
MCOAVC;2019;340015502;340000512;1;16;598;4153;10;;10;0;1;7;;7;0;1;9;;9
MCOAVC;2019;340782085;340780477;1;16;1224;5159;;5;1.64;0;1;;4;1.49;1;1;;;
MCOAVC;2019;350000147;350000022;1;15;1077;6048;;5;1.56;0;1;;5;1.56;0;1;22;38;42.43
MCOAVC;2019;350000741;350005179;1;26;840;5344;8;1;2.77;;;8;1;2.77;;;47;11;38.85
MCOAVC;2019;370000861;370000481;1;30;1918;9967;;;;;;;;;;;50;15;52.9
MCOAVC;2019;380000067;380780080;1;27;1090;8654;3;2;3.51;1;0;3;2;3.51;1;0;43;9;45.64
MCOAVC;2019;380000174;380781435;1;15;444;2880;;5;1.48;0;0;;5;1.48;0;0;1;40;15.69
MCOAVC;2019;390000040;390780146;1;3;434;719;;2;0.13;;0;;2;0.13;;0;;;
MCOAVC;2019;400000105;400780193;1;16;601;5115;;5;0.99;0;1;;5;0.99;0;1;16;20;26.42
MCOAVC;2019;400000139;400011177;1;13;482;4466;0;5;2.22;;;0;4;2.11;;;0;29;19.33
MCOAVC;2019;420000010;420780033;1;16;547;4529;6;2;2.16;0;1;3;0;0.98;0;1;36;13;22.96
MCOAVC;2019;420785354;420784878;1;23;612;7638;3;1;3.8;1;0;3;;3;1;0;38;11;38.93
MCOAVC;2019;430000117;430000018;1;7;457;3431;0;2;0.33;0;1;0;2;0.33;0;1;5;5;6.42
MCOAVC;2019;440000016;440000057;1;14;582;4556;6;2;5.67;0;1;5;2;5.47;0;1;10;17;19.25
MCOAVC;2019;440017598;440000289;1;23;1309;7633;;;;;;;;;;;24;14;33.35
MCOAVC;2019;450002613;450000088;1;18;919;5331;0;4;3.1;;;0;2;1.59;;;21;11;27.55
MCOAVC;2019;460000110;460780216;1;12;657;3201;2;0;2;0;1;2;0;2;0;1;24;2;25
MCOAVC;2019;470000423;470016171;1;18;884;4557;0;6;2.44;0;1;0;6;2.44;0;1;14;26;24.24
MCOAVC;2019;490000049;490000031;1;20;1135;6489;;1;0.08;;;;1;0.08;;;12;17;20.19
MCOAVC;2019;500000187;500000013;1;18;700;5426;3;1;1.64;0;0;1;1;0.18;0;0;14;4;16.42
MCOAVC;2019;500000450;500000112;1;16;628;4828;5;2;5.76;0;1;5;2;5.76;0;1;31;11;24.09
MCOAVC;2019;510004302;510000029;1;8;738;4878;2;;0.6;0;1;2;;0.6;0;1;19;3;18.67
MCOAVC;2019;540001138;540023264;1;36;1702;12176;6;0;2.19;1;1;6;;2.19;1;1;38;16;47.37
MCOAVC;2019;550000012;550006795;1;9;290;2303;2;2;2.05;0;1;;2;0.05;0;1;7;1;3.8
MCOAVC;2019;550000434;550003354;1;12;438;3632;;4;1.51;0;1;;1;0.2;0;0;;50;16.79
MCOAVC;2019;560000127;560023210;1;16;854;5352;3;0;2;0;1;3;0;2;0;1;4;63;43.07
MCOAVC;2019;560000135;560005746;1;18;805;6685;;6;2.32;0;1;;6;2.32;0;1;22;11;19.65
MCOAVC;2019;560000143;560014748;1;15;518;4626;2;0;0.74;;;2;0;0.73;0;1;5;1;5.94
MCOAVC;2019;570000059;570025254;1;18;626;5169;4;2;4.23;0;1;4;2;4.23;0;1;30;13;31.21
MCOAVC;2019;570000349;570005165;1;12;406;4053;3;0;2.97;0;1;;;;;;22;2;11.13
MCOAVC;2019;570026682;570005165;1;31;1188;8339;4;0;1.9;0;1;4;0;1.9;0;1;36;7;30.06
MCOAVC;2019;580972693;580780039;1;2;33;116;;4;0.2;0;1;;4;0.2;0;1;;;
MCOAVC;2019;590000337;590781415;1;16;859;4825;4;1;4.1;0;1;1;0;1;0;1;30;20;29.73
MCOAVC;2019;590000535;590781803;1;16;685;3805;6;1;6.2;1;1;;;;;;12;3;15.18
MCOAVC;2019;590000618;590782215;1;27;1289;9268;7;;6.5;1;1;7;;6.5;1;1;28;18;43.53
MCOAVC;2019;590780284;590051801;1;22;753;6142;4;2;4.65;0;1;4;2;4.65;0;1;14;31;25.95
MCOAVC;2019;590796975;590780193;1;46;1678;13931;7;;4;;;7;;4;;;72;35;88.73
MCOAVC;2019;590801106;590782421;1;23;921;6782;1;;1;0;1;1;;1;0;1;;;
MCOAVC;2019;590804696;590781902;1;12;496;3461;4;;1.92;0;1;4;;1.92;0;1;13;17;21.83
MCOAVC;2019;600000194;600100713;1;20;909;7415;0;3;2.1;;;0;3;2.1;;;32;6;31.66
MCOAVC;2019;600000467;600101984;1;10;382;3475;;7;2.77;;;;7;2.77;;;3;45;16.39
MCOAVC;2019;600113476;600100721;1;11;587;3452;5;5;5.87;;;5;4;5.54;;;44;17;53.67
MCOAVC;2019;610000051;610780082;1;10;509;3207;;;;;;;;;;;;35;12.59
MCOAVC;2019;620000034;620100057;1;17;988;5322;;3;1.5;1;0;;3;1.5;1;0;38;5;39.75
MCOAVC;2019;620000224;620100651;1;18;691;4867;6;1;1.98;1;0;6;1;1.98;1;0;42;18;23.49
MCOAVC;2019;620000257;620100685;1;27;1118;8647;4;10;2.97;1;0;4;5;2.97;1;0;34;8;36.18
MCOAVC;2019;620000323;620101337;1;15;713;5339;;5;0.74;;;;;;;;6;16;11.13
MCOAVC;2019;620000653;620103440;1;6;830;5973;;6;1.31;;;;6;1.31;;;;1;0.2
MCOAVC;2019;630000404;630780989;1;22;685;7352;5;;2.9;;;5;;2.9;1;;35;17;47.36
MCOAVC;2019;640000162;640780417;1;8;1110;4692;1;12;4.88;;;1;12;4.88;;;36;7;34.3
MCOAVC;2019;640000600;640781290;1;24;951;5222;2;10;5.12;0;1;2;10;5.12;0;1;10;5;11.02
MCOAVC;2019;650000417;650783160;1;12;480;3507;1;;0.3;0;1;;;;;;;;
MCOAVC;2019;660000084;660780180;1;8;1594;13212;9;6;12.45;;;9;6;12.45;;;27;;26.83
MCOAVC;2019;670783273;670780055;1;48;1710;13499;6;3;7.32;1;0;5;2;5.82;1;0;57;5;54.14
MCOAVC;2019;680000684;680000973;1;15;540;4936;9;0;9.88;0;1;9;0;9.88;0;1;5;3;6.95
MCOAVC;2019;680004546;680020336;1;15;439;6203;;4;2;;;;3;1.4;;;5;28;18.64
MCOAVC;2019;690000575;690782222;1;14;690;4343;0;5;2.43;0;1;0;5;2.43;0;1;0;30;14.86
MCOAVC;2019;690784178;690781810;1;35;2148;10707;4;3;2.98;0;0;3;3;2.98;0;0;54;9;59.96
MCOAVC;2019;690784194;690781810;1;14;273;4162;2;;0.4;0;1;;;;0;1;15;7;18.47
MCOAVC;2019;700000029;700004591;1;4;378;1291;1;1;1.2;;1;;;;;;;4;0.42
MCOAVC;2019;710978263;710780958;1;6;901;1770;5;3;3;1;;5;3;3;1;;;;
MCOAVC;2019;720000033;720000025;1;15;714;4833;1;2;2.27;0;0;0;2;1.27;0;0;4;30;23.67
MCOAVC;2019;730000031;730000015;1;24;1116;7705;6;2;6.07;;1;;;;;;48;12;56.7
MCOAVC;2019;740000237;740781133;1;15;715;4800;2;3;2.75;1;0;2;3;2.75;1;0;0;59;29.51
MCOAVC;2019;740000302;740781133;1;9;285;2768;;6;1.01;;;;;;;;;30;5.58
MCOAVC;2019;740781141;740790258;1;8;352;3718;1;3;0.32;0;1;1;3;0.32;0;1;;;
MCOAVC;2019;750000499;750062036;1;25;1572;9892;5;;4.5;1;1;5;;4.5;1;1;167;192;326.81
MCOAVC;2019;750000523;750150120;1;35;1621;10148;5;5;7.52;1;0;5;5;7.52;1;0;33;8;29.35
MCOAVC;2019;750000549;750150229;1;24;1493;7427;6;2;8.28;;;4;1;3.82;;;45;6;42.79
MCOAVC;2019;750100042;750712184;1;35;1819;11532;0;8;2.4;1;1;0;0;;1;1;38;2;39.2
MCOAVC;2019;750100091;750712184;1;8;929;8759;3;4;6;0;0;3;4;6;0;0;40;5;43.9
MCOAVC;2019;750100125;750712184;1;103;898;7666;4;5;7.4;0;0;4;5;7.4;0;0;60;5;60.7
MCOAVC;2019;750100232;750712184;1;29;925;7325;;;;;;;;;;;16;1;16.23
MCOAVC;2019;760000158;760780239;1;30;1635;10071;3;;2.8;0;1;3;;2.8;0;1;74;22;81.24
MCOAVC;2019;760805770;760780726;1;20;990;6690;3;6;5.29;;;3;5;4.93;;;23;20;33.13
MCOAVC;2019;770000446;770021145;1;26;710;9316;4;3;2.54;;;;;;;;1;;1
MCOAVC;2019;780000287;780110011;1;12;619;5175;5;4;1.31;;;;;;;;17;3;15.44
MCOAVC;2019;780000311;780001236;1;16;621;5184;4;4;5.2;0;1;4;4;5.2;0;1;9;4;13.16
MCOAVC;2019;780800256;780110078;1;24;1031;7478;;16;3;;;;;;;;25;11;30.07
MCOAVC;2019;790000087;790000012;1;20;1072;6735;;;;0;1;;;;0;1;32;12;36.27
MCOAVC;2019;800006124;800000044;1;23;1097;7528;2;16;6.57;1;0;2;16;6.57;1;0;42;3;42.93
MCOAVC;2019;810000224;810000471;1;4;323;1253;4;;4;0;1;4;;4;0;1;;;
MCOAVC;2019;810000505;810000331;1;6;411;1431;0;4;1.59;0;1;0;4;1.59;0;1;8;5;9.81
MCOAVC;2019;810000521;810000380;1;4;308;711;5;1;0.9;0;1;5;1;0.9;0;;46;16;13.53
MCOAVC;2019;820000032;820000016;1;6;794;2759;;5;0.55;0;1;;5;0.55;0;1;11;22;18.99
MCOAVC;2019;830000345;830100616;1;16;724;4560;3;2;1.8;1;;3;2;1.8;1;;;51;14.02
MCOAVC;2019;830100574;750821092;1;8;414;2450;6;;6;;;6;;6;;;17;5;19
MCOAVC;2019;840001861;840006597;1;17;825;7160;0;5;1.77;1;1;0;5;1.77;1;1;0;63;32.3
MCOAVC;2019;850000142;850000019;1;10;641;5404;;7;1.52;;;;6;1.11;;;;63;36.79
MCOAVC;2019;860000223;860014208;1;20;1073;8008;19;18;22.72;1;0;1;4;2.7;1;1;15;;15
MCOAVC;2019;870000064;870000015;1;26;1155;8156;4;1;1.87;1;0;4;1;1.87;1;0;44;5;49.12
MCOAVC;2019;880000021;880007059;1;12;431;4748;1;4;3.2;0;;;;;;;25;5;27.31
MCOAVC;2019;890975550;890970569;1;2;;;;;;;;;;;;;22;6;27.53
MCOAVC;2019;900003039;900000365;1;4;631;9699;5;2;4.57;0;1;;;;;;;;
MCOAVC;2019;910000306;910110055;1;24;812;7971;2;3;2.31;;;;;;;;;3;1.16
MCOAVC;2019;910020254;910002773;1;36;1678;15342;10;6;10.53;1;;10;5;10.03;1;;5;2;5.4
MCOAVC;2019;920000650;920150059;1;26;1018;6315;3;;3;0;0;3;;3;0;0;11;;10.33
MCOAVC;2019;930000328;930110051;1;28;952;10129;12;2;8.86;1;0;12;1;8.76;1;0;62;2;61.84
MCOAVC;2019;930000336;930110069;1;24;1113;9894;11;;3.04;;;;;;;;94;;33.97
MCOAVC;2019;940100027;750712184;1;23;920;7934;4;;4;1;1;4;;4;1;1;35;3;36.2
MCOAVC;2019;940100043;750712184;1;32;1186;7369;5;0;5;;;;;;;;29;1;28
MCOAVC;2019;950000331;950110049;1;36;1208;12197;2;9;6.96;;;2;9;6.96;;;25;18;37.13
MCOAVC;2019;950000364;950110080;1;27;920;8034;6;4;7.94;;;6;4;7.94;;;;;
MCOAVC;2019;970100442;970100228;1;16;777;4690;3;3;3.9;1;1;3;3;3.9;1;1;15;1;15.5
MCOAVC;2019;970211215;970211207;1;25;667;7960;4;1;2.82;;;4;1;2.82;;;23;;23
MCOAVC;2019;970400024;970408589;1;16;729;5799;3;;3;;;2;;2;;;26;1;26.5
MCOAVC;2019;970400057;970408589;1;19;1082;6063;3;9;7.74;0;1;3;9;7.74;0;1;30;40;41.71
MCOAVC;2018;010000024;010780054;1;18;559;5365;5;1;2.43;0;1;5;1;2.43;0;1;;;
MCOAVC;2018;020000162;020000063;1;21;714;6234;4;1;4.6;0;1;4;1;4.6;0;1;18;2;18.1
MCOAVC;2018;020000519;020000261;1;6;1147;6449;5;;5;0;1;5;;5;0;1;10;2;11.8
MCOAVC;2018;030000079;030780100;1;18;543;5134;5;3;5.42;0;1;5;3;5.42;0;1;;;
MCOAVC;2018;030000087;030780118;1;14;443;4230;3;0;0.9;0;1;3;0;0.9;0;1;9;11;15.1
MCOAVC;2018;060000544;060780988;1;18;824;5225;5;1;4.12;0;1;4;0;2.79;0;1;31;4;17.47
MCOAVC;2018;060785003;060785011;1;24;827;8171;3;2;4.2;1;0;2;1;3;1;0;627;120;634.25
MCOAVC;2018;100000090;100000017;1;16;678;5037;0;3;0.91;0;1;0;3;0.91;0;1;1;35;20.92
MCOAVC;2018;110000023;110780061;1;14;643;3833;;5;1.48;0;1;;5;1.48;0;1;37;16;22.19
MCOAVC;2018;110000056;110780137;1;4;872;6983;1;2;0.8;0;1;1;2;0.8;0;1;20;3;8.84
MCOAVC;2018;120000039;120780044;1;8;509;2267;5;3;5.27;0;1;5;3;5.27;0;1;20;20;30.46
MCOAVC;2018;130000409;130041916;1;4;565;966;0;5;0.62;1;0;0;5;0.62;1;0;6;8;8.87
MCOAVC;2018;130783293;130786049;1;26;1191;8853;25;21;25.6;1;1;23;15;21.6;1;1;132;40;142.13
MCOAVC;2018;140000027;140000035;1;13;702;4169;3;3;4.55;;;;;;;;24;12;28.6
MCOAVC;2018;140000209;140000100;1;26;1113;8779;3;2;1.82;0;1;3;2;1.82;0;1;31;21;38.52
MCOAVC;2018;160000253;160000451;1;10;587;3070;3;2;3.18;0;1;3;2;3.18;0;1;23;24;37.43
MCOAVC;2018;170000087;170024194;1;19;1069;6416;9;1;2.49;0;1;;;;0;1;17;5;19.1
MCOAVC;2018;170000103;170780175;1;18;639;6686;4;0;1.17;0;1;3;0;0.65;0;1;24;7;22
MCOAVC;2018;180000010;180000028;1;12;469;3441;;4;1.3;0;1;;4;1.3;0;1;7;29;18.74
MCOAVC;2018;210987558;210780581;1;10;1002;3147;8;;1.13;1;0;8;;1.13;1;0;19;;16.65
MCOAVC;2018;220000012;220000020;1;27;1381;8870;6;1;6.9;0;1;6;1;6.9;0;1;35;27;48.94
MCOAVC;2018;240000489;240000117;1;17;750;5043;2;;2;0;1;2;;2;0;;13;1;12
MCOAVC;2018;250006954;250000015;1;24;935;7953;;6;2.48;1;0;;6;2.48;1;0;28;25;42.94
MCOAVC;2018;260000013;260000021;1;20;884;6230;8;0;2;1;0;8;0;2;0;1;24;18;31.04
MCOAVC;2018;260000138;260000047;1;12;265;2651;4;1;3.84;0;1;4;1;3.84;0;1;29;9;33.65
MCOAVC;2018;270000359;270023724;1;4;329;1231;7;1;5.87;0;1;7;1;5.87;0;1;;28;9.39
MCOAVC;2018;280000084;280000183;1;4;365;1269;5;2;1.39;;;5;2;1.39;;;19;2;9.2
MCOAVC;2018;280504267;280000134;1;16;598;4813;4;2;2.66;0;1;4;2;2.66;0;1;7;5;10.7
MCOAVC;2018;290000025;290020700;1;6;665;3949;1;5;2;0;1;1;5;2;0;1;32;16;12.23
MCOAVC;2018;290004324;290000017;1;22;1118;7705;5;1;3.2;1;0;;;;1;0;11;5;15.09
MCOAVC;2018;2A0000022;2A0000014;1;9;559;2957;0;5;1.7;0;1;;;;;;31;2;32.3
MCOAVC;2018;300782117;300780038;1;8;907;2809;13;4;12.05;1;0;11;0;8.72;1;0;25;3;23.49
MCOAVC;2018;310781000;310788880;1;15;335;3127;;;;;;;;;;;8;2;11.16
MCOAVC;2018;310783048;310781406;1;69;3708;22070;6;6;6.5;1;1;4;5;5.41;1;1;98;18;101.1
MCOAVC;2018;320000086;320780117;1;14;1082;3979;0;3;0.75;0;1;;;;0;1;;33;17.35
MCOAVC;2018;330000605;330781253;1;12;647;4795;;5;1.71;0;1;;5;1.71;0;1;15;2;14.88
MCOAVC;2018;330781360;330781196;1;48;1855;13236;3;;2.4;1;1;3;;2.4;1;1;95;18;108.65
MCOAVC;2018;340000033;340780055;1;25;1145;8716;;6;2.49;0;1;;4;1.29;0;1;17;25;35.67
MCOAVC;2018;340015502;340000512;1;16;527;3214;10;;10;0;1;7;;7;0;1;9;;9
MCOAVC;2018;340782085;340780477;1;16;1212;5282;2;4;2.07;;;2;3;1.92;;;13;;12.7
MCOAVC;2018;350000147;350000022;1;16;974;5996;;6;2.04;0;1;;6;2.04;0;1;21;10;24.75
MCOAVC;2018;350000741;350005179;1;14;734;4211;5;2;2.07;0;1;5;2;2.07;0;1;89;22;89.55
MCOAVC;2018;360000137;360000053;1;16;;;;;;0;;;;;0;1;;;
MCOAVC;2018;370000861;370000481;1;30;1838;10396;8;2;8.95;0;0;2;;2;0;0;47;18;51.72
MCOAVC;2018;380000067;380780080;1;27;989;9088;3;2;3.2;0;0;3;2;3.2;0;0;42;7;45.44
MCOAVC;2018;380000174;380781435;1;15;495;3003;;5;1.55;0;1;;5;1.55;0;1;1;39;15.78
MCOAVC;2018;390000040;390780146;1;3;457;758;;2;0.24;0;1;;;;0;1;;33;4.7
MCOAVC;2018;400000105;400780193;1;16;587;5609;;3;0.55;0;1;;3;0.55;0;1;15;19;30.27
MCOAVC;2018;400000139;400011177;1;13;588;4530;0;5;1.94;0;1;0;4;1.94;;;0;30;19.96
MCOAVC;2018;420000010;420780033;1;16;573;5110;6;1;1.82;0;1;3;0;0.81;0;1;38;8;23.02
MCOAVC;2018;420785354;420784878;1;23;591;7429;3;1;3.74;1;0;3;0;2.94;1;0;38;11;38.93
MCOAVC;2018;430000117;430000018;1;11;425;3086;0;1;0.13;0;1;0;1;0.13;0;1;5;5;5.08
MCOAVC;2018;440000016;440000057;1;14;711;4757;5;2;4.89;0;1;5;1;4.69;0;1;8;14;16.11
MCOAVC;2018;440017598;440000289;1;8;1196;2970;;;;;;;;;;;25;18;35.4
MCOAVC;2018;450002613;450000088;1;18;875;5453;0;5;2.45;0;1;0;3;1.53;0;1;27;6;28.97
MCOAVC;2018;460000110;460780216;1;12;640;3289;2;0;2;0;1;2;0;2;0;1;23;3;24
MCOAVC;2018;470000423;470016171;1;18;910;4695;0;5;1.7;0;1;0;5;1.7;0;1;15;16;25.57
MCOAVC;2018;490000049;490000031;1;20;1033;6086;2;0;2;0;1;2;0;2;0;1;13;14;20.18
MCOAVC;2018;500000187;500000013;1;18;705;5595;0;6;0.55;0;1;0;0;0;0;1;13;2;13.12
MCOAVC;2018;500000450;500000112;1;16;643;5230;5;2;4.85;0;1;5;2;4.85;;;30;10;23.58
MCOAVC;2018;510004302;510000029;1;4;676;3991;2;;0.6;0;1;2;;0.6;0;1;17;4;9.37
MCOAVC;2018;540001138;540023264;1;36;1651;12524;;5;2.42;1;1;;5;2.42;1;1;32;23;47.91
MCOAVC;2018;550000012;550006795;1;9;295;2447;2;2;2.05;0;1;;2;0.05;0;1;8;;3.85
MCOAVC;2018;550000434;550003354;1;12;481;3635;;4;1.32;0;1;;1;0.2;0;0;;58;12.03
MCOAVC;2018;560000127;560023210;1;16;974;5287;3;0;2;0;1;3;0;2;0;1;2;60;42.08
MCOAVC;2018;560000135;560005746;1;18;833;6322;5;2;2.17;0;1;5;2;2.17;0;1;20;6;8.69
MCOAVC;2018;560000143;560014748;1;15;533;4996;5;;2.09;;;5;;2.09;0;1;36;7;22.38
MCOAVC;2018;570000059;570025254;1;22;639;4994;5;1;4.13;0;1;5;1;4.13;0;1;29;14;34.67
MCOAVC;2018;570000349;570005165;1;12;471;3972;4;;1.64;0;1;;;;;;21;4;11.95
MCOAVC;2018;570026682;570005165;1;31;1248;10700;4;3;3.17;0;1;4;3;3.17;0;1;39;7;44.56
MCOAVC;2018;590000337;590781415;1;16;867;4821;4;1;4.1;0;1;1;;1;0;1;49;44;25.67
MCOAVC;2018;590000535;590781803;1;16;710;4333;6;1;5.61;1;0;5;1;5.12;1;0;12;3;14.7
MCOAVC;2018;590000618;590782215;1;27;1268;8848;3;;3;1;1;3;;3;1;1;34;14;41.89
MCOAVC;2018;590780284;590051801;1;22;784;6121;;;;;;;;;;;21;25;27.54
MCOAVC;2018;590796975;590780193;1;46;1784;14464;8;;4.12;;;8;;4.12;;;74;28;93.11
MCOAVC;2018;590801106;590782421;1;23;902;5975;1;0;1;0;1;1;0;1;0;1;0;0;0
MCOAVC;2018;590804696;590781902;1;12;464;3330;5;;2;0;1;4;;2;0;1;16;13;21.41
MCOAVC;2018;600000194;600100713;1;20;944;7635;3;0;3.42;;;3;0;3.42;;;28;6;27.75
MCOAVC;2018;600000467;600101984;1;10;424;3608;;6;1.96;0;1;;6;1.96;0;1;5;20;14.47
MCOAVC;2018;600113476;600100721;1;11;554;3337;5;8;8.13;;;5;3;6.05;;;43;21;53.66
MCOAVC;2018;610000051;610780082;1;10;465;3174;;;;;;;;;;;;;
MCOAVC;2018;620000034;620100057;1;17;943;5024;;3;1.5;1;0;;3;1.5;1;0;37;5;39.5
MCOAVC;2018;620000224;620100651;1;18;638;4880;6;1;5.1;1;0;6;1;5.1;1;0;39;18;48.81
MCOAVC;2018;620000257;620100685;1;27;1004;8845;4;0;4;1;0;4;0;4;1;0;65;13;69.84
MCOAVC;2018;620000323;620101337;1;15;725;5293;;5;0.71;1;;;;;;;5;5;8.12
MCOAVC;2018;620000653;620103440;1;6;821;5577;;7;1;0;1;;7;1;0;1;2;1;1.8
MCOAVC;2018;630000404;630780989;1;22;731;7495;7;;3.54;0;0;7;;3.54;1;0;33;19;48.28
MCOAVC;2018;640000162;640780417;1;6;937;4594;4;10;5.36;1;0;4;10;5.36;1;0;33;8;33.99
MCOAVC;2018;640000600;640781290;1;16;870;5219;;2;1.23;;;;2;1.23;;;8;10;11.61
MCOAVC;2018;650000417;650783160;1;12;506;3757;1;;0.3;0;1;1;;0.3;;;;;
MCOAVC;2018;660000084;660780180;1;8;1593;13546;13;1;12.4;;;13;1;12.4;;;52;5;35.03
MCOAVC;2018;670783273;670780055;1;48;2035;17121;13;1;10.54;1;0;10;1;7.15;1;0;91;19;102.27
MCOAVC;2018;680000684;680000973;1;15;519;5069;12;;11.6;0;1;10;;9.6;0;1;5;4;7.3
MCOAVC;2018;680004546;680020336;1;15;477;6444;0;4;2;0;1;0;3;1.4;0;1;5;22;10.02
MCOAVC;2018;690000575;690782222;1;14;726;4398;;8;3.08;0;1;;7;2.58;0;1;;6;2.3
MCOAVC;2018;690784178;690781810;1;35;2191;12090;3;3;3.08;1;0;2;3;3.08;1;0;56;5;58.08
MCOAVC;2018;690784194;690781810;1;14;271;4450;2;;0.5;0;1;;;0.17;0;1;13;4;16.54
MCOAVC;2018;700000029;700004591;1;4;53;179;;2;0.4;;;;2;0.4;;;;11;1.3
MCOAVC;2018;710978263;710780958;1;5;775;1694;4;3;4.8;;1;4;3;4.8;;1;;;
MCOAVC;2018;720000033;720000025;1;15;810;4743;1;2;2.27;0;1;0;2;1.27;0;1;1;31;22.08
MCOAVC;2018;730000031;730000015;1;24;894;7927;4;1;2.22;0;1;4;1;2.22;0;1;64;12;68.58
MCOAVC;2018;740000237;740781133;1;15;712;4759;2;3;2.77;1;0;2;3;2.77;0;1;35;18;24.8
MCOAVC;2018;740781141;740790258;1;8;341;3313;1;3;0.8;0;1;;;;0;1;;;
MCOAVC;2018;750000499;750140014;1;35;1672;10541;6;;5.05;1;1;6;;5.05;1;1;23;68;33.08
MCOAVC;2018;750000523;750150120;1;23;1483;9236;5;5;6.26;1;0;5;5;6.26;1;0;32;3;33.8
MCOAVC;2018;750000549;750150229;1;24;1317;7668;3;1;3.96;0;0;3;;3;0;0;39;4;37.99
MCOAVC;2018;750100042;750712184;1;11;1153;8305;2;;2;1;0;2;;2;1;0;20;;20
MCOAVC;2018;750100091;750712184;1;24;962;7667;2;4;3.3;1;0;2;4;3.3;1;0;24;1;17.17
MCOAVC;2018;750100125;750712184;1;26;979;7849;4;5;6.9;0;0;4;5;6.9;0;0;57;3;59.3
MCOAVC;2018;750100232;750712184;1;29;1077;8755;;;;;;;;;;;;;
MCOAVC;2018;760000158;760780239;1;30;1687;10159;3;;2.8;0;1;;;;0;1;70;22;82.88
MCOAVC;2018;760805770;760780726;1;20;954;6597;3;6;4.63;0;1;3;6;4.63;0;1;26;18;32.75
MCOAVC;2018;770000446;770021145;1;26;743;8601;;5;1.14;1;0;;;;1;0;1;;1
MCOAVC;2018;780000287;780110011;1;12;619;4743;4;2;1.28;0;0;4;2;1.28;0;1;21;3;14.63
MCOAVC;2018;780000311;780001236;1;16;685;5437;4;4;4.6;0;1;4;4;4.6;0;1;10;2;12.5
MCOAVC;2018;780800256;780110078;1;24;987;5759;0;16;3;1;0;;;;;;25;11;30.07
MCOAVC;2018;790000087;790000012;1;20;1078;6868;4;2;4.3;0;1;4;2;4.3;0;1;26;13;36.55
MCOAVC;2018;800006124;800000044;1;23;1059;7261;2;15;6.43;1;0;2;15;6.43;1;0;36;6;41.06
MCOAVC;2018;810000224;810000471;1;4;366;1337;4;;4;0;1;4;;4;0;1;;;
MCOAVC;2018;810000505;810000331;1;6;434;1578;3;3;4.97;0;1;3;3;4.97;0;1;8;6;9.02
MCOAVC;2018;810000521;810000380;1;4;339;821;4;1;0.59;0;1;1;1;0.59;0;1;42;17;13.95
MCOAVC;2018;820000032;820000016;1;6;747;2736;;5;0.49;0;1;;5;0.49;0;1;13;16;19.5
MCOAVC;2018;830000345;830100616;1;16;765;5180;0;2;0.75;0;1;0;2;0.75;0;1;0;42;10.77
MCOAVC;2018;830100574;750821092;1;9;435;2941;3;;2.6;;;;;;;;;;
MCOAVC;2018;840001861;840006597;1;17;770;6634;4;5;1.96;0;1;4;5;1.96;0;1;41;8;28.74
MCOAVC;2018;850000142;850000019;1;10;639;5227;;4;0.75;;;;4;0.75;;;;60;20.18
MCOAVC;2018;860000223;860014208;1;20;1000;7276;7;4;2.3;1;1;7;3;1.8;1;1;15;;15
MCOAVC;2018;870000064;870000015;1;26;1086;8455;4;1;2.26;1;0;4;1;2.26;1;0;43;7;48.92
MCOAVC;2018;880000021;880007059;1;12;453;4513;2;2;3.16;;;2;1;3.16;;;39;11;42.57
MCOAVC;2018;880000062;880780093;1;6;110;1066;;4;1;;;;;;;;29;2;4.17
MCOAVC;2018;890975550;890970569;1;2;1;3;4;1;3.48;0;1;;;;0;1;29;4;26.37
MCOAVC;2018;900003039;900000365;1;4;606;9453;6;2;5.76;0;1;5;2;5.56;0;1;;;
MCOAVC;2018;910000306;910110055;1;24;775;7068;2;3;2.31;;;;;;;;;3;1.16
MCOAVC;2018;910020254;910002773;1;36;1820;15115;10;6;10.53;;;10;5;10.03;;;4;3;5.68
MCOAVC;2018;920000650;920150059;1;26;1007;5703;3;;3;0;0;3;;3;0;0;11;;11.97
MCOAVC;2018;930000328;930110051;1;28;905;8945;8;1;9;1;0;8;1;9;1;0;48;3;51
MCOAVC;2018;930000336;930110069;1;24;966;8303;2;5;6.28;1;0;;;;1;0;18;40;49.6
MCOAVC;2018;940100027;750712184;1;25;866;7917;4;;4;1;1;4;;4;1;1;35;3;36.2
MCOAVC;2018;940100043;750712184;1;39;1162;7482;6;0;4.5;;;2;;0.2;;;25;1;25.9
MCOAVC;2018;950000331;950110049;1;36;1255;10751;2;12;6.98;;;2;12;6.98;;;23;18;34.84
MCOAVC;2018;950000364;950110080;1;26;894;7677;7;1;6.5;1;0;;;;1;0;;;
MCOAVC;2018;970100442;970100228;1;18;530;4539;3;3;3.9;1;1;3;3;3.9;1;1;15;1;15.5
MCOAVC;2018;970211215;970211207;1;21;651;7611;5;;1.9;;;;;;;;23;;23
MCOAVC;2018;970400024;970408589;1;17;805;5812;3;0;3;0;1;2;0;2;0;1;26;1;26.5
MCOAVC;2018;970400057;970408589;1;19;1211;6282;3;9;7.74;0;1;3;9;7.74;0;1;30;40;41.71
MCOAVC;2017;010000024;010780054;1;18;650;5446;6;;2.46;0;1;6;;2.46;0;1;;;
MCOAVC;2017;020000162;020000063;1;21;740;6117;5;2;5.7;0;1;5;2;5.7;0;1;18;2;18.1
MCOAVC;2017;020000519;020000261;1;5;1062;7072;5;;5;0;1;5;;5;0;1;10;2;11.8
MCOAVC;2017;030000079;030780100;1;18;586;4475;5;2;4.8;0;1;4;2;3.8;0;1;;;
MCOAVC;2017;030000087;030780118;1;14;494;3973;3;0;0.9;0;1;3;0;0.9;0;1;11;4;14.24
MCOAVC;2017;060000544;060780988;1;10;499;2898;3;;2.42;0;0;;;;;;28;5;14.19
MCOAVC;2017;060785003;060785011;1;24;29;193;4;3;4.8;1;0;3;1;2.67;1;0;;;
MCOAVC;2017;100000090;100000017;1;16;592;5184;0;3;1.13;0;1;0;3;1.13;0;1;32;4;21.28
MCOAVC;2017;110000023;110780061;1;14;614;4522;;6;1.76;0;1;;6;1.76;0;1;36;15;23.53
MCOAVC;2017;110000056;110780137;1;4;450;1524;4;1;0.8;0;1;4;1;0.8;0;1;22;6;8.65
MCOAVC;2017;120000039;120780044;1;8;474;2009;;5;1.5;0;1;;5;1.5;0;1;15;21;30.31
MCOAVC;2017;130000409;130041916;1;4;437;514;0;6;0.22;1;;0;6;0.22;1;;4;7;7.61
MCOAVC;2017;130783293;130786049;1;26;1081;8369;23;20;22.07;0;1;22;15;19.18;0;1;118;39;144.12
MCOAVC;2017;140000027;140000035;1;13;909;4171;2;4;4.4;0;1;1;3;2.9;0;1;21;10;25.99
MCOAVC;2017;140000209;140000100;1;26;1092;8739;3;2;1.8;0;1;3;2;1.8;0;1;30;21;39.53
MCOAVC;2017;160000253;160000451;1;10;605;3024;2;3;3.52;;1;2;3;3.23;;1;23;25;38.34
MCOAVC;2017;170000087;170024194;1;19;1125;5855;9;1;3.02;;;;;;;;21;4;19.19
MCOAVC;2017;170000103;170780175;1;18;669;5824;3;0;0.52;0;1;3;0;0.52;0;1;20;6;16.6
MCOAVC;2017;180000010;180000028;1;12;512;3631;;4;1.3;0;1;;4;1.3;0;1;7;5;10.1
MCOAVC;2017;210987558;210780581;1;10;1075;3137;7;;1.11;1;0;7;;1.11;1;0;19;;17.07
MCOAVC;2017;220000012;220000020;1;27;1409;8862;6;1;6.9;0;;6;1;6.9;;1;43;25;49.97
MCOAVC;2017;240000489;240000117;1;15;632;4768;2;;2;;1;2;;2;;;12;1;12.89
MCOAVC;2017;250006954;250000015;1;24;925;8324;2;4;3;1;0;2;3;2.9;1;0;32;19;43.58
MCOAVC;2017;260000013;260000021;1;20;880;6601;8;0;2;1;0;8;0;2;1;0;30;14;31.64
MCOAVC;2017;260000138;260000047;1;12;237;2223;3;1;4.83;0;1;3;1;4.83;0;1;26;10;34.84
MCOAVC;2017;280000084;280000183;1;5;366;1331;5;2;1.4;0;1;5;2;1.4;0;1;25;3;11.13
MCOAVC;2017;280504267;280000134;1;16;560;5000;5;0;2.67;0;1;5;0;2.67;0;1;10;3;11.26
MCOAVC;2017;290000025;290020700;1;6;710;4510;2;0;1;0;1;2;0;1;0;1;32;12;11.65
MCOAVC;2017;290004324;290000017;1;22;1143;7584;5;1;3.2;1;0;;;;1;0;12;6;15.47
MCOAVC;2017;2A0000022;2A0000014;1;9;526;3225;1;4;2.2;0;1;;2;1;0;1;29;3;30.9
MCOAVC;2017;300782117;300780038;1;8;948;2708;13;0;10.27;1;0;12;0;9.97;1;0;20;3;20.18
MCOAVC;2017;310781000;310788880;1;15;347;2830;3;;3;0;1;3;;3;0;1;8;2;12.13
MCOAVC;2017;310783048;310781406;1;69;3469;21448;7;5;6.97;1;1;5;4;5.62;1;1;94;25;105.35
MCOAVC;2017;320000086;320780117;1;14;1079;3938;;3;0.75;0;1;;3;0.75;0;1;;33;17.35
MCOAVC;2017;330000605;330781253;1;8;520;4283;;4;1.44;0;1;;4;1.44;0;1;;;
MCOAVC;2017;330781360;330781196;1;40;1698;13913;4;;2.3;;;3;;2.3;;;80;12;89.7
MCOAVC;2017;340000033;340780055;1;25;1117;8244;6;;2.5;0;1;4;;1.3;0;1;31;10;37.41
MCOAVC;2017;340015502;340000512;1;16;489;1837;10;;10;0;1;6;;6;0;1;9;;9
MCOAVC;2017;340782085;340780477;1;16;1228;5076;2;4;2.07;1;1;2;3;1.92;1;1;14;;12.94
MCOAVC;2017;350000147;350000022;1;16;903;4963;;6;2.11;0;1;;6;2.11;0;1;21;10;21.2
MCOAVC;2017;350000741;350005179;1;14;715;4323;2;;1.53;0;1;2;;1.53;0;1;59;40;81.49
MCOAVC;2017;370000861;370000481;1;30;1677;9967;7;2;7.9;0;0;7;2;7.9;0;0;46;17;53.75
MCOAVC;2017;380000067;380780080;1;27;926;9388;3;2;2.87;0;0;3;2;2.87;0;0;43;7;46.71
MCOAVC;2017;380000174;380781435;1;15;494;3380;;5;1.55;0;1;;5;1.55;0;1;1;44;15.19
MCOAVC;2017;390000040;390780146;1;3;448;768;;4;1.24;0;1;;;;0;1;0;45;5.2
MCOAVC;2017;400000105;400780193;1;16;634;5586;;5;0.8;0;1;;5;0.8;0;1;10;26;32.56
MCOAVC;2017;400000139;400011177;1;13;580;3485;0;4;1.59;;;0;3;1.48;;;0;39;19.16
MCOAVC;2017;420000010;420780033;1;16;608;5158;7;2;2.33;0;1;3;1;0.87;0;1;35;8;22.58
MCOAVC;2017;420785354;420784878;1;23;680;7699;3;1;3.8;1;0;3;0;3;1;0;41;9;39.27
MCOAVC;2017;440000016;440000057;1;14;785;4837;5;;5;0;1;5;;5;0;1;2;29;22.93
MCOAVC;2017;440017598;440000289;1;8;1058;2507;8;;2.65;;;8;;2.65;;;31;10;31.33
MCOAVC;2017;450002613;450000088;1;18;776;5463;3;0;2.4;0;1;0;0;0;0;1;20;13;29.17
MCOAVC;2017;460000110;460780216;1;12;613;3060;2;0;2;0;1;2;0;2;0;1;23;3;23.41
MCOAVC;2017;470000423;470016171;1;18;860;4877;0;5;1.89;0;1;0;5;1.89;0;1;15;16;26.46
MCOAVC;2017;490000049;490000031;1;20;1094;6096;2;0;2;0;1;2;0;2;0;1;8;3;8
MCOAVC;2017;500000187;500000013;1;18;780;6459;;6;1.6;;;;;;;;11;6;14.63
MCOAVC;2017;500000450;500000112;1;16;645;5306;5;2;2.66;0;1;5;2;2.66;0;1;21;17;22.18
MCOAVC;2017;510004302;510000029;1;4;624;3728;1;0;0.3;0;1;1;0;0.3;0;1;9;4;8.04
MCOAVC;2017;540001138;540023264;1;36;1497;12558;;5;2.5;1;1;;5;2.5;1;1;33;18;53.4
MCOAVC;2017;550000012;550006795;1;9;285;2461;3;3;1.88;0;1;;3;0.1;0;1;158;25;156.85
MCOAVC;2017;550000434;550003354;1;12;479;3696;;5;1.17;0;1;;1;0.3;0;0;;66;12.17
MCOAVC;2017;560000127;560023210;1;16;944;5345;3;;2;0;1;3;;2;0;1;3;62;47.57
MCOAVC;2017;560000135;560005746;1;18;655;6654;3;2;1.87;0;1;3;2;1.87;0;1;20;6;8.69
MCOAVC;2017;560000143;560014748;1;15;537;4536;5;;2.09;;;5;;2.09;0;1;36;7;22.38
MCOAVC;2017;570000059;570025254;1;22;643;4992;5;1;4.3;0;1;5;1;4.3;0;1;29;14;34.67
MCOAVC;2017;570026682;570005165;1;31;1189;11205;3;3;3.43;0;1;3;3;3.43;0;1;46;14;56.64
MCOAVC;2017;590000337;590781415;1;16;841;4698;4;1;4.1;0;1;1;0;1;0;1;8;11;16.25
MCOAVC;2017;590000535;590781803;1;16;702;4363;5;0;0.2;1;0;5;0;0.2;;0;13;2;15.09
MCOAVC;2017;590000618;590782215;1;27;1300;8784;3;;3;1;1;3;;3;1;1;32;14;41.4
MCOAVC;2017;590780284;590051801;1;22;817;6310;;;;0;1;;;;0;1;18;39;26.61
MCOAVC;2017;590796975;590780193;1;39;1510;12322;9;0;4.22;;;9;0;4.22;;;51;23;68.82
MCOAVC;2017;590801106;590782421;1;23;855;6372;1;;1;;;1;;1;;;;;
MCOAVC;2017;590804696;590781902;1;12;454;3460;5;;2;0;1;4;;2;0;1;15;13;20.68
MCOAVC;2017;600000194;600100713;1;20;915;6612;;3;1.45;0;1;;3;1.45;;;14;4;17.07
MCOAVC;2017;600000467;600101984;1;12;359;2937;;6;2.02;0;1;;6;2.02;0;1;5;21;11.02
MCOAVC;2017;600113476;600100721;1;11;539;2604;6;6;6.44;0;1;6;3;5.21;0;1;42;18;52.2
MCOAVC;2017;610000051;610780082;1;10;70;565;;;;;;;;;;;;36;2.93
MCOAVC;2017;620000034;620100057;1;17;987;5452;;3;1.4;1;0;;3;1.4;1;0;;;30.3
MCOAVC;2017;620000224;620100651;1;8;666;4073;5;;1.85;;;5;;1.85;;;24;5;11.79
MCOAVC;2017;620000257;620100685;1;27;1061;8418;4;0;4;1;0;4;0;4;1;0;72;11;74.1
MCOAVC;2017;620000323;620101337;1;19;704;5939;;3;0.57;1;;;;;;;5;7;9.33
MCOAVC;2017;620000653;620103440;1;6;823;6353;4;2;0.84;0;1;4;2;0.84;0;1;3;;3
MCOAVC;2017;630000404;630780989;1;22;684;7375;7;0;2.87;;;7;0;2.87;1;0;34;14;41.44
MCOAVC;2017;640000162;640780417;1;6;1000;4679;2;10;5.2;;;2;10;5.2;;;32;10;38.71
MCOAVC;2017;640000600;640781290;1;16;864;5026;0;2;1.6;;;0;2;1.6;;;9;6;12.68
MCOAVC;2017;650000417;650783160;1;12;578;4420;1;;0.3;0;1;1;;0.3;;;;;
MCOAVC;2017;660000084;660780180;1;8;1639;13041;13;1;10.4;;;13;1;10.4;;;53;5;31.83
MCOAVC;2017;670783273;670780055;1;48;1869;16230;13;1;10.54;1;0;10;1;7.15;1;0;86;24;104.84
MCOAVC;2017;680000684;680000973;1;15;535;4921;10;0;9.43;0;0;9;;9.43;0;1;5;4;7.18
MCOAVC;2017;680004546;680020336;1;15;500;6598;4;0;1.1;0;1;3;0;0.8;0;1;1;31;11.85
MCOAVC;2017;690000575;690782222;1;14;706;5043;;5;1.17;0;1;;5;1.17;0;1;;26;14.54
MCOAVC;2017;690784178;690781810;1;35;1871;11720;2;3;3.64;1;0;2;3;3.22;1;0;52;4;55.6
MCOAVC;2017;690784194;690781810;1;14;278;4167;1;;0.57;0;1;;;0.17;0;1;13;3;15.93
MCOAVC;2017;710978263;710780958;1;5;748;1601;5;3;5.27;;1;5;3;5.27;;1;;;
MCOAVC;2017;720000033;720000025;1;15;887;4620;0;3;1.8;0;1;0;2;1.3;;1;1;24;21.59
MCOAVC;2017;730000031;730000015;1;24;869;8199;3;0;2.2;0;1;0;0;0;;1;60;15;68.52
MCOAVC;2017;740000237;740781133;1;15;658;4452;4;1;2.75;0;1;4;1;2.75;0;1;31;18;26.95
MCOAVC;2017;740781141;740790258;1;8;367;2701;1;3;0.8;0;1;1;3;0.8;0;1;;;
MCOAVC;2017;750000499;750140014;1;35;1704;10603;6;0;5.05;1;1;6;0;5.05;1;1;13;67;43.08
MCOAVC;2017;750000523;750150120;1;23;1491;8647;5;5;6.76;1;0;5;5;6.76;1;0;32;3;19.59
MCOAVC;2017;750000549;750150229;1;24;1224;6901;3;1;3.19;0;0;3;;3;0;0;36;1;34.7
MCOAVC;2017;750100042;750712184;1;11;1189;9630;2;;2;1;0;2;;2;1;0;20;;20
MCOAVC;2017;750100091;750712184;1;24;1054;8102;2;4;3.3;1;0;2;4;3.3;1;0;24;1;19.17
MCOAVC;2017;750100125;750712184;1;26;958;8519;4;5;6.9;0;1;4;5;6.9;0;1;57;3;59.2
MCOAVC;2017;750100232;750712184;1;28;1050;9148;10;1;5.44;;;9;1;5.3;;;52;2;51.36
MCOAVC;2017;760000158;760780239;1;30;1603;9958;2;;1.8;0;1;;;;0;1;68;24;82.03
MCOAVC;2017;760805770;760780726;1;20;936;6817;3;4;4.7;0;1;3;3;4.5;0;1;25;17;34.63
MCOAVC;2017;770000446;770021145;1;26;645;7784;;5;0.97;1;0;;5;0.97;1;0;9;1;11.22
MCOAVC;2017;780000287;780110011;1;12;701;4802;4;2;1.28;;;4;2;1.28;;;20;4;16.16
MCOAVC;2017;780000311;780001236;1;16;701;1779;3;5;4.6;0;1;3;5;4.6;0;1;14;1;14.57
MCOAVC;2017;780800256;780110078;1;24;1111;7110;;16;3;;;;;;;;24;11;30.07
MCOAVC;2017;790000087;790000012;1;20;1145;6703;4;0;4;0;1;4;0;4;0;1;30;12;36.33
MCOAVC;2017;800006124;800000044;1;23;1096;7174;1;19;7.8;1;;1;15;7.14;1;;40;8;44.53
MCOAVC;2017;810000224;810000471;1;4;335;1259;4;;4;0;1;4;;4;0;1;;;
MCOAVC;2017;810000505;810000331;1;6;456;1688;3;3;4.97;0;1;3;3;4.97;0;1;8;6;9.54
MCOAVC;2017;810000521;810000380;1;4;384;890;4;2;0.42;0;1;4;2;0.42;0;1;43;18;14.09
MCOAVC;2017;820000032;820000016;1;6;718;2452;;5;0.62;;;;5;0.62;;;14;16;19.6
MCOAVC;2017;830000345;830100616;1;16;805;5363;;;;;;;;;;;2;9;10.6
MCOAVC;2017;830100574;750821092;1;9;377;2936;3;;2.6;0;1;3;;2.6;0;1;;;
MCOAVC;2017;840001861;840006597;1;17;846;6131;7;2;1.9;0;1;7;2;1.9;;;58;11;27.92
MCOAVC;2017;850000142;850000019;1;10;473;3455;0;4;0.75;;;;4;0.75;;;;53;16.88
MCOAVC;2017;860000223;860014208;1;20;1042;9398;7;4;2.3;1;1;7;3;1.8;1;1;15;;15
MCOAVC;2017;870000064;870000015;1;26;1129;8691;5;1;2.55;1;0;5;1;2.55;1;0;46;6;49.75
MCOAVC;2017;880000021;880007059;1;12;359;3339;2;1;1.8;;;2;0;1.6;;;49;6;52.89
MCOAVC;2017;880000062;880780093;1;6;133;1928;;4;1;0;1;;;;;;29;2;4.97
MCOAVC;2017;890975550;890970569;1;2;15;48;4;1;4.31;0;1;4;1;4.31;0;1;21;6;23.47
MCOAVC;2017;900003039;900000365;1;4;577;6961;5;3;6.32;;;5;3;6.32;0;1;;;
MCOAVC;2017;910000306;910110063;1;16;707;6855;1;3;1.3;1;0;1;3;1.3;1;0;;2;0.75
MCOAVC;2017;910020254;910002773;1;48;1672;16056;7;3;9.2;;;5;2;6.7;;;;;
MCOAVC;2017;920000650;920150059;1;24;1087;6681;3;;3;0;0;3;;3;0;0;12;;10.95
MCOAVC;2017;930000328;930110051;1;28;941;10210;8;1;9;1;0;8;1;9;1;0;48;3;51
MCOAVC;2017;930000336;930110069;1;24;770;7819;8;4;10.2;;;;;;;;65;1;52.62
MCOAVC;2017;940100027;750712184;1;25;1039;8106;4;;4;1;1;4;;4;1;1;37;2;38
MCOAVC;2017;940100043;750712184;1;39;1145;4831;6;;4.5;1;;2;;0.2;1;0;25;1;25.9
MCOAVC;2017;950000331;950110049;1;36;1282;11355;3;6;6.05;;;3;6;6.05;;;26;9;31.87
MCOAVC;2017;950000364;950110080;1;26;934;7446;;;;;;;;;;;;;
MCOAVC;2017;970100442;970100228;1;16;481;4781;3;3;3.9;1;1;3;3;3.9;1;1;15;1;15.5
MCOAVC;2017;970211215;970211207;1;21;531;5833;4;;1;0;1;1;;1;0;1;18;2;20.86
MCOAVC;2017;970400024;970408589;1;17;744;5414;2;1;2.8;0;1;2;;2;0;1;15;5;17.9
MCOAVC;2017;970400057;970408589;1;19;1224;6033;6;;3.2;;;;;;;;50;;40.95
MCOAVC;2016;010000024;010780054;1;18;554;4957;4;;1.83;0;1;4;;1.83;0;1;;;
MCOAVC;2016;020000162;020000063;1;6;641;1682;5;2;5.7;0;1;5;2;5.7;0;1;18;2;18.1
MCOAVC;2016;020000519;020000261;1;5;1112;6927;5;;5;0;1;5;;5;0;1;10;2;11.8
MCOAVC;2016;030000079;030780100;1;18;638;4456;6;2;3.81;0;1;4;2;3.81;;1;45;9;34.16
MCOAVC;2016;030000087;030780118;1;14;352;3429;5;1;5.8;0;1;5;1;5.8;0;1;12;5;14.02
MCOAVC;2016;060000544;060780988;1;5;;;1;;0.98;0;0;;;;;;21;4;2.51
MCOAVC;2016;060785003;060785011;1;32;;;5;3;5.28;0;0;3;1;3.28;0;0;;;
MCOAVC;2016;100000090;100000017;1;16;575;5187;;4;1.36;0;1;;4;1.36;0;1;28;7;21.09
MCOAVC;2016;110000023;110780061;1;14;621;4348;;7;1.19;0;1;;7;1.19;0;1;0;69;24.09
MCOAVC;2016;110000056;110780137;1;4;397;1369;4;1;0.8;0;1;4;1;0.8;0;1;21;7;8.73
MCOAVC;2016;120000039;120780044;1;8;508;2075;0;5;1.5;0;1;0;5;1.5;;;19;16;29.88
MCOAVC;2016;130000409;130041916;1;2;353;304;0;2;0.2;0;1;;;;;;;20;8.14
MCOAVC;2016;130783293;130786049;1;26;1105;8709;24;19;22.99;1;0;23;14;20.09;1;;123;49;147.53
MCOAVC;2016;140000027;140000035;1;13;249;712;4;1;0.5;0;1;3;1;0.37;0;1;23;8;27.75
MCOAVC;2016;140000209;140000100;1;26;1202;8518;3;2;1.85;0;1;3;2;1.85;0;1;30;19;38.87
MCOAVC;2016;160000253;160000451;1;10;620;2931;1;4;4.31;0;1;1;3;3.65;0;1;27;25;42.18
MCOAVC;2016;170000087;170024194;1;8;1093;5874;9;1;3.02;;;9;1;3.02;;;19;3;19.19
MCOAVC;2016;170000103;170780175;1;7;484;4535;2;0;0.83;0;0;2;0;0.83;0;0;34;9;26.02
MCOAVC;2016;180000010;180000028;1;12;543;3887;4;1;1.3;0;1;4;1;1.3;0;1;6;5;9.1
MCOAVC;2016;210987558;210780581;1;10;1005;3168;6;;1;1;0;6;;1;1;0;20;;17.35
MCOAVC;2016;220000012;220000020;1;27;1348;9089;6;1;6.79;0;;6;1;6.79;;1;42;22;49.75
MCOAVC;2016;240000489;240000117;1;15;705;4806;4;;4;;;;;;;;11;2;11.27
MCOAVC;2016;250000114;900000365;1;12;311;3067;5;1;6.37;0;1;5;1;6.37;;;;;
MCOAVC;2016;250006954;250000015;1;24;948;8348;;8;2.28;1;0;;7;1.93;1;0;30;21;42.53
MCOAVC;2016;260000013;260000021;1;20;845;6444;8;;3.82;1;0;8;;3.82;1;0;13;10;20.9
MCOAVC;2016;260000138;260000047;1;12;198;1834;5;0;4.15;0;1;5;0;4.15;;;29;9;33.89
MCOAVC;2016;280000084;280000183;1;5;374;1431;5;4;1.4;0;1;5;4;1.4;0;1;24;4;10.38
MCOAVC;2016;280504267;280000134;1;16;520;4609;5;;2.52;0;1;5;;2.52;0;1;11;4;11.5
MCOAVC;2016;290000025;290020700;1;6;756;4579;0;2;1;0;1;0;2;1;0;1;35;8;11.88
MCOAVC;2016;290004324;290000017;1;22;1204;7675;5;1;2.4;1;0;;;;1;0;26;11;34.29
MCOAVC;2016;2A0000022;2A0000014;1;9;505;3356;7;5;7.71;;;;;;;;30;2;31.28
MCOAVC;2016;300782117;300780038;1;8;820;2744;7;5;11;1;0;7;5;11;;;18;3;22.65
MCOAVC;2016;310781000;310788880;1;15;330;2777;3;;3;0;1;3;;3;0;1;8;2;12.56
MCOAVC;2016;310783048;310781406;1;69;3678;22667;8;5;7.1;1;1;6;4;5.92;1;1;93;32;105.19
MCOAVC;2016;320000086;320780117;1;14;1018;3971;;3;0.75;;1;;3;0.75;;;9;;4.2
MCOAVC;2016;330000605;330781253;1;8;321;2516;;4;1.43;0;1;;4;1.43;0;1;;;
MCOAVC;2016;330781360;330781196;1;36;1588;12029;4;;2.5;;;3;;1.6;;;73;12;78
MCOAVC;2016;340000033;340780055;1;25;1170;8213;6;1;2.5;0;1;6;1;2.5;0;1;31;8;36.04
MCOAVC;2016;340015502;340000512;1;16;436;1765;7;0;7;0;1;7;0;7;0;1;10;0;10
MCOAVC;2016;340782085;340780477;1;4;660;1084;;6;1.45;1;1;;5;1.3;1;1;13;;12.35
MCOAVC;2016;350000147;350000022;1;16;948;5572;;6;2;0;1;;6;2;0;1;21;10;24.75
MCOAVC;2016;350000741;350005179;1;14;680;4203;2;;1;0;1;2;;1;0;1;56;38;78.33
MCOAVC;2016;370000861;370000481;1;27;1494;9407;6;2;6.9;0;1;6;2;6.9;0;1;41;16;51.23
MCOAVC;2016;380000067;380780080;1;27;904;9182;3;1;2.8;1;0;3;1;2.8;1;0;39;11;45.47
MCOAVC;2016;380000174;380781435;1;15;521;3353;5;0;1.66;0;1;5;0;1.66;0;1;21;20;17.12
MCOAVC;2016;390000040;390780146;1;3;382;740;;4;0.78;0;1;;;;0;1;;41;5.04
MCOAVC;2016;400000105;400780193;1;16;656;5179;;3;0.9;0;1;;3;0.9;0;1;19;17;28.57
MCOAVC;2016;400000139;400011177;1;13;551;3884;0;4;2.05;;;0;3;1.93;;;0;41;24.17
MCOAVC;2016;420000010;420780033;1;16;680;5001;7;2;2.07;0;1;4;1;1.2;0;1;27;8;21.87
MCOAVC;2016;420785354;420784878;1;23;743;7632;3;1;3.8;0;1;3;0;3;0;1;36;11;40.06
MCOAVC;2016;440000016;440000057;1;14;791;4891;4;;4;0;1;4;;4;0;1;2;30;23.2
MCOAVC;2016;440017598;440000289;1;6;1063;2315;8;0;2.66;1;0;8;;2.66;1;0;22;10;28.28
MCOAVC;2016;450002613;450000088;1;18;794;5363;4;0;1.97;0;1;2;0;0.87;0;1;38;15;30.06
MCOAVC;2016;460000110;460780216;1;12;619;3087;2;0;2;0;1;2;0;2;0;1;24;3;25.14
MCOAVC;2016;470000423;470016171;1;18;945;5407;;5;1.9;;1;;5;1.9;;1;15;14;26.06
MCOAVC;2016;490000049;490000031;1;20;1175;6349;2;0;2;0;1;2;0;2;0;1;10;3;8.91
MCOAVC;2016;500000187;500000013;1;6;611;1917;;;;;;;;;;;8;6;12.8
MCOAVC;2016;500000450;500000112;1;16;622;5748;4;3;5.5;0;;;;;;;21;17;24.81
MCOAVC;2016;510004302;510000029;1;4;630;3515;1;0;0.5;0;1;1;0;0.5;0;1;7;4;6.8
MCOAVC;2016;540001138;540023264;1;36;3975;26450;;5;2.98;1;1;;5;2.98;1;1;42;18;53.9
MCOAVC;2016;550000012;550006795;1;9;271;2447;3;3;1.88;0;1;;3;0.1;0;1;167;16;152.2
MCOAVC;2016;550000434;550003354;1;12;448;3264;;4;1.54;0;1;;1;0.3;0;0;;53;11.63
MCOAVC;2016;560000127;560023210;1;16;812;5597;3;0;2;0;1;3;0;3;0;1;39;26;53.51
MCOAVC;2016;560000135;560005746;1;18;708;6205;2;3;1.9;0;1;2;3;1.9;0;1;22;7;9.9
MCOAVC;2016;560000143;560014748;1;15;548;4439;4;;1.5;;;4;;1.5;;;5;3;8.12
MCOAVC;2016;570000059;570025254;1;22;621;5020;5;2;4.3;0;1;5;2;4.3;0;1;9;11;13.79
MCOAVC;2016;570026682;570005165;1;31;1220;10977;4;3;4.24;0;1;4;3;4.24;0;1;46;14;56.64
MCOAVC;2016;590000337;590781415;1;16;765;4621;4;1;4.8;0;1;1;;1;0;1;17;4;19.15
MCOAVC;2016;590000535;590781803;1;16;669;4298;5;;0.19;1;0;5;;0.19;1;0;13;2;14.37
MCOAVC;2016;590000618;590782215;1;27;1334;9032;3;0;3;1;1;3;0;3;1;1;31;14;41.31
MCOAVC;2016;590780284;590051801;1;22;844;6510;4;;3.1;0;1;4;;3.3;0;1;21;25;27.49
MCOAVC;2016;590796975;590780193;1;39;1476;13558;7;;3.15;;;7;;3.15;;;56;22;71.32
MCOAVC;2016;590801106;590782421;1;23;843;6718;1;;1;;;1;;1;;;;;
MCOAVC;2016;590804696;590781902;1;12;413;3455;5;;2;0;1;4;;2;0;1;17;11;20.33
MCOAVC;2016;600000194;600100713;1;20;864;6900;3;;1.45;0;1;3;;1.45;0;1;17;1;17.22
MCOAVC;2016;600000467;600101984;1;4;167;652;4;1;0.88;0;1;4;1;0.88;0;1;4;1;4.85
MCOAVC;2016;600113476;600100721;1;4;451;1035;6;3;7.21;0;1;6;3;7.21;0;1;42;19;54.52
MCOAVC;2016;620000034;620100057;1;17;972;5486;;4;1.65;1;0;;3;1.4;1;0;31;7;29.07
MCOAVC;2016;620000224;620100651;1;8;530;2590;5;;1.85;;;5;;1.85;;;9;3;8.89
MCOAVC;2016;620000257;620100685;1;30;1153;9667;4;;4;1;0;4;;4;1;0;67;10;75.83
MCOAVC;2016;620000323;620101337;1;19;680;6059;;4;0.75;;;;;;;;6;6;8.7
MCOAVC;2016;620000653;620103440;1;6;900;6776;4;3;1.14;0;1;4;3;1.14;0;1;5;;5
MCOAVC;2016;630000404;630780989;1;22;641;7422;5;0;1.49;0;0;5;0;1.49;0;0;26;20;39.61
MCOAVC;2016;640000162;640780417;1;6;952;4555;2;10;5.12;0;1;2;10;5.12;0;1;33;7;37.92
MCOAVC;2016;640000600;640781290;1;16;832;5359;;3;2;0;1;;3;2;0;1;9;6;13.05
MCOAVC;2016;650000417;650783160;1;12;564;4102;1;;0.3;0;1;1;;0.3;0;1;;;
MCOAVC;2016;660000084;660780180;1;8;1673;13349;9;3;10.35;;;9;3;10.35;;;52;9;33.07
MCOAVC;2016;670783273;670780055;1;48;1925;16268;11;1;9.92;1;0;8;1;7.92;1;0;92;25;107.16
MCOAVC;2016;680000684;680000973;1;15;561;5005;9;1;8.31;0;1;9;1;8.31;0;1;5;3;6.04
MCOAVC;2016;680004546;680020336;1;15;477;6436;4;0;2;0;1;3;0;1.4;0;1;;;
MCOAVC;2016;690000575;690782222;1;14;672;4959;;5;1.17;0;1;;5;1.17;0;1;;26;14.54
MCOAVC;2016;690784178;690781810;1;35;1804;11913;4;2;3.39;1;0;3;2;3.39;1;0;52;5;56.74
MCOAVC;2016;690784194;690781810;1;14;269;4265;1;1;1.2;0;1;;1;0.8;0;1;10;3;14.46
MCOAVC;2016;710978263;710780958;1;5;775;1616;5;3;5.27;0;1;5;3;5.27;0;1;;;
MCOAVC;2016;720000033;720000025;1;15;889;4352;;3;1.9;0;1;;3;1.9;0;1;0;26;21.54
MCOAVC;2016;730000031;730000015;1;24;816;7903;3;;2.2;0;1;3;;2.2;0;1;64;12;69.01
MCOAVC;2016;740000237;740781133;1;15;679;4737;4;1;2.48;0;1;4;1;2.48;0;1;34;19;25.95
MCOAVC;2016;740781141;740790258;1;8;468;3663;4;;0.6;0;1;4;;0.6;0;1;;;
MCOAVC;2016;750000499;750140014;1;35;1762;11620;6;;5.05;1;1;6;;5.05;1;1;13;67;43.08
MCOAVC;2016;750000523;750150120;1;25;1398;8633;5;3;6.46;1;0;5;3;6.46;1;0;28;3;16.81
MCOAVC;2016;750000549;750150229;1;24;879;4293;1;1;1.1;;;1;1;1;;;28;5;34
MCOAVC;2016;750100042;750712184;1;35;1178;10131;6;3;6;1;0;6;3;6;1;0;45;2;45.8
MCOAVC;2016;750100091;750712184;1;24;911;7947;2;4;3.3;1;0;2;4;3.3;1;0;36;9;41.36
MCOAVC;2016;750100125;750712184;1;26;1027;8506;5;4;7.6;;1;5;4;7.6;;1;59;3;59.6
MCOAVC;2016;750100232;750712184;1;28;1000;8712;10;1;5.44;1;0;9;1;5.3;1;0;52;2;51.36
MCOAVC;2016;760000158;760780239;1;30;1413;10183;2;;1.8;;;;;;;;67;20;78.21
MCOAVC;2016;760805770;760780726;1;20;783;6837;7;0;4.94;0;1;6;;4.74;0;1;24;20;33.53
MCOAVC;2016;770000446;770700185;1;26;771;7630;;5;0.97;1;0;;5;0.97;1;0;1;;1.92
MCOAVC;2016;780000287;780110011;1;12;593;4375;4;2;1.31;;;4;2;1.31;;;24;6;19.08
MCOAVC;2016;780000311;780001236;1;16;618;1539;4;3;4.16;0;1;4;3;4.16;;;15;14;19.99
MCOAVC;2016;780800256;780110078;1;24;1013;6921;1;8;3.75;;;1;8;3.75;;;25;9;30.14
MCOAVC;2016;790000087;790000012;1;20;1185;6880;4;1;4.2;0;1;4;1;4.2;0;1;25;16;34.31
MCOAVC;2016;800006124;800000044;1;23;974;7481;3;19;7.66;1;;3;13;7;1;0;37;10;43.28
MCOAVC;2016;810000224;810000471;1;4;350;1238;4;;3.25;0;1;4;;3.25;0;1;;;
MCOAVC;2016;810000505;810000331;1;6;482;1776;4;3;4.33;0;1;4;3;4.33;0;1;8;6;10.7
MCOAVC;2016;810000521;810000380;1;4;359;950;3;0;0.27;0;1;3;;0.27;0;1;45;18;14.19
MCOAVC;2016;820000032;820000016;1;6;746;2560;;5;0.58;0;1;;5;0.58;0;1;18;11;20.44
MCOAVC;2016;830000345;830100616;1;16;820;5075;;2;0.4;0;1;;;;;;0;23;12.05
MCOAVC;2016;830100574;750821092;1;9;378;2427;4;;3;1;1;4;;3;1;1;;;
MCOAVC;2016;840001861;840006597;1;17;825;6776;5;;1.7;0;1;;;;;;43;12;30.16
MCOAVC;2016;850000142;850000019;1;10;368;3606;;4;0.85;0;1;;4;0.85;0;1;0;45;17.26
MCOAVC;2016;860000223;860014208;1;18;1031;8467;8;5;2.33;0;1;7;3;1.33;0;1;15;;15
MCOAVC;2016;870000064;870000015;1;26;1243;8882;5;1;2.17;1;0;5;1;2.17;1;0;44;7;49.94
MCOAVC;2016;880000021;880007059;1;12;317;3332;4;1;4.6;0;1;3;1;3;0;1;49;6;52.94
MCOAVC;2016;880000062;880780093;1;6;128;1587;;4;1;0;1;;;;;;26;5;5.3
MCOAVC;2016;890975550;890970569;1;2;3;6;;;;1;0;;;;0;1;;;
MCOAVC;2016;910000306;910110063;1;16;677;6303;;3;1.36;1;0;;3;1.36;1;0;;3;1.5
MCOAVC;2016;910020254;910002773;1;48;1296;13609;10;6;10.53;1;;10;5;10.03;1;;;;
MCOAVC;2016;920000650;920150059;1;24;1102;6466;3;;3;0;0;3;;3;0;0;12;;10.95
MCOAVC;2016;930000328;930110051;1;28;918;9374;8;1;9;1;0;8;1;9;1;0;48;3;51
MCOAVC;2016;930000336;930110069;1;20;751;6874;8;1;3.2;0;0;8;1;3.2;0;0;49;12;28.55
MCOAVC;2016;940100027;750712184;1;25;1015;7911;4;;4;1;1;4;;4;1;1;37;2;38
MCOAVC;2016;940100043;750712184;1;36;1196;4752;6;;4.5;1;0;2;;0.2;1;0;25;1;25.9
MCOAVC;2016;950000331;950110049;1;36;992;9403;4;3;5.67;;;4;3;5.67;;;26;9;29.62
MCOAVC;2016;950000364;950110080;1;26;950;6913;;;;;;;;;;;;;
MCOAVC;2016;970100442;970100228;1;16;591;4735;3;3;3.9;1;1;3;3;3.9;1;1;15;1;15.5
MCOAVC;2016;970211215;970211207;1;21;380;4489;4;;2.26;0;1;4;;2.26;0;1;32;;32
MCOAVC;2016;970400024;970408589;1;17;749;5484;2;1;2.8;0;1;2;;2;0;1;15;5;17.9
MCOAVC;2016;970400057;970408589;1;19;1170;6177;6;;3.2;0;1;6;;3.2;0;1;50;;40.95
MCOAVC;2015;010000024;010780054;1;18;624;5337;;4;1.98;0;1;;4;1.98;0;1;;;
MCOAVC;2015;020000162;020000063;1;6;595;1156;4;3;4.55;0;1;4;3;4.55;0;1;18;1;17.7
MCOAVC;2015;020000519;020000261;1;22;427;1077;5;;5;0;1;5;;5;0;1;10;2;11.8
MCOAVC;2015;030000087;030780118;1;10;366;3234;;;;;;;;;;;11;7;14.4
MCOAVC;2015;060001450;060785011;1;9;368;2852;0;0;2.16;0;1;0;0;1.63;0;1;56;13;63.91
MCOAVC;2015;060785003;060785011;1;23;514;3992;1;8;2.25;0;1;0;5;1.51;0;1;;;
MCOAVC;2015;100000090;100000017;1;14;548;4960;;6;1.82;0;1;;5;1.32;0;1;0;34;21
MCOAVC;2015;110000023;110780061;1;14;546;3975;;4;1;0;1;;4;1;0;1;52;14;24.41
MCOAVC;2015;110000056;110780137;1;4;253;923;4;2;0.82;0;1;4;2;0.82;0;1;22;6;8.78
MCOAVC;2015;120000039;120780044;1;8;473;2279;5;;5;0;1;5;;5;0;1;12;6;16.6
MCOAVC;2015;130000409;130041916;1;2;310;331;0;2;0.16;;;0;0;0;;;;21;8.43
MCOAVC;2015;130783293;130786049;1;26;1030;8375;;;;;;;;;;;130;59;167.54
MCOAVC;2015;140000027;140000035;1;2;203;603;2;2;0.32;;1;2;2;0.32;;;21;11;27.68
MCOAVC;2015;140000209;140000100;1;26;925;6441;4;1;1.8;0;1;4;1;1.8;0;1;28;18;29.2
MCOAVC;2015;160000253;160000451;1;10;627;3049;1;5;3.31;0;1;1;4;3.16;0;1;30;23;43.25
MCOAVC;2015;170000087;170024194;1;8;819;2437;6;1;3.02;0;0;6;1;3.02;;;23;1;20.22
MCOAVC;2015;170000103;170780175;1;;489;4547;4;0;2.54;0;1;2;0;1.8;0;1;22;9;25.64
MCOAVC;2015;180000010;180000028;1;12;572;3640;4;;1.3;0;1;4;;1.3;0;1;8;5;10.3
MCOAVC;2015;210987558;210780581;1;10;972;2975;6;;1.09;0;0;6;;1.09;0;0;19;;16.53
MCOAVC;2015;220000012;220000020;1;27;1398;9110;3;1;4;0;1;3;1;4;0;1;38;20;47.06
MCOAVC;2015;240000489;240000117;1;15;685;4737;4;0;2.54;0;1;4;0;2.54;;;10;2;10.65
MCOAVC;2015;250000114;900000365;1;12;323;3347;6;3;5.79;;;5;3;5.19;0;1;;;
MCOAVC;2015;250006954;250000015;1;24;851;8111;;7;3.55;1;0;;6;2.77;1;0;29;19;40.06
MCOAVC;2015;260000013;260000021;1;20;883;7399;8;;1.45;1;0;8;;1.45;1;0;20;10;26.99
MCOAVC;2015;280000084;280000183;1;5;351;1404;5;2;1.4;0;1;3;1;1.14;0;1;25;5;10.59
MCOAVC;2015;280504267;280000134;1;16;621;5047;5;;2.24;0;1;5;;2.24;0;1;10;3;12.62
MCOAVC;2015;290000025;290020700;1;6;714;4404;2;;1.5;0;1;2;;1.5;0;1;33;10;10.5
MCOAVC;2015;290004324;290000017;1;22;1112;7816;5;1;3.2;1;0;;;;1;0;;;
MCOAVC;2015;2A0000022;2A0000014;1;9;487;3208;1;1;1.5;0;1;;;;0;1;29;1;29.99
MCOAVC;2015;300782117;300780038;1;8;712;2629;7;5;10.15;1;0;7;5;10.15;1;0;16;2;20.3
MCOAVC;2015;310781000;310788880;1;15;263;1882;3;;3;;;3;;3;;;;;
MCOAVC;2015;310783048;310781406;1;69;3763;21820;11;;8.5;1;1;11;;8.5;1;1;101;21;110.74
MCOAVC;2015;320000086;320780117;1;14;1033;4225;3;;0.75;;;3;;0.75;;;9;;4.2
MCOAVC;2015;330781360;330781196;1;36;1932;11917;4;;2.5;;;3;;1.6;;;73;9;73.2
MCOAVC;2015;340000033;340780055;1;25;1175;8211;6;1;2.04;0;1;6;1;2.04;0;1;31;8;36.3
MCOAVC;2015;340015502;340000512;1;16;445;4072;5;1;5.5;0;1;5;1;5.5;0;1;5;3;6.8
MCOAVC;2015;340782085;340780477;1;4;697;1028;1;4;1.13;1;0;1;3;0.98;1;0;13;;12.37
MCOAVC;2015;350000147;350000022;1;14;820;4600;;5;2;0;1;;5;2;0;1;10;7;14.6
MCOAVC;2015;350000162;350000048;1;6;;;0;0;0;;;0;0;0;;;2;1;0.76
MCOAVC;2015;350000741;350005179;1;14;712;4169;2;;1;0;1;2;;1;0;1;67;37;87.52
MCOAVC;2015;360000137;360000053;1;16;;;;;;0;1;;;;0;1;1;1;1.46
MCOAVC;2015;370000861;370000481;1;27;1232;8422;6;3;6.9;0;1;6;3;6.9;0;1;38;14;49.42
MCOAVC;2015;380000067;380780080;1;27;874;9268;3;1;2.81;;;3;1;2.81;;;39;10;45.32
MCOAVC;2015;380000174;380781435;1;15;489;4020;5;1;1.84;0;1;4;1;1.47;0;1;25;20;17.34
MCOAVC;2015;390000040;390780146;1;3;334;692;;3;0.78;0;1;;1;0.06;0;1;;49;5.59
MCOAVC;2015;400000105;400780193;1;16;597;5412;;6;1.02;0;1;;5;0.97;0;1;18;14;27.27
MCOAVC;2015;400000139;400011177;1;16;558;4306;0;5;1.98;;;0;5;1.98;;;0;46;21.57
MCOAVC;2015;420785354;420784878;1;23;701;7584;3;;3;0;1;2;;2;;;33;13;36.79
MCOAVC;2015;440000016;440000057;1;14;702;4892;5;;5;;1;5;;5;;1;2;31;23.2
MCOAVC;2015;440017598;440000289;1;6;957;2071;7;;2.65;1;0;7;;2.65;1;0;22;11;29.34
MCOAVC;2015;450002613;450000088;1;16;824;4505;4;;1.97;0;1;2;;0.87;0;1;31;12;30.33
MCOAVC;2015;460000110;460780216;1;12;550;2804;2;0;2;0;1;2;0;2;0;1;27;3;28.48
MCOAVC;2015;470000423;470000316;1;18;818;4722;0;5;1.9;0;1;0;5;1.9;0;1;16;19;30.89
MCOAVC;2015;490000049;490000031;1;20;1140;5994;2;0;2;;;2;0;2;;;10;3;8.9
MCOAVC;2015;500000187;500000013;1;6;596;1951;6;1;6.4;0;1;6;1;6.4;0;0;7;9;13.35
MCOAVC;2015;500000450;500000112;1;16;633;5250;4;2;5.71;0;0;4;2;5.71;0;0;21;17;24.38
MCOAVC;2015;510004302;510000029;1;4;584;1159;1;0;0.5;0;1;1;0;0.5;0;1;9;4;7.45
MCOAVC;2015;540001138;540023264;1;81;3279;24695;0;5;1.45;1;1;;5;1.45;1;1;21;12;22.82
MCOAVC;2015;550000012;550006795;1;9;257;2442;5;;2.38;;;3;;0.75;0;1;113;16;120.76
MCOAVC;2015;550000434;550003354;1;4;392;3381;;5;1.69;0;1;;1;0.15;0;0;;50;11.36
MCOAVC;2015;560000127;560023210;1;16;829;5781;3;0;2;0;1;3;0;2;0;1;6;62;45.26
MCOAVC;2015;560000135;560005746;1;18;826;6464;3;3;3.33;0;1;3;3;3.33;0;1;22;7;9.9
MCOAVC;2015;560000143;560014748;1;15;500;4342;4;;1;;;4;;1;;;10;3;9.2
MCOAVC;2015;570000059;570025254;1;6;504;1819;2;;1.48;1;0;2;;1.48;1;0;5;11;11.1
MCOAVC;2015;570000091;750050759;1;0;217;2243;0;0;0.62;0;1;0;0;0.62;0;0;0;0;4.01
MCOAVC;2015;570026682;570005165;1;31;1208;10638;8;3;9;0;1;8;3;9;0;1;46;14;60.88
MCOAVC;2015;590000337;590781415;1;16;782;4781;3;1;3.85;0;1;1;0;1;0;1;13;4;15.73
MCOAVC;2015;590000535;590781803;1;16;635;4508;5;;0.19;1;1;5;;0.19;1;1;12;2;14.13
MCOAVC;2015;590000618;590782215;1;27;1272;9432;3;;3;0;0;3;;3;0;0;33;13;41.32
MCOAVC;2015;590780284;590051801;1;22;845;6865;3;1;2.66;0;1;3;1;2.66;0;1;18;27;26.84
MCOAVC;2015;590796975;590780193;1;42;1398;13961;8;1;5.79;;;8;1;5.79;;;61;17;67.99
MCOAVC;2015;590801106;590782421;1;23;804;6114;1;;1;;;1;;1;;;;;
MCOAVC;2015;590804696;590781902;1;12;358;2995;5;;2.27;0;1;4;;2;0;1;20;8;22.8
MCOAVC;2015;600000194;600100713;1;20;792;5877;3;0;3;0;1;2;0;2;0;1;26;7;27.95
MCOAVC;2015;600000467;600101984;1;4;186;831;4;;0.78;0;1;4;;0.78;0;1;5;1;5.86
MCOAVC;2015;600113476;600100721;1;4;429;1081;8;4;3.87;0;1;6;3;3.61;0;1;52;20;33
MCOAVC;2015;620000034;620100057;1;17;940;5701;;4;2.7;1;0;;3;2.2;1;0;31;7;29.07
MCOAVC;2015;620000224;620100651;1;8;583;2627;5;;1.85;0;1;5;;1.85;0;1;11;2;8.45
MCOAVC;2015;620000257;620100685;1;30;1112;9819;4;;4;1;0;4;;4;1;0;78;7;75.14
MCOAVC;2015;620000323;620101337;1;19;637;5368;6;1;5.26;;;;;;;;;;
MCOAVC;2015;620000653;620103440;1;18;880;6104;4;3;1.3;0;1;4;3;1.3;0;1;4;1;4.8
MCOAVC;2015;630000404;630780989;1;22;665;7759;5;1;4;0;0;5;1;4;0;0;28;17;38.55
MCOAVC;2015;640000162;640780417;1;6;915;4398;;;;;;;;;;;11;2;11.86
MCOAVC;2015;640000600;640781290;1;16;773;5113;3;;2;0;1;3;;2;0;1;9;5;12.94
MCOAVC;2015;650000417;650783160;1;12;571;4159;1;;0.3;0;1;1;;0.3;0;1;;;
MCOAVC;2015;660000084;660780180;1;8;1817;13114;7;3;8.7;;;7;3;8.7;;;54;6;35.41
MCOAVC;2015;670000025;670780055;1;;;;;;;;;;;;;;;;
MCOAVC;2015;670783273;670780055;1;48;1783;15968;11;1;10.32;1;0;9;1;9;1;0;99;21;109.18
MCOAVC;2015;680000684;680000973;1;15;521;5863;6;;6;0;1;6;;6;0;1;5;2;6
MCOAVC;2015;680004546;680020336;1;15;517;6143;4;0;2;0;1;3;0;1.4;0;1;10;7;15.64
MCOAVC;2015;690000575;690782222;1;14;614;4365;;;;;;;;;;;;;
MCOAVC;2015;690784178;690781810;1;35;1774;11639;2;4;3.2;1;0;2;4;3.2;1;0;54;3;58.74
MCOAVC;2015;690784194;690781810;1;14;271;4343;1;1;0.98;0;0;;1;0.45;0;0;10;3;14.05
MCOAVC;2015;710978263;710780958;1;5;744;1556;5;4;5.2;0;1;5;4;5.2;0;1;0;0;0
MCOAVC;2015;720000033;720000025;1;15;878;4304;;4;1.2;;;;4;1.2;;;1;47;21.46
MCOAVC;2015;730000031;730000015;1;24;605;5747;3;0;2.16;;1;0;0;0;;;67;13;67.82
MCOAVC;2015;740000237;740781133;1;15;623;4604;0;4;2.67;0;1;0;4;2.67;0;1;32;18;25.57
MCOAVC;2015;740781141;740790258;1;6;373;3032;4;;0.6;0;1;4;;0.6;0;1;;;
MCOAVC;2015;750000499;750140014;1;35;1635;11582;6;;5.05;1;1;6;;5.05;1;1;79;5;74.27
MCOAVC;2015;750000523;750150120;1;20;1261;9399;2;1;8.13;1;0;2;1;7.64;1;0;30;4;24.96
MCOAVC;2015;750000549;750150229;1;12;762;3273;1;;1;0;1;1;;1;0;1;32;6;37.03
MCOAVC;2015;750100042;750712184;1;35;1175;9884;6;3;6;1;0;6;3;6;1;0;45;2;45.8
MCOAVC;2015;750100091;750712184;1;24;1043;7825;2;4;3.3;1;0;2;4;3.3;1;0;36;9;41.36
MCOAVC;2015;750100125;750712184;1;26;1074;8893;5;4;7.6;1;1;5;4;7.6;1;1;59;3;59.6
MCOAVC;2015;750100232;750712184;1;28;941;8890;;12;5.53;1;0;;8;4.15;1;0;52;2;53.87
MCOAVC;2015;760000158;760780239;1;30;1531;10118;4;;3.3;;;4;;3.3;;;65;20;80.9
MCOAVC;2015;760805770;760780726;1;20;703;6600;4;2;3.63;0;1;4;2;3.63;0;1;24;23;32.62
MCOAVC;2015;770000446;770700185;1;26;708;8129;;6;1.17;1;;;6;1.17;1;;2;;0.51
MCOAVC;2015;780000287;780110011;1;12;649;4465;4;1;1.17;;;4;1;1.17;;;21;6;15.48
MCOAVC;2015;780000311;780001236;1;16;567;1531;5;3;4.41;0;1;5;3;4.41;0;1;37;7;34.03
MCOAVC;2015;780800256;780110078;1;24;1030;7258;11;5;10.09;;;11;5;10.09;1;;32;5;34.48
MCOAVC;2015;790000087;790000012;1;20;1176;6780;4;1;4.2;0;1;4;1;4.2;0;1;22;21;35.3
MCOAVC;2015;800000192;800000044;1;;;;;1;0.02;1;0;;1;0.02;1;0;;;
MCOAVC;2015;800006124;800000044;1;23;864;6487;3;21;7.42;1;0;3;15;6.71;1;0;36;9;42.2
MCOAVC;2015;810000224;810000471;1;4;342;1251;4;;3.25;0;1;4;;3.25;0;1;;;
MCOAVC;2015;810000505;810000331;1;6;465;1635;;;;0;1;;;;0;1;8;6;10.51
MCOAVC;2015;810000521;810000380;1;4;307;899;4;1;0.37;0;1;4;1;0.37;0;1;44;14;13.44
MCOAVC;2015;820000032;820000016;1;6;699;2449;4;1;0.6;0;1;4;1;0.6;0;1;23;2;18.35
MCOAVC;2015;830000345;830100616;1;16;823;5266;3;;0.95;;;;;;;;8;2;11.46
MCOAVC;2015;830100574;750821092;1;9;348;2213;3;;3.4;1;1;3;;3.4;1;1;22;;20.8
MCOAVC;2015;840001861;840006597;1;17;723;5993;5;;1.7;0;1;;;;;;38;11;13.09
MCOAVC;2015;850000142;850000019;1;10;330;3304;0;5;0.78;0;0;0;5;0.78;1;1;0;51;18.92
MCOAVC;2015;860000223;860013077;1;18;1041;7771;8;5;2.33;0;1;7;3;1.33;0;1;15;;15
MCOAVC;2015;870000064;870000015;1;26;1456;9046;6;0;1.71;1;0;6;0;1.71;1;0;23;3;28
MCOAVC;2015;880000021;880007059;1;4;332;3022;3;1;3.6;0;1;2;1;2.6;0;1;51;6;54.45
MCOAVC;2015;880000062;880780093;1;6;95;1104;;4;1;0;1;;;;;;30;7;5.42
MCOAVC;2015;910000306;910110063;1;14;639;6744;3;;1.52;0;1;3;;1.52;0;1;;3;1.53
MCOAVC;2015;910020254;910002773;1;24;864;9094;;;;;;;;;;;12;0;13.53
MCOAVC;2015;920000650;920150059;1;24;1016;7275;3;;3;0;0;3;;3;0;0;10;3;10.81
MCOAVC;2015;930000328;930110051;1;20;793;7974;9;1;9.3;1;0;9;1;9.3;1;0;1;;1
MCOAVC;2015;930000336;930110069;1;16;653;6387;6;4;8.2;1;1;6;4;8.2;1;1;30;;30
MCOAVC;2015;940100027;750712184;1;23;647;3425;4;;4;1;1;4;;4;1;1;37;2;38
MCOAVC;2015;940100043;750712184;1;36;1027;5647;3;3;4.5;1;0;3;3;4.5;;;53;;53
MCOAVC;2015;950000331;950110049;1;18;589;5178;4;3;5.67;;;4;3;5.67;;;31;12;36.87
MCOAVC;2015;950000364;950110080;1;26;950;7171;0;;;;;;;;;;;;
MCOAVC;2015;970100442;970100228;1;16;676;5666;3;3;3.9;1;1;3;3;3.9;1;1;15;1;15.5
MCOAVC;2015;970211215;970211207;1;15;432;4521;2;;1.3;0;1;2;;1.3;0;1;33;;31.31
MCOAVC;2015;970400024;970408589;1;17;609;4850;2;1;2.8;0;1;2;;2;0;1;15;5;17.9
MCOAVC;2015;970400057;970408589;1;19;1245;5856;3;;1;0;1;3;;1;0;1;20;;20
MCOAVC;2014;010000024;010780054;1;18;588;4567;4;1;2.1;0;1;4;1;2.1;0;1;28;16;39.03
MCOAVC;2014;020000162;020000063;1;6;534;1140;4;1;4.25;0;1;4;1;4.25;0;1;18;2;18.1
MCOAVC;2014;020000519;020000261;1;14;430;1063;4;;4;0;1;4;;4;0;1;11;1;12.8
MCOAVC;2014;030000087;030780118;1;10;391;3468;3;0;0.9;0;0;3;0;0.9;0;0;10;7;14.15
MCOAVC;2014;060001450;060785011;1;18;785;3947;0;7;3.97;0;1;0;4;2.87;;;34;8;39.11
MCOAVC;2014;100000090;100000017;1;16;229;1803;;3;1;0;1;;2;0.75;0;1;;19;4.79
MCOAVC;2014;110000023;110780061;1;14;542;2756;;6;1;0;1;;6;1;0;1;;62;18.04
MCOAVC;2014;110000056;110780137;1;4;39;126;4;2;0.96;0;1;4;2;0.96;0;1;21;6;6.29
MCOAVC;2014;120000039;120780044;1;4;249;1551;5;;5;;;5;;5;;;8;46;39.17
MCOAVC;2014;130000409;130041916;1;2;346;485;0;2;0.44;;1;;;;;1;;16;6.17
MCOAVC;2014;130783293;130786049;1;26;1116;7180;32;10;18.17;;;30;6;14.94;;;;;
MCOAVC;2014;140000027;140000035;1;2;243;559;3;1;0.6;0;1;2;1;0.3;0;1;38;16;35.58
MCOAVC;2014;140000209;140000100;1;16;867;5189;4;1;1.72;0;1;4;1;1.72;0;1;20;13;25.25
MCOAVC;2014;160000253;160000451;1;10;632;3384;4;1;3.14;0;1;4;0;2.99;0;1;37;15;42.86
MCOAVC;2014;170000087;170023279;1;8;753;2377;6;1;3.02;0;0;6;1;3.02;0;0;21;1;22.72
MCOAVC;2014;170000103;170780175;1;12;583;5106;3;0;3.19;0;1;3;0;3.19;0;1;18;4;21.84
MCOAVC;2014;180000010;180000028;1;12;525;3585;3;0;2.7;0;1;;;;;;8;7;11.9
MCOAVC;2014;210987558;210780581;1;8;838;2447;7;;1.11;0;0;7;;1.11;0;0;16;;15.08
MCOAVC;2014;220000012;220000020;1;27;1377;8977;3;1;4;0;1;3;1;4;0;1;33;20;49.88
MCOAVC;2014;240000489;240000117;1;15;665;4836;3;0;1.5;;;;;;;;9;2;10.13
MCOAVC;2014;250000114;900000365;1;28;333;3649;4;;0.12;;;3;;4;;;;;
MCOAVC;2014;250006954;250000015;1;24;859;8191;;9;4.2;0;1;;8;2.9;0;1;29;14;34.26
MCOAVC;2014;260000013;260000021;1;16;766;6376;7;;2.35;;;7;;2.35;;;15;5;17.66
MCOAVC;2014;280000084;280000183;1;5;386;1393;5;2;1.39;0;1;3;1;0.88;0;1;29;2;11.08
MCOAVC;2014;280504267;280000134;1;16;528;4852;5;;2.5;0;1;5;;2.5;0;1;47;6;26.16
MCOAVC;2014;290000025;290020700;1;6;713;4573;2;0;1.96;0;1;2;0;1.96;0;1;29;12;10.31
MCOAVC;2014;290004324;290000017;1;22;1020;6559;5;1;3.2;1;0;;;;1;0;28;9;33.62
MCOAVC;2014;2A0000022;2A0000014;1;9;477;3431;5;;6.04;0;1;;;;0;1;28;2;30.34
MCOAVC;2014;300782117;300780038;1;8;637;2754;5;5;8.15;1;0;5;5;8.15;1;0;23;1;24.12
MCOAVC;2014;310781000;310788880;1;15;243;1709;3;;3;0;1;3;;3;0;1;31;;31
MCOAVC;2014;310783048;310781406;1;69;3062;16997;10;;8.9;1;1;10;;8.9;1;1;96;17;87.66
MCOAVC;2014;320000086;320780117;1;14;866;3901;3;;0.75;1;;3;;0.75;1;;9;;4.2
MCOAVC;2014;330781360;330781196;1;36;1765;9515;4;;2.55;;;3;;1.6;;;75;10;69.16
MCOAVC;2014;340000033;340780055;1;25;1090;8275;6;1;5.15;0;1;5;1;4.15;0;1;35;9;35.18
MCOAVC;2014;340015502;340000512;1;16;367;1578;4;;4;;;4;;4;;;;;
MCOAVC;2014;340782085;340780477;1;4;688;1024;1;4;1.4;;;1;2;1.1;;;13;;12.58
MCOAVC;2014;350000147;350000022;1;14;803;4485;3;;1.43;0;1;3;;1.43;0;1;10;7;14.6
MCOAVC;2014;350000741;350005179;1;14;759;4431;2;;1.83;0;1;2;;1.83;0;1;70;30;83.95
MCOAVC;2014;370000861;370000481;1;27;1299;7543;;2;1.5;1;0;;2;1.5;1;0;35;17;42.46
MCOAVC;2014;380000067;380780080;1;28;695;8102;4;1;3.29;1;0;3;1;2.63;1;0;36;7;39.18
MCOAVC;2014;380000174;380781435;1;15;508;3920;4;1;1.6;0;1;3;1;1.22;0;1;27;18;18.79
MCOAVC;2014;390000040;390780146;1;3;350;718;;3;0.78;0;1;;1;0.06;0;1;1;43;23.77
MCOAVC;2014;400000105;400780193;1;16;609;5232;;6;1.07;0;1;;6;1.07;0;1;22;14;25.3
MCOAVC;2014;400000139;400011177;1;16;577;4261;4;1;4.2;0;1;4;;4;0;1;35;7;27.42
MCOAVC;2014;420785354;420784878;1;23;699;7867;3;;2.93;0;1;2;;2;0;1;36;10;37.52
MCOAVC;2014;440000016;440000057;1;14;595;4111;5;;5;;;5;;5;0;1;2;31;25.66
MCOAVC;2014;440017598;440000289;1;6;914;1810;8;;2.7;1;0;8;;2.7;1;0;21;13;30.23
MCOAVC;2014;450002613;450000088;1;16;917;4509;3;0;1.5;0;1;1;0;0.4;0;1;31;17;31.46
MCOAVC;2014;460000110;460780216;1;12;566;2576;2;0;2;0;1;2;0;2;0;1;27;3;29.3
MCOAVC;2014;470000423;470000316;1;18;724;4464;5;0;1.9;0;1;5;0;1.9;0;1;29;9;31.35
MCOAVC;2014;490000049;490000031;1;20;1181;6434;2;0;2;0;1;1;0;1;0;1;8;4;8.7
MCOAVC;2014;500000187;500000013;1;6;597;2094;6;1;5.94;0;1;6;;5.94;;1;10;7;15.94
MCOAVC;2014;500000450;500000112;1;20;501;4882;3;4;4.9;0;1;3;4;4.9;0;1;23;16;18.22
MCOAVC;2014;510004302;510000029;1;4;493;1080;1;0;0.5;0;1;1;0;0.5;0;1;0;0;0
MCOAVC;2014;540001138;540023264;1;32;3528;24047;4;1;1.28;1;1;4;1;1.28;1;1;20;6;18.48
MCOAVC;2014;560000127;560023210;1;20;931;6883;3;0;2;0;1;3;0;2;0;1;58;20;67.19
MCOAVC;2014;560000135;560005746;1;18;710;6244;3;3;3.69;0;1;3;3;2.72;0;1;19;5;9.9
MCOAVC;2014;560000143;560014748;1;15;485;4620;;;;;;;;;;;;;
MCOAVC;2014;570000091;750050759;1;8;1130;9758;3;1;3.38;0;1;3;1;3.38;0;1;12;10;19.25
MCOAVC;2014;570026682;570005165;1;31;1246;10823;7;2;7.5;1;0;7;2;7.5;1;0;49;13;60.05
MCOAVC;2014;590000337;590781415;1;16;599;2744;4;1;3.43;0;1;3;;2.33;0;1;13;4;15.73
MCOAVC;2014;590000535;590781803;1;16;658;4511;4;;1;1;1;4;;1;1;1;13;;15.22
MCOAVC;2014;590000618;590782215;1;27;1284;9114;3;;3;0;0;3;;3;0;0;32;13;41.55
MCOAVC;2014;590780284;590051801;1;22;840;6711;3;1;2.66;0;1;3;1;2.66;0;1;19;26;26.73
MCOAVC;2014;590796975;590780193;1;42;1395;14096;8;;4.67;;;8;;4.67;;;58;15;65.75
MCOAVC;2014;590801106;590782421;1;20;724;6553;4;7;5.45;;;4;7;5.45;;;;;
MCOAVC;2014;590804696;590781902;1;12;407;3465;5;;1;0;1;4;;1;0;1;26;5;24.75
MCOAVC;2014;600000194;600100713;1;20;741;6551;4;;4;0;1;3;;3;0;0;16;4;11.59
MCOAVC;2014;600000467;600101984;1;4;182;889;3;1;0.76;0;1;3;1;0.76;0;1;5;2;6.94
MCOAVC;2014;600113476;600100721;1;4;471;1298;5;3;3.99;0;1;5;2;3.92;0;1;51;15;31.85
MCOAVC;2014;620000034;620100057;1;17;975;5284;;3;2;1;;;3;2;1;;27;4;30.2
MCOAVC;2014;620000224;620100651;1;8;603;2821;5;4;6.4;0;1;5;2;5.2;0;1;3;8;7.71
MCOAVC;2014;620000257;620100685;1;30;1088;9029;4;0;4;1;0;4;0;4;1;0;77;2;76.27
MCOAVC;2014;620000323;620101337;1;16;475;3285;6;0;6;0;1;6;0;6;0;1;18;15;29.53
MCOAVC;2014;620000653;620103440;1;18;836;6635;6;1;1.3;0;1;6;1;1.3;0;1;2;2;3.4
MCOAVC;2014;630000404;630780989;1;22;618;6773;1;1;1.23;0;0;1;1;1.23;;;31;12;38.33
MCOAVC;2014;640000162;640780417;1;6;911;4759;7;6;4.24;0;1;7;6;4.24;0;1;28;3;28.64
MCOAVC;2014;640000600;640781290;1;16;793;5164;3;;2;0;1;3;;2;;;11;1;12.36
MCOAVC;2014;650000417;650783160;1;4;554;3877;1;;0.3;0;1;1;;0.3;0;1;11;;11.65
MCOAVC;2014;660000084;660780180;1;8;1760;13055;7;3;8.7;;;7;3;8.7;;;47;5;51
MCOAVC;2014;670783273;670780055;1;48;1702;15791;14;0;9.44;1;0;11;;8;1;0;96;22;105.98
MCOAVC;2014;680000684;680000973;1;15;518;5298;6;;6;0;1;6;;6;0;1;5;3;6.81
MCOAVC;2014;680004546;680000486;1;15;480;5859;4;0;2;0;1;3;0;1.4;0;1;13;6;17.06
MCOAVC;2014;690000575;690782222;1;14;609;4729;;;;;;;;;;;;;
MCOAVC;2014;690784178;690781810;1;35;1770;11826;;;;;;3;2;3.55;1;0;53;5;55.74
MCOAVC;2014;710978263;710780958;1;4;628;1195;4;1;1;0;1;4;1;1;0;1;;;
MCOAVC;2014;720000033;720000025;1;15;923;4295;0;4;1.11;0;1;0;4;1.11;;;1;47;21.97
MCOAVC;2014;730000031;730000015;1;16;567;5329;5;0;4.22;;;0;0;0;;;65;8;64.83
MCOAVC;2014;740000237;740781133;1;15;670;4436;3;1;2.75;0;1;3;1;2.75;0;1;27;17;21.99
MCOAVC;2014;740781141;740790258;1;6;25;148;1;;0.04;0;1;1;;0.04;0;1;;;
MCOAVC;2014;750000499;750140014;1;35;1635;11559;5;3;4.17;1;0;0;0;0;;;79;5;74.5
MCOAVC;2014;750000523;750150120;1;20;1151;8860;2;1;5.26;1;0;2;1;5.26;1;0;22;9;20.19
MCOAVC;2014;750000549;750150229;1;9;543;2479;1;;1;0;1;1;;1;0;1;34;10;31.06
MCOAVC;2014;750100042;750712184;1;35;1222;9266;6;3;6;1;0;6;3;6;1;0;45;2;45.8
MCOAVC;2014;750100091;750712184;1;24;634;5001;2;4;3.9;1;0;2;4;3.9;1;0;56;4;31.6
MCOAVC;2014;750100125;750712184;1;26;932;8508;3;5;5.5;;1;3;5;5.5;;1;55;6;59.2
MCOAVC;2014;750100232;750712184;1;10;1088;9343;;;;;;;;;;;;;
MCOAVC;2014;760000158;760780239;1;30;1383;9848;4;;3.3;;;4;;3.3;;;74;20;86.53
MCOAVC;2014;760805770;760780726;1;20;653;6524;3;;1.97;0;1;3;;1.97;0;1;25;20;31.04
MCOAVC;2014;770000446;770700185;1;26;802;8053;;7;1.6;1;0;;7;1.6;1;0;11;8;10.55
MCOAVC;2014;780000287;780110011;1;12;437;923;4;1;1.38;;;4;1;1.38;;;20;10;15.68
MCOAVC;2014;780000311;780001236;1;23;549;1373;4;1;4.37;0;1;4;1;4.37;0;1;33;8;31.19
MCOAVC;2014;780800256;780110078;1;24;879;6687;;;;;;6;6;9.96;;;33;5;33.53
MCOAVC;2014;790000087;790000012;1;20;1226;6503;4;1;4.2;0;1;4;1;4.2;0;1;25;15;34.75
MCOAVC;2014;800000192;800000044;1;20;551;1603;;;6.27;1;0;;;6.27;1;0;;;35.01
MCOAVC;2014;800006124;800000044;1;23;151;554;15;2;6.27;;;15;2;6.27;;;40;8;9.27
MCOAVC;2014;810000224;810000471;1;4;315;1277;3;;3;0;1;3;;3;0;1;;;
MCOAVC;2014;810000505;810000331;1;6;446;1690;4;3;0.57;0;1;4;3;0.57;0;1;11;2;11.43
MCOAVC;2014;810000521;810000380;1;4;300;810;4;1;0.36;0;1;4;1;0.36;0;1;37;21;13.78
MCOAVC;2014;820000032;820000016;1;6;624;2337;3;2;0.57;0;1;3;2;0.57;0;1;25;3;18.59
MCOAVC;2014;830000345;830100616;1;16;821;5290;2;;0.8;;;;;;;;8;10;11.28
MCOAVC;2014;830100574;750821092;1;7;342;2245;4;;3;1;1;4;;3;1;1;25;;25
MCOAVC;2014;840001861;840006597;1;17;671;5419;5;0;1.7;0;1;;;;;;36;8;17.78
MCOAVC;2014;850000142;850000019;1;10;311;2897;;4;1;0;0;;4;1;0;1;;53;18.62
MCOAVC;2014;860000223;860013077;1;18;938;7515;5;;2.76;0;1;4;;1.76;0;1;15;;15
MCOAVC;2014;870000064;870000015;1;26;1371;9331;6;0;2.46;1;0;6;0;2.46;1;0;24;5;22.82
MCOAVC;2014;880000021;880007059;1;4;273;2462;3;3;5;0;1;;;;;;50;7;53.34
MCOAVC;2014;880000062;880780093;1;6;96;1104;;4;1;0;1;;;;;;27;10;5.75
MCOAVC;2014;910000306;910110063;1;14;536;5899;;;;0;1;;;;0;1;1;3;2.25
MCOAVC;2014;910020254;910002773;1;32;803;8760;;;;;;;;;;;5;21;15.1
MCOAVC;2014;920000650;920150059;1;24;986;7144;3;;3;1;1;3;;3;1;1;8;1;8.8
MCOAVC;2014;930000328;930110051;1;12;622;5899;9;1;9.3;1;;9;1;9.3;1;;1;;1
MCOAVC;2014;930000336;930110069;1;34;650;6498;8;;1.57;;;;;;;;;;
MCOAVC;2014;940100027;750712184;1;7;479;2477;2;;2;1;1;2;;2;1;1;13;;13
MCOAVC;2014;940100043;750712184;1;45;921;6961;6;;5.5;1;1;6;;5.5;;;53;;53
MCOAVC;2014;950000331;950110049;1;18;567;4185;6;;5.08;0;1;6;;5.08;0;1;40;3;30.44
MCOAVC;2014;950000364;950110080;1;24;958;6861;;;;;;;;;;;;;
MCOAVC;2014;970100442;970100228;1;16;637;5594;3;3;3.9;1;1;2;3;3.9;1;1;14;0;11.5
MCOAVC;2014;970211215;970211207;1;17;457;4941;2;;0.22;;;;;;;;34;;34
MCOAVC;2014;970400024;970408589;1;12;572;4247;;5;3.1;0;1;;4;2.5;0;1;20;;20
MCOAVC;2014;970400057;970408589;1;19;753;2453;4;;1;0;1;4;;1;0;1;20;;20
MCOAVC;2013;010000024;010780054;1;18;540;4693;4;1;2.1;;;4;1;2.1;0;1;0;0;0
MCOAVC;2013;020000162;020000063;1;6;611;1409;3;1;3.25;0;0;3;1;3.25;0;0;18;2;18.1
MCOAVC;2013;020000519;020000261;1;4;442;1113;4;;4;1;1;4;;4;1;1;10;2;11.75
MCOAVC;2013;030000087;030780118;1;10;366;3439;6;0;6;0;0;6;0;6;0;0;8;6;12.52
MCOAVC;2013;060001450;060785011;1;18;815;3920;6;2;3.76;0;1;4;1;2.66;0;1;252;44;249.27
MCOAVC;2013;110000023;110780061;1;6;498;1480;4;1;0.79;0;1;4;1;0.79;0;1;12;2;12.4
MCOAVC;2013;120000039;120780044;1;4;224;1602;5;1;5.35;0;1;5;1;5.35;;;;;
MCOAVC;2013;130000409;130041916;1;2;310;357;2;;0.09;;;;;;;;4;2;3.61
MCOAVC;2013;130783293;130786049;1;28;1211;8426;4;2;2.15;1;1;4;0;2.15;1;1;54;3;53.66
MCOAVC;2013;140000027;140000035;1;2;229;557;3;1;0.4;0;1;2;1;0.3;0;1;35;13;34.23
MCOAVC;2013;140000209;140000100;1;16;738;5219;4;;1.37;0;1;4;;1.37;0;1;19;13;23.33
MCOAVC;2013;160000253;160000451;1;10;630;3442;3;0;0.8;0;0;3;0;0.8;0;1;30;8;32.45
MCOAVC;2013;170000087;170023279;1;8;731;2517;7;;2.86;0;0;7;;2.86;0;0;22;1;19.27
MCOAVC;2013;170000103;170780175;1;3;596;4913;1;;1;1;0;1;;1;1;1;21;6;16.95
MCOAVC;2013;180000010;180000028;1;12;550;3691;2;;2;0;1;2;;2;;;26;;26
MCOAVC;2013;210987558;210780581;1;8;980;2501;8;;1.35;0;0;8;;1.35;0;0;28;;19.1
MCOAVC;2013;220000012;220000020;1;6;1326;9139;4;;4;0;1;4;;4;0;1;32;17;43.14
MCOAVC;2013;240000489;240000117;1;15;605;4862;3;;1.55;;;3;;1.55;;;9;1;9.02
MCOAVC;2013;250000114;900000365;1;28;291;2323;3;2;4.82;0;1;3;2;4.82;0;1;;;
MCOAVC;2013;250006954;250000015;1;24;792;8370;5;;3.14;0;1;4;;2.14;0;1;22;15;32.49
MCOAVC;2013;260000013;260000021;1;12;691;6298;6;;1.35;0;1;6;;1.35;0;1;11;5;13.76
MCOAVC;2013;280000084;280000183;1;5;392;1309;5;1;1.43;1;0;3;1;0.92;1;1;28;3;11.44
MCOAVC;2013;280504267;280000134;1;4;488;4804;5;;1.3;0;0;5;;1.3;0;1;10;13;9.88
MCOAVC;2013;290000025;290020700;1;6;694;4448;3;;2.8;0;1;2;;1.8;0;1;30;14;12.12
MCOAVC;2013;290004324;290000017;1;18;963;5773;5;1;3.2;0;0;27;9;32.5;0;0;;;
MCOAVC;2013;2A0000022;2A0000014;1;9;;;3;;;;;2;;;;;;;
MCOAVC;2013;300782117;300780038;1;8;644;2813;6;3;7.5;1;0;6;3;7.5;1;0;24;3;25.14
MCOAVC;2013;310781000;310788880;1;15;227;1586;3;;3;0;1;3;;3;0;1;31;;31
MCOAVC;2013;310783048;310781406;1;33;1434;10340;6;;5.8;1;1;6;;5.8;1;1;45;9;51.9
MCOAVC;2013;310783055;310781406;1;30;1795;10357;4;;3.1;1;1;4;;3.1;1;1;43;10;50.25
MCOAVC;2013;320000086;320780117;1;14;709;3736;3;0;1.5;1;;0;0;0;1;;13;0;5.06
MCOAVC;2013;330781360;330781196;1;34;2053;10110;4;;2.55;;;3;;2.1;;;57;10;66.84
MCOAVC;2013;340000033;340780055;1;25;1087;7922;6;1;2.2;0;1;5;1;2.2;0;1;30;12;36.1
MCOAVC;2013;340015502;340000512;1;16;426;1488;4;;4;;1;4;;4;;1;;;
MCOAVC;2013;340782085;340780477;1;27;718;924;;;;;;4;;4;1;1;;;67.5
MCOAVC;2013;350000147;350000022;1;14;830;4286;2;;1.2;0;1;2;;1.2;;;10;7;14.6
MCOAVC;2013;350000741;350005179;1;14;647;4001;3;0;1.16;;;3;0;1.16;;;70;31;84.74
MCOAVC;2013;360000137;360000053;1;16;;;;;;;;;;;;;;;
MCOAVC;2013;370000861;370000481;1;27;1120;7496;1;1;1.5;0;1;1;1;1.5;0;1;37;15;42.14
MCOAVC;2013;380000067;380780080;1;28;731;8221;2;1;1.88;1;0;2;1;1.88;;;35;7;38.76
MCOAVC;2013;380000174;380781435;1;15;472;3985;4;1;1.53;0;1;4;1;1.53;0;1;26;22;18.79
MCOAVC;2013;390000040;390780146;1;3;307;825;4;;4;0;1;;;;;;;;
MCOAVC;2013;400000105;400780193;1;16;601;5593;3;3;1.07;0;1;3;2;0.91;0;1;2;30;34.88
MCOAVC;2013;400000139;400011177;1;16;542;4274;5;;4.2;0;1;4;;4;0;1;2;39;27.03
MCOAVC;2013;420785354;420784878;1;23;598;7858;3;1;3.29;;;2;1;2.29;;;30;9;35.89
MCOAVC;2013;440000016;440000057;1;14;53;158;4;;3.16;;;4;;3.16;0;1;2;33;23.78
MCOAVC;2013;440017598;440000289;1;22;855;1837;4;0;1.1;1;0;4;0;1.1;;;26;18;39.07
MCOAVC;2013;450002613;450000088;1;16;817;4915;3;0;1.7;;;;;;;;33;16;30.49
MCOAVC;2013;460000110;460780216;1;12;536;2857;2;0;2;0;1;2;0;2;0;1;28;2;28.42
MCOAVC;2013;470000423;470000316;1;16;630;4616;5;;1.61;0;1;5;;1.61;0;1;32;5;28.38
MCOAVC;2013;490000049;490000031;1;20;1012;6064;2;0;2;0;1;1;0;1;0;1;8;4;8.7
MCOAVC;2013;500000187;500000013;1;6;650;2026;4;1;6.43;;;4;1;6.43;;;44;25;65.52
MCOAVC;2013;500000450;500000112;1;20;462;4519;53;16;57.45;0;1;5;2;5.1;0;1;3;0;3.28
MCOAVC;2013;510004302;510000029;1;4;500;1090;1;0;0.5;0;1;1;0;0.5;0;1;20;9;22.4
MCOAVC;2013;540001138;540002078;1;25;3354;23217;3;1;0.86;1;1;3;1;0.86;1;1;21;6;19.36
MCOAVC;2013;560000127;560023210;1;20;960;6873;3;0;2;0;1;3;0;2;0;1;41;17;33.82
MCOAVC;2013;560000135;560005746;1;12;612;5393;3;3;2.8;0;1;2;3;2.4;0;1;19;5;9.94
MCOAVC;2013;560000143;560014748;1;15;464;4599;5;;2.4;;1;4;;2;;1;10;3;12
MCOAVC;2013;570000091;750050759;1;8;1216;10844;3;2;4.75;1;1;3;2;4.75;0;1;19;4;21.9
MCOAVC;2013;570026682;570005165;1;31;1363;10890;8;1;7.5;1;0;8;1;7.5;1;0;44;12;51.57
MCOAVC;2013;590000337;590781415;1;6;408;1753;4;1;2.6;0;1;3;0;2.33;0;1;13;4;15.73
MCOAVC;2013;590000535;590781803;1;16;647;5024;5;;5;1;1;5;;5;;;14;;13.96
MCOAVC;2013;590000618;590782215;1;27;1295;9221;3;;3;0;0;3;;3;0;0;29;16;41.43
MCOAVC;2013;590780284;590051801;1;22;812;5907;1;1;1.5;0;1;1;1;1.5;0;1;17;17;25.76
MCOAVC;2013;590796975;590780193;1;45;1408;14606;8;;4.46;;;8;;4.46;;;43;18;58.33
MCOAVC;2013;590801106;590782421;1;20;732;6923;4;7;5.45;;;4;7;5.45;;;13;;13
MCOAVC;2013;590804696;590781902;1;12;263;1131;6;;2.52;0;1;6;;2.52;0;1;26;7;24.85
MCOAVC;2013;600000194;600100713;1;20;613;5431;3;1;3.6;0;1;2;1;2.6;1;;13;4;20.91
MCOAVC;2013;600000467;600101984;1;4;188;799;3;1;0.72;0;1;3;1;0.72;0;1;8;0;4.18
MCOAVC;2013;600113476;600100721;1;4;466;1219;6;2;4.27;0;1;5;2;4.02;0;1;53;16;31.23
MCOAVC;2013;620000034;620100057;1;17;845;4727;1;3;2.1;1;;1;3;2.1;1;;27;4;29.58
MCOAVC;2013;620000224;620100651;1;8;537;2846;5;;5;;;5;;5;0;1;;35;15.5
MCOAVC;2013;620000257;620100685;1;30;1038;8938;3;;3;1;0;3;;3;1;0;51;4;54.15
MCOAVC;2013;620000323;620101337;1;6;353;1691;1;;1;0;1;;;;;;15;14;26.81
MCOAVC;2013;620000653;620103440;1;18;806;6255;3;2;4.4;0;1;;;;;;1;1;1.6
MCOAVC;2013;630000404;630780989;1;21;661;7487;2;;1.1;;;2;;1.1;;;29;16;35.65
MCOAVC;2013;640000162;640780417;1;6;894;4945;0;0;;;1;;;;;1;12;2;12.09
MCOAVC;2013;640000600;640781290;1;16;790;5148;3;;2.4;0;1;;;;;;9;4;12.93
MCOAVC;2013;650000417;650783160;1;4;526;4055;1;;0.3;0;1;1;;0.3;0;1;11;1;11.65
MCOAVC;2013;660000084;660780180;1;8;1206;2597;6;3;7.7;1;0;6;3;7.7;1;0;20;5;22.82
MCOAVC;2013;670783273;670780055;1;34;1690;11323;8;2;7.17;1;0;7;0;5.17;1;0;61;18;67.7
MCOAVC;2013;680000684;680000973;1;15;441;5097;6;;6;;;6;;6;0;1;6;4;7.88
MCOAVC;2013;680004546;680000486;1;15;531;5784;4;0;2;0;1;3;0;1.4;0;1;15;4;17.6
MCOAVC;2013;690000575;690782222;1;14;514;4923;;;;;;;;;;;;;
MCOAVC;2013;690784178;690781810;1;35;1107;7269;;;;;;2;2;3.75;1;0;40;5;29.64
MCOAVC;2013;690784194;690781810;1;4;202;1754;;;;;;;;;;;4;1;4.22
MCOAVC;2013;710978263;710780958;1;4;688;1358;6;2;1;0;1;6;1;1;0;1;;;
MCOAVC;2013;720000033;720000025;1;15;923;4327;;5;1.5;0;1;;5;1.5;0;1;;3;2
MCOAVC;2013;730000031;730000015;1;16;551;5424;;;;;;;;;;;64;7;63.13
MCOAVC;2013;740000237;740781133;1;15;635;4522;2;1;2.24;0;1;2;1;2.24;0;1;7;10;16.41
MCOAVC;2013;750000499;750140014;1;35;1387;11677;5;3;4.8;1;;5;3;4.8;;;77;6;74.76
MCOAVC;2013;750000523;750150120;1;16;1043;8351;3;1;3.88;1;0;3;1;3.88;1;0;23;2;16.37
MCOAVC;2013;750000549;750150229;1;8;333;1718;1;;1;0;1;1;;1;0;1;35;9;31.35
MCOAVC;2013;750100042;750712184;1;35;1028;7779;6;2;5.5;1;0;6;2;5.5;1;0;45;2;45.8
MCOAVC;2013;750100125;750712184;1;26;943;8590;3;4;5.1;;;3;4;5.1;;;55;5;59
MCOAVC;2013;750100232;750712184;1;28;1021;9183;;;;;;;;;;;;;
MCOAVC;2013;750100273;750712184;1;22;795;7124;8;3;6.8;1;0;2;4;3.9;1;0;29;2;30.6
MCOAVC;2013;760000158;760780239;1;30;1329;10092;;;;;;;;;;;69;28;87.41
MCOAVC;2013;760805770;760780726;1;20;453;2402;3;;1.97;0;1;3;;1.97;0;1;28;12;37.78
MCOAVC;2013;770000446;770700185;1;26;529;5758;0;7;1.6;1;;0;7;1.6;1;;;1;0.08
MCOAVC;2013;780000287;780110011;1;12;432;894;5;0;1.2;0;1;5;0;1.2;0;1;17;10;15.83
MCOAVC;2013;780000311;780001236;1;25;454;1236;1;1;1.94;0;1;1;1;1.94;0;1;13;2;13.57
MCOAVC;2013;780800256;780110078;1;24;885;6022;11;4;10.46;1;0;;;;;;30;3;31.32
MCOAVC;2013;790000087;790000012;1;20;1127;6255;4;1;4;0;1;4;1;4;0;1;29;8;32.65
MCOAVC;2013;800000192;800000044;1;20;672;2056;13;3;6.45;1;;13;3;6.45;1;0;42;3;43.72
MCOAVC;2013;810000224;810000471;1;4;313;1269;3;;3;0;1;3;;3;0;1;;;
MCOAVC;2013;810000505;810000331;1;6;393;1747;3;4;0.88;0;1;3;4;0.88;0;1;30;8;10.7
MCOAVC;2013;810000521;810000380;1;4;332;864;4;1;0.41;0;1;4;;0.4;0;1;28;14;14.82
MCOAVC;2013;820000032;820000016;1;6;640;2272;4;1;0.52;0;1;4;1;0.52;0;1;21;4;17.08
MCOAVC;2013;830000345;830100616;1;16;856;4854;2;;0.8;;;2;;0.8;;;5;4;11.66
MCOAVC;2013;830100574;750821092;1;12;384;2635;4;;3;1;1;4;;3;1;1;25;;25
MCOAVC;2013;840001861;840006597;1;17;132;886;5;0;0.5;0;1;5;0;0.5;;;6;;1.5
MCOAVC;2013;850000142;850000019;1;10;299;3192;;4;1;;;;4;1;0;1;9;32;17.48
MCOAVC;2013;860000223;860013077;1;18;869;7742;5;;2.76;0;1;4;;1.76;0;1;13;;13
MCOAVC;2013;870000064;870000015;1;26;1405;9169;103;75;87.39;;;;;;;;22;5;22.51
MCOAVC;2013;880000021;880007059;1;4;156;1514;;;;0;1;;;;0;1;65;8;57.47
MCOAVC;2013;910000306;910110063;1;14;437;4882;5;;1.52;1;;5;;1.52;1;;1;3;2.3
MCOAVC;2013;910020254;910002773;1;32;732;6406;;;;;;;;;;;11;2;12.83
MCOAVC;2013;920000650;920150059;1;24;939;8053;3;;3;1;1;3;;3;1;1;8;1;8.8
MCOAVC;2013;930000328;930110051;1;12;471;4898;6;1;6.8;1;;6;1;6.8;1;;1;;1
MCOAVC;2013;930000336;930110069;1;32;750;7102;8;;1.57;;;;;;;;;;
MCOAVC;2013;940100027;750712184;1;7;504;2618;2;;2;1;1;2;;2;1;1;10;;10
MCOAVC;2013;940100043;750712184;1;34;801;6079;4;;3.3;;;3;;3;;;41;;25
MCOAVC;2013;950000331;950110049;1;18;597;5437;4;;4;0;1;4;;4;0;1;40;3;31.04
MCOAVC;2013;950000364;950110080;1;4;889;7412;;;;;;;;;;;;;
MCOAVC;2013;970100442;970100228;1;24;606;5586;6;2;6.97;;;;;;;;46;1;47.12
MCOAVC;2013;970211215;970211207;1;17;417;4707;2;;1.2;0;1;1;;0.3;0;1;33;;31.89
MCOAVC;2013;970400024;970408589;1;12;561;3964;2;1;2.8;0;1;2;;2;0;1;14;3;15.2
MCOAVC;2013;970400057;970408589;1;19;627;2447;4;;1;0;1;4;;1;0;1;20;;20
