BOR;AN;nofinesset;nofinessej;EX_NEUCHI;LIT_NEUCHI;EX_REA;EX_POST;EX_NEURAD;LIT_NEURAD;EX_NAV;TELEEXP;TELEEXP_NB;TELECONS;TELECONS_NB;CRAN;CERE;STEREOT;NPED;ENDO;SEJ_ADU;SEJ0_ADU;JOU_ADU;SEJ_PED;SEJ0_PED;JOU_PED;SEJ_REA;JOU_REA;SEJ_POS;JOU_POS;SEJ_END;SEJ0_END;JOU_END
NEUROCHIR;2020;060780947;060800174;0;;0;0;0;;1;0;;0;;0;0;0;1;0;12;0;12;51;28;23;0;0;0;0;0;0;0
NEUROCHIR;2020;060785003;060785011;1;28;0;1;1;14;1;1;994;0;;1;1;1;1;1;2100;109;9509;11;1;27;110;722;625;1576;297;24;1786
NEUROCHIR;2020;080010473;080010242;0;3;0;0;0;;0;0;;0;;0;0;0;0;0;152;0;738;0;0;0;0;0;0;0;0;0;0
NEUROCHIR;2020;130780521;130786049;1;25;0;1;0;;1;1;250;0;;1;0;0;0;0;1123;27;6094;17;0;77;215;1004;139;259;0;0;0
NEUROCHIR;2020;130783293;130786049;1;61;1;1;0;;1;1;;0;;1;1;1;1;1;3826;39;21546;30;0;85;164;1606;621;1975;481;36;3071
NEUROCHIR;2020;130784051;130037823;1;111;0;1;1;4;1;1;0;0;;1;1;1;0;1;3961;12;22190;4;0;12;165;680;158;793;151;0;388
NEUROCHIR;2020;130804297;130786049;1;;0;0;0;;1;0;;0;;0;1;1;1;1;0;0;0;0;0;0;0;0;0;0;0;0;0
NEUROCHIR;2020;140000209;140000100;1;42;1;1;0;;1;1;3600;0;;1;1;0;1;1;2070;74;12991;11;1;34;170;1841;496;1510;347;49;2047
NEUROCHIR;2020;210987558;210780581;1;26;0;1;;4;;1;2380;1;;1;1;1;1;1;1882;71;7438;2;0;7;169;986;99;647;326;40;1492
NEUROCHIR;2020;250006954;250000015;1;33;0;1;0;;1;1;;1;;1;0;1;0;1;1711;31;7459;22;1;87;86;451;151;965;255;6;1335
NEUROCHIR;2020;260020078;420784878;1;10;0;0;0;;0;0;;0;;0;0;0;0;0;432;80;2254;1;0;2;0;0;0;0;0;0;0
NEUROCHIR;2020;290004324;290000017;1;42;1;0;1;0;1;1;3500;0;;1;1;1;1;1;1461;39;10732;23;0;95;141;723;21;77;309;8;1343
NEUROCHIR;2020;2B0000012;2B0000020;1;20;0;0;0;1;1;0;;0;;1;0;0;0;0;816;34;4946;5;0;12;24;353;39;113;0;0;0
NEUROCHIR;2020;300780152;300017985;1;28;0;1;0;;1;0;;0;;1;0;0;0;0;1416;6;5211;1;0;5;25;54;153;180;0;0;0
NEUROCHIR;2020;300782117;300780038;1;15;0;0;0;;1;1;;1;;1;0;0;0;0;492;8;2949;2;0;6;54;220;53;137;0;0;0
NEUROCHIR;2020;310780283;310000112;1;34;0;0;0;;1;0;;0;;1;0;0;0;0;588;11;2736;0;0;0;2;26;92;190;0;0;0
NEUROCHIR;2020;310781000;310788880;1;35;;;1;2;1;0;;0;;1;1;1;0;1;2741;7;11924;2;0;5;39;350;188;542;108;4;444
NEUROCHIR;2020;310783048;310781406;1;78;1;1;1;;1;1;4000;0;;1;1;1;1;1;2700;24;20777;44;2;224;569;4744;399;1094;605;36;3069
NEUROCHIR;2020;330781360;330781196;1;70;1;1;1;2;1;;;;;1;1;0;1;1;2343;40;17419;233;3;855;625;5939;1246;2104;805;272;2127
NEUROCHIR;2020;340015502;340000512;1;30;1;1;0;;1;0;;0;;1;0;1;0;0;1370;12;5649;1;0;4;61;142;462;687;0;0;0
NEUROCHIR;2020;340782085;340780477;1;53;1;1;1;8;1;0;;0;;1;1;1;1;1;2076;40;10333;213;8;905;90;1231;715;2474;907;99;4200
NEUROCHIR;2020;350000741;350005179;1;48;0;1;0;;1;1;;1;;1;1;1;1;1;2520;41;14385;20;0;82;127;1335;434;1811;365;70;1590
NEUROCHIR;2020;370000499;370000481;1;5;0;0;1;;0;1;;0;;0;0;0;1;0;2;1;4;1027;435;1735;40;235;53;156;0;0;0
NEUROCHIR;2020;370000861;370000481;1;30;1;1;1;;1;1;3650;0;;1;1;1;1;1;1781;88;8373;9;0;89;145;1876;603;2601;547;36;2982
NEUROCHIR;2020;380000067;380780080;1;39;1;1;0;;1;1;2190;0;;1;1;0;1;1;1811;25;10122;24;1;102;361;2081;379;1056;279;80;1376
NEUROCHIR;2020;420785354;420784878;1;43;1;1;1;2;1;1;7300;0;;1;1;1;1;1;1763;58;11681;28;1;188;98;1047;240;726;134;11;786
NEUROCHIR;2020;440017598;440000289;1;31;0;0;0;0;1;1;1275;0;;1;1;1;1;1;1380;264;6293;8;0;48;396;1931;95;112;290;26;1636
NEUROCHIR;2020;450002613;450000088;1;18;0;0;0;;0;0;;0;;1;0;1;0;0;594;4;4858;1;0;4;74;548;153;652;0;0;0
NEUROCHIR;2020;490000049;490000031;1;32;0;1;1;2;1;1;;1;;1;1;0;1;1;1614;33;9195;18;0;79;153;861;12;39;222;29;1219
NEUROCHIR;2020;510004302;510000029;1;30;0;1;1;5;1;1;520;0;0;1;1;0;0;1;1456;89;5094;8;0;23;34;341;448;1317;254;10;1174
NEUROCHIR;2020;540001138;540023264;1;72;1;1;1;8;1;1;;1;;1;1;1;0;1;2442;14;20809;11;0;68;143;1438;145;1213;452;33;2417
NEUROCHIR;2020;540002698;540023264;1;8;0;0;1;8;1;0;;0;;1;1;1;1;0;0;0;0;376;6;1829;122;483;8;28;18;3;76
NEUROCHIR;2020;590000618;590782215;1;20;1;1;0;;1;1;675;1;177;1;0;0;0;;1021;152;5264;11;7;10;102;531;27;142;0;0;0
NEUROCHIR;2020;590796975;590780193;1;125;1;1;1;1;1;1;5284;1;531;1;1;1;1;1;3956;58;22039;753;139;2626;294;4248;36;513;563;60;2807
NEUROCHIR;2020;630000404;630780989;1;60;1;1;1;0;1;1;5366;0;;1;1;1;1;1;2167;30;13911;25;0;86;245;2527;122;1529;339;24;2152
NEUROCHIR;2020;630781268;630780989;0;;0;0;0;;1;;;;;0;0;0;1;0;;;;26;;139;13;33;6;171;;;
NEUROCHIR;2020;640000162;640780417;1;21;0;1;0;;0;1;;0;;1;1;1;0;1;1109;94;4445;6;0;18;32;264;93;201;0;0;0
NEUROCHIR;2020;640780946;640000469;1;32;0;1;0;;1;0;;0;;1;1;1;0;0;211;5;971;0;0;0;0;0;16;39;0;0;0
NEUROCHIR;2020;660000084;660780180;1;23;1;1;1;2;1;1;360;1;1560;1;0;0;0;1;752;24;6040;4;0;26;65;362;86;275;0;0;0
NEUROCHIR;2020;660780669;660000324;1;4;0;0;0;;0;0;;0;;0;0;0;0;0;118;0;532;1;0;4;0;0;0;0;0;0;0
NEUROCHIR;2020;670783273;670780055;1;50;0;1;0;;1;0;;0;;1;1;0;1;1;1654;74;9689;21;0;95;104;770;34;407;278;19;1642
NEUROCHIR;2020;680000684;680000973;1;45;0;0;1;1;1;1;1500;1;70;1;1;0;0;1;2198;91;12400;5;0;33;178;1512;8;29;144;26;640
NEUROCHIR;2020;690007539;690781810;1;10;0;0;0;;0;0;;0;;0;0;0;1;0;0;0;0;669;22;4122;79;383;235;367;0;0;0
NEUROCHIR;2020;690041124;690000724;1;15;0;0;0;;1;0;;0;;1;0;0;0;1;478;1;2316;1;0;1;22;171;174;310;0;0;0
NEUROCHIR;2020;690780648;690036900;1;2;0;0;0;;0;0;;0;;0;0;0;0;1;346;1;829;0;0;0;2;4;2;5;0;0;0
NEUROCHIR;2020;690784178;690781810;1;114;1;1;1;5;1;;;0;;1;1;1;1;1;4982;1350;25378;60;50;67;308;2456;691;2148;790;52;3202
NEUROCHIR;2020;740000237;740781133;1;10;0;1;0;;1;1;700;0;;1;0;0;0;0;821;16;4030;6;0;26;84;325;68;163;0;0;0
NEUROCHIR;2020;750000499;750062036;1;41;1;1;1;7;1;1;;0;;1;;1;0;1;1069;20;9538;15;1;104;128;1569;352;1248;388;128;1527
NEUROCHIR;2020;750000549;750150229;1;32;1;1;1;12;1;0;;1;666;1;1;1;1;1;450;149;1076;0;0;0;5;90;3;34;597;54;3106
NEUROCHIR;2020;750100042;750712184;1;42;0;0;0;;1;0;;1;;1;1;0;0;1;1491;99;7782;4;0;11;172;1662;81;814;462;40;2543
NEUROCHIR;2020;750100125;750712184;1;90;;;;;1;;;1;8;1;1;1;0;0;4359;803;20856;31;4;225;515;6967;1153;1273;499;73;3238
NEUROCHIR;2020;750100208;750712184;1;16;1;1;0;;1;1;;1;1226;0;0;0;1;1;20;4;40;1333;99;4251;512;1219;567;1764;0;0;0
NEUROCHIR;2020;760000158;760780239;1;58;1;1;1;3;1;1;1185;1;269;1;1;0;1;1;2613;110;16361;38;5;176;299;2474;681;1000;299;46;1199
NEUROCHIR;2020;800006124;800000044;1;39;1;1;1;1;1;1;;1;;1;1;0;1;1;2058;142;9521;157;16;384;250;1915;179;400;290;46;1205
NEUROCHIR;2020;830100574;750821092;1;20;1;1;1;4;1;1;1187;;;1;0;0;0;1;855;10;6519;6;0;26;105;531;93;466;175;44;653
NEUROCHIR;2020;860000223;860014208;1;29;1;0;0;0;1;1;150;1;0;1;1;1;1;0;1272;4;9014;8;0;46;223;2711;347;527;447;32;2744
NEUROCHIR;2020;870000064;870000015;1;43;;1;1;7;1;1;;1;;1;1;;;1;1630;35;8040;11;0;27;56;540;325;2584;333;1;1402
NEUROCHIR;2020;890975550;890970569;0;0;0;0;0;;0;0;;0;;;;;1;;23;0;144;1;0;3;0;0;0;0;0;0;0
NEUROCHIR;2020;920000650;920150059;1;40;0;0;1;7;1;0;;1;77;1;1;1;0;1;891;34;3543;3;0;6;24;340;394;2260;340;42;1286
NEUROCHIR;2020;920100039;750712184;1;22;0;0;0;;1;0;;1;;1;1;0;0;1;1189;517;5011;9;2;31;133;1464;133;154;0;0;0
NEUROCHIR;2020;920120011;750821092;1;15;0;0;0;;1;0;;0;;1;1;1;0;0;502;16;3839;5;0;36;71;484;0;0;1;0;13
NEUROCHIR;2020;930300025;930000393;1;9;0;1;0;;1;1;;1;;1;0;1;0;0;248;6;1176;0;0;0;30;239;41;130;0;0;0
NEUROCHIR;2020;940100027;750712184;1;30;1;1;1;10;1;1;;1;;1;1;0;0;1;1536;284;8293;4;0;22;344;1402;119;881;364;80;1364
NEUROCHIR;2020;940100043;750712184;1;34;1;1;1;4;1;1;300;1;67;1;1;1;0;1;1765;367;9641;21;4;90;210;1392;377;985;484;36;2170
NEUROCHIR;2020;970100442;970100228;1;11;0;0;0;;1;1;25;1;;1;1;;;;629;19;3335;7;0;28;59;403;25;56;0;0;0
NEUROCHIR;2020;970107249;970100731;1;2;0;0;0;;0;0;;0;;0;0;0;0;0;7;0;171;0;0;0;0;0;0;0;0;0;0
NEUROCHIR;2020;970211215;970211207;;10;;;;;;;;;;;;;;;419;5;3527;6;0;42;33;346;20;41;0;0;0
NEUROCHIR;2020;970400057;970408589;1;18;1;0;1;;1;1;1121;0;;1;0;0;1;1;861;21;5809;11;1;49;266;1614;24;72;180;11;1311
NEUROCHIR;2019;060780947;060800174;0;;0;0;0;;1;0;;0;;0;0;0;1;0;0;0;0;0;0;0;0;0;0;0;0;0;0
NEUROCHIR;2019;060785003;060785011;1;28;;;1;14;;1;;0;;1;1;1;1;1;2400;34;12086;17;1;70;104;971;669;1935;323;36;1838
NEUROCHIR;2019;080010473;080010242;0;3;0;0;0;;0;0;;0;;0;0;0;0;0;181;2;816;0;0;0;0;0;0;0;0;0;0
NEUROCHIR;2019;130780521;130786049;1;25;;;;;;1;250;0;;1;0;0;0;0;1265;28;7835;11;0;57;183;1093;218;429;0;0;0
NEUROCHIR;2019;130783293;130786049;1;61;1;1;0;;1;1;;0;;1;1;1;1;1;4028;43;22982;36;0;200;161;1322;687;2044;517;53;2523
NEUROCHIR;2019;130784051;130037823;1;111;0;1;1;4;1;1;;0;;1;1;1;0;1;4436;14;26019;7;0;63;235;823;88;480;157;0;540
NEUROCHIR;2019;130804297;130786049;1;;0;0;0;;1;;;;;0;1;1;1;;0;0;0;0;0;0;0;0;0;0;0;0;0
NEUROCHIR;2019;140000209;140000100;1;42;0;1;0;0;1;1;2950;0;0;1;1;0;1;1;2090;51;14204;13;0;60;186;2321;515;1848;402;60;2192
NEUROCHIR;2019;210987558;210780581;1;30;;;1;6;;1;2500;0;;;;;;;1846;38;7390;6;0;43;169;932;101;573;396;35;1927
NEUROCHIR;2019;250006954;250000015;1;33;0;1;0;;1;1;;1;;1;0;1;0;1;1709;24;9145;14;1;80;78;819;215;1196;233;8;1480
NEUROCHIR;2019;260020078;420784878;1;10;0;0;0;;0;0;;0;;0;0;0;0;0;547;19;2894;0;0;0;0;0;0;0;0;0;0
NEUROCHIR;2019;290004324;290000017;1;42;0;1;1;0;1;1;;0;;1;1;1;1;1;1582;34;12069;17;0;76;120;894;40;81;334;8;1530
NEUROCHIR;2019;2B0000012;2B0000020;1;20;0;0;0;;1;0;;0;;1;0;0;0;0;908;29;5466;9;1;35;29;579;54;211;0;0;0
NEUROCHIR;2019;300780152;300017985;1;29;0;0;0;;1;0;;0;;1;0;0;0;0;2069;5;8574;4;0;10;70;312;320;406;0;0;0
NEUROCHIR;2019;300782117;300780038;1;10;0;0;0;;1;1;;1;;1;0;0;0;0;513;11;2932;2;0;6;28;292;94;161;0;0;0
NEUROCHIR;2019;310780283;310000112;1;34;0;0;0;;1;0;;0;;1;0;0;0;0;370;7;3232;0;0;0;6;120;27;109;0;0;0
NEUROCHIR;2019;310781000;310788880;1;35;;;1;2;1;0;;0;;1;1;1;0;1;3066;8;12969;1;0;1;41;251;199;758;109;1;476
NEUROCHIR;2019;310783048;310781406;1;78;1;1;1;;1;1;;0;;1;1;1;1;1;3078;26;24039;39;1;243;323;4102;850;2575;684;58;3075
NEUROCHIR;2019;330781360;330781196;1;72;1;1;0;;;;;;;1;1;0;1;1;2462;32;18655;230;2;854;553;5614;1475;2465;752;273;1832
NEUROCHIR;2019;340015502;340000512;1;30;1;0;1;2;1;0;;0;;1;0;1;0;1;1677;11;7275;1;0;10;81;337;582;876;0;0;0
NEUROCHIR;2019;340782085;340780477;1;53;1;0;1;8;1;0;;0;;1;1;1;1;1;2486;75;12831;290;9;1396;86;1354;690;1625;988;251;3414
NEUROCHIR;2019;350000741;350005179;1;48;0;1;0;;1;1;;1;;1;1;1;1;1;2765;37;15505;28;0;116;101;901;454;1608;425;81;1587
NEUROCHIR;2019;370000499;370000481;1;5;0;0;1;;0;1;;0;;0;0;0;1;0;1;0;5;325;106;1205;58;282;12;20;0;0;0
NEUROCHIR;2019;370000861;370000481;1;30;1;1;1;;1;1;2400;0;;1;1;1;1;1;1886;91;9101;7;1;30;137;1576;654;2883;530;34;2504
NEUROCHIR;2019;380000067;380780080;1;39;1;1;0;;1;1;2737;0;;1;1;0;1;1;2098;26;12878;24;0;113;375;2331;461;1556;321;89;1519
NEUROCHIR;2019;420785354;420784878;1;43;1;1;1;1;1;1;4015;0;;1;1;1;1;1;2007;60;13079;17;1;80;82;828;306;641;109;11;772
NEUROCHIR;2019;440017598;440000289;1;31;0;0;0;0;1;1;;0;;1;1;1;1;1;1692;285;8006;4;0;15;436;1636;186;191;411;57;1776
NEUROCHIR;2019;450002613;450000088;1;18;0;0;0;;0;0;;0;;1;0;1;0;0;643;2;4399;8;0;54;56;544;154;557;0;0;0
NEUROCHIR;2019;490000049;490000031;1;32;0;1;1;2;1;1;;1;;1;1;0;1;1;1759;37;9708;10;0;56;157;912;13;38;169;6;1061
NEUROCHIR;2019;510004302;510000029;1;30;0;1;1;5;1;1;520;1;0;1;1;0;0;1;1908;168;6847;11;2;35;36;370;596;1737;238;9;1036
NEUROCHIR;2019;540001138;540023264;1;72;1;1;1;8;1;1;;1;;1;1;1;0;1;2697;16;23606;16;0;55;131;1625;151;1504;540;39;2463
NEUROCHIR;2019;540002698;540023264;1;8;0;0;1;8;1;1;;0;;;;;1;0;0;0;0;424;10;1947;93;377;2;6;23;1;137
NEUROCHIR;2019;590000618;590782215;1;22;1;1;0;;1;1;;1;;1;0;0;0;0;1420;281;6936;24;12;58;124;758;25;188;0;0;0
NEUROCHIR;2019;590796975;590780193;1;125;1;1;1;1;1;1;4997;0;;1;1;1;1;1;5015;139;29018;802;148;2722;325;4989;37;568;773;117;3224
NEUROCHIR;2019;630000404;630780989;1;54;1;1;1;0;1;1;5008;0;;1;1;1;1;1;2525;53;15652;38;0;142;216;2501;103;1206;320;27;1936
NEUROCHIR;2019;640000162;640780417;1;21;0;1;0;;0;0;;0;;1;1;1;0;0;1476;69;7471;19;1;56;49;495;113;253;0;0;0
NEUROCHIR;2019;640780946;640000469;1;32;0;1;0;;1;0;;0;;1;1;1;0;0;301;10;2325;0;0;0;0;0;0;0;0;0;0
NEUROCHIR;2019;660000084;660780180;1;23;1;1;0;;1;1;;1;;1;0;0;0;0;916;49;7351;8;0;42;76;497;128;432;0;0;0
NEUROCHIR;2019;660780669;660000324;1;4;0;0;0;;0;0;;0;;0;0;0;0;0;134;0;634;0;0;0;0;0;0;0;0;0;0
NEUROCHIR;2019;670783273;670780055;1;50;0;1;0;;1;0;;0;;1;1;0;1;1;1986;61;11916;17;0;135;137;1135;51;557;324;33;1571
NEUROCHIR;2019;680000684;680000973;1;45;0;0;1;1;1;1;1100;1;70;1;1;0;0;1;2619;84;14767;11;0;74;164;1716;12;25;151;22;1049
NEUROCHIR;2019;690007539;690781810;1;10;0;0;0;;0;0;;0;;0;0;0;1;0;0;0;0;769;25;4455;106;437;208;343;0;0;0
NEUROCHIR;2019;690041124;690000724;1;15;0;0;0;;1;0;;0;;1;0;0;0;1;553;11;2416;0;0;0;25;91;152;239;0;0;0
NEUROCHIR;2019;690780648;690036900;0;;0;0;0;;0;0;;0;;0;0;0;0;1;618;12;1460;0;0;0;1;1;7;11;0;0;0
NEUROCHIR;2019;690784178;690781810;1;114;1;1;1;5;1;;;0;;1;1;1;1;1;5503;1088;30655;90;75;120;300;2516;843;2279;772;44;3237
NEUROCHIR;2019;740000237;740781133;1;14;0;0;0;;1;1;987;0;;1;0;0;0;0;917;15;4441;10;0;34;90;286;117;276;0;0;0
NEUROCHIR;2019;750000499;750062036;1;41;1;1;1;7;1;1;;0;;1;1;1;0;1;1336;23;10637;12;0;78;122;1360;361;1176;452;117;1969
NEUROCHIR;2019;750000549;750150229;1;32;1;1;1;12;1;0;;0;;1;1;1;1;1;525;81;2034;2;0;5;1;3;2;5;802;70;4112
NEUROCHIR;2019;750100042;750712184;1;42;0;0;0;;1;0;;0;;1;1;;0;1;1844;182;8806;7;0;38;212;1907;88;879;499;27;2964
NEUROCHIR;2019;750100125;750712184;1;90;;;;;;;;0;;;;1;0;;4906;593;24927;35;2;188;490;7173;1120;1227;505;84;3866
NEUROCHIR;2019;750100208;750712184;1;16;1;1;0;;1;1;;0;;0;0;0;1;1;23;0;102;1459;148;4801;566;1489;607;2070;0;0;0
NEUROCHIR;2019;760000158;760780239;1;58;1;1;1;3;1;1;1185;0;;1;1;0;1;1;2861;115;18386;41;1;184;337;3114;710;1222;375;60;1457
NEUROCHIR;2019;800006124;800000044;1;39;1;1;1;1;1;1;1330;0;0;1;1;0;1;1;2228;89;11151;126;13;428;225;1635;153;369;270;56;1049
NEUROCHIR;2019;830100574;750821092;1;20;1;1;1;4;1;1;1108;0;;1;0;0;0;1;923;11;6870;7;0;57;70;410;128;530;202;55;558
NEUROCHIR;2019;860000223;860014208;1;44;1;0;0;;1;1;;1;;1;1;0;1;1;1283;8;9708;13;0;67;218;2480;191;429;391;35;2200
NEUROCHIR;2019;870000064;870000015;1;43;0;1;1;7;1;1;;1;;1;1;0;0;1;1713;22;9702;11;0;32;50;453;356;2388;313;6;1456
NEUROCHIR;2019;920000650;920150059;1;40;0;0;1;7;1;0;;0;;1;1;0;0;1;1398;57;5653;8;0;26;38;408;664;3213;364;46;1638
NEUROCHIR;2019;920100039;750712184;1;22;1;1;1;;1;1;59;1;;1;1;0;0;0;1448;647;5854;10;2;42;129;1070;142;199;0;0;0
NEUROCHIR;2019;920120011;750821092;1;15;0;0;0;;1;1;;0;;1;1;1;0;0;415;8;2893;8;0;33;70;305;1;332;0;0;0
NEUROCHIR;2019;930300025;930000393;1;9;0;1;0;;0;1;11;1;20;1;1;1;0;0;306;10;1441;2;0;6;19;46;44;82;0;0;0
NEUROCHIR;2019;940100027;750712184;1;30;1;1;1;10;1;1;;1;;1;1;0;0;1;1837;617;9167;6;2;34;347;1370;143;1409;351;66;1468
NEUROCHIR;2019;940100043;750712184;1;34;1;1;1;4;1;1;300;0;0;1;1;1;0;1;2071;499;11006;34;4;186;189;1456;561;1194;590;42;2257
NEUROCHIR;2019;970100442;970100228;1;11;0;1;0;;1;1;;0;;1;0;0;1;0;614;16;3610;4;0;28;54;405;44;187;0;0;0
NEUROCHIR;2019;970211215;970211207;1;9;0;0;0;;0;0;;0;;1;0;0;1;0;371;5;3140;8;0;79;29;259;19;30;55;2;310
NEUROCHIR;2019;970400057;970408589;1;18;1;;1;;1;1;1046;;;1;;;1;1;944;30;6010;4;0;25;243;1634;30;95;183;7;1226
NEUROCHIR;2018;060780947;060800174;0;4;0;0;0;;1;1;25;0;;0;0;0;1;0;0;0;0;443;14;1124;17;84;54;197;6;1;5
NEUROCHIR;2018;060785003;060785011;1;28;0;1;1;14;1;1;731;0;;1;1;1;1;1;2482;49;11804;10;0;35;121;957;633;1977;306;29;2129
NEUROCHIR;2018;080010473;080010242;0;3;0;0;0;;0;0;;0;;0;0;0;0;0;154;2;702;0;0;0;0;0;67;96;0;0;0
NEUROCHIR;2018;130780521;130786049;1;25;0;1;0;;1;1;250;1;0;1;0;0;0;0;1117;19;7806;14;0;180;135;810;254;619;0;0;0
NEUROCHIR;2018;130783293;130786049;1;61;1;1;1;;1;1;;0;;1;1;1;1;1;4078;33;24813;31;0;200;155;1401;716;1929;493;31;2996
NEUROCHIR;2018;130784051;130037823;1;111;0;1;1;4;1;1;1;0;;1;1;1;0;1;4335;11;25531;15;0;72;247;911;117;620;171;0;732
NEUROCHIR;2018;140000209;140000100;1;42;0;1;0;0;1;1;2950;0;0;1;1;0;1;1;2005;37;14370;13;0;41;187;2413;467;1702;332;42;2243
NEUROCHIR;2018;210987558;210780581;1;30;0;1;1;6;1;1;2500;0;;1;0;0;0;1;1840;36;7250;9;1;25;161;918;108;688;419;40;2093
NEUROCHIR;2018;250006954;250000015;1;33;0;1;0;;1;1;;1;;1;0;1;0;1;1712;18;9091;21;2;188;81;800;205;1127;163;5;932
NEUROCHIR;2018;260020078;420784878;1;10;0;0;0;;0;0;;0;;0;0;0;0;;441;13;2815;0;0;0;0;0;0;0;0;0;0
NEUROCHIR;2018;290004324;290000017;1;42;0;1;1;0;1;1;4745;0;;1;1;1;1;1;1657;51;11641;20;0;119;129;1197;35;61;270;3;1572
NEUROCHIR;2018;2B0000012;2B0000020;1;20;0;0;0;;0;0;;0;;1;0;0;0;0;914;46;5609;5;0;14;30;355;67;185;0;0;0
NEUROCHIR;2018;300780152;300017985;1;29;0;0;0;;1;0;;0;;1;0;0;0;0;1983;7;8019;4;0;9;87;256;270;351;0;0;0
NEUROCHIR;2018;300782117;300780038;1;10;0;0;0;;1;1;;1;;1;0;0;0;0;468;4;2716;1;0;5;27;339;100;218;0;0;0
NEUROCHIR;2018;310780283;310000112;1;34;0;0;0;;1;0;;0;;1;0;0;0;0;343;0;4049;0;0;0;9;262;23;153;0;0;0
NEUROCHIR;2018;310781000;310788880;1;35;;;1;0;1;0;;0;;1;1;1;0;1;3228;16;12327;3;0;13;39;373;191;628;95;8;338
NEUROCHIR;2018;310783048;310781406;1;78;1;1;1;;1;1;3239;0;;1;1;1;1;1;2983;30;24421;49;3;293;332;4241;800;2381;679;54;3456
NEUROCHIR;2018;330781360;330781196;1;72;1;1;0;;;;;;;1;1;0;1;1;2550;47;18605;219;4;864;604;6375;1331;1657;802;332;1794
NEUROCHIR;2018;340015502;340000512;1;30;1;0;1;;1;0;;0;;1;0;1;0;1;1585;7;7184;3;0;10;85;241;546;746;0;0;0
NEUROCHIR;2018;340782085;340780477;1;53;0;1;1;8;1;1;;1;;1;1;1;1;1;2366;61;12609;327;9;1496;84;1185;736;1600;905;268;2643
NEUROCHIR;2018;350000741;350005179;1;48;0;1;;;;1;;1;;1;1;0;0;1;2751;44;15044;26;1;141;115;1179;486;1601;430;83;1465
NEUROCHIR;2018;370000499;370000481;1;5;0;0;1;;0;1;;0;;0;0;0;1;0;4;2;10;1101;401;2314;69;333;15;87;0;0;0
NEUROCHIR;2018;370000861;370000481;1;30;1;1;1;;1;1;2700;0;;1;1;1;1;1;1809;70;8949;10;1;42;144;1740;678;3277;488;23;2481
NEUROCHIR;2018;380000067;380780080;1;39;1;1;0;0;1;1;2920;0;;1;1;0;1;1;1920;18;12362;28;2;126;383;2126;390;1326;306;92;1354
NEUROCHIR;2018;420785354;420784878;1;44;1;1;1;1;1;1;3750;0;;1;1;1;1;1;2056;58;13460;14;0;82;102;1165;361;856;262;22;1552
NEUROCHIR;2018;440017598;440000289;1;31;0;0;0;;1;1;;0;;1;1;1;1;1;1573;246;8310;7;0;32;443;1870;215;247;395;22;1915
NEUROCHIR;2018;450002613;450000088;1;18;0;0;0;;1;0;;0;;1;0;1;0;0;669;6;5039;5;0;25;60;471;115;507;0;0;0
NEUROCHIR;2018;490000049;490000031;1;32;0;1;1;1;1;1;;1;;1;1;0;1;1;1811;43;8932;13;1;49;137;802;15;98;139;11;825
NEUROCHIR;2018;510004302;510000029;1;30;0;1;1;5;1;1;520;0;;1;1;0;0;1;1840;182;6460;10;0;34;31;278;563;1647;224;7;1099
NEUROCHIR;2018;540001138;540023264;1;72;1;1;1;8;1;1;;1;;1;1;1;0;1;2831;13;22215;16;0;242;125;1899;155;1460;539;23;2719
NEUROCHIR;2018;540002698;540023264;1;8;0;0;1;8;1;1;;0;;;;;1;1;3;0;19;515;7;2205;127;401;5;33;26;1;114
NEUROCHIR;2018;590000618;590782215;1;28;1;1;0;;1;1;532;1;177;1;0;0;0;;1603;418;7268;29;15;53;152;846;28;150;0;0;0
NEUROCHIR;2018;590796975;590780193;1;130;1;1;1;1;1;1;5071;0;;1;1;1;1;1;5070;68;28647;830;160;2605;324;4597;30;444;756;87;3282
NEUROCHIR;2018;630000404;630780989;1;54;1;1;1;0;1;1;4063;0;;1;1;1;1;1;2563;60;16187;45;5;114;223;3145;71;1191;282;22;1834
NEUROCHIR;2018;640000162;640780417;1;21;0;0;0;;0;0;;0;;1;1;1;0;0;1191;61;7215;11;3;28;60;577;137;295;0;0;0
NEUROCHIR;2018;640780946;640000469;1;32;0;1;0;;1;0;;0;;1;1;1;0;0;110;5;589;0;0;0;0;0;4;12;0;0;0
NEUROCHIR;2018;660000084;660780180;1;23;1;1;0;;1;1;30;1;30;1;0;0;0;0;926;43;6776;8;0;38;87;706;126;470;0;0;0
NEUROCHIR;2018;670783273;670780055;1;50;0;1;0;;1;0;;0;;1;1;0;1;1;1940;54;10918;26;1;131;127;1500;24;1286;299;36;1557
NEUROCHIR;2018;680000684;680000973;1;45;0;0;1;1;1;1;1040;1;52;1;1;0;0;1;2584;50;14593;13;2;55;161;1915;12;27;163;11;1304
NEUROCHIR;2018;690007539;690781810;1;10;0;0;0;;0;0;;0;;0;0;0;1;0;1;0;2;701;21;4456;110;379;194;283;0;0;0
NEUROCHIR;2018;690780648;690036900;0;;0;0;0;;0;0;;0;;0;0;0;0;1;551;10;1259;0;0;0;1;4;12;22;0;0;0
NEUROCHIR;2018;690782834;690000724;0;21;0;0;0;;1;0;;0;;1;0;0;0;1;242;13;1358;0;0;0;13;122;148;883;0;0;0
NEUROCHIR;2018;690784178;690781810;1;120;1;1;1;6;1;;;0;;1;1;1;1;1;5200;694;32038;78;58;152;314;3211;804;2109;672;27;3275
NEUROCHIR;2018;740000237;740781133;1;14;0;0;0;;1;1;815;0;;1;0;0;0;0;1000;29;4461;8;0;34;92;356;110;343;0;0;0
NEUROCHIR;2018;750000499;750140014;1;41;1;1;1;7;1;1;776;0;;1;1;1;0;1;1566;20;13411;15;0;117;131;2132;395;1334;287;10;2324
NEUROCHIR;2018;750000549;750150229;1;32;1;1;1;12;0;0;;0;;1;1;1;1;1;403;45;1559;1;0;3;2;3;1;4;822;47;4443
NEUROCHIR;2018;750100042;750712184;1;42;;;0;;1;1;;0;;1;1;0;0;1;1847;126;10865;17;2;81;202;2330;76;455;486;16;3442
NEUROCHIR;2018;750100125;750712184;1;84;1;;1;4;1;0;;0;;1;1;1;0;1;5149;584;29018;33;2;143;452;7356;1119;1187;416;69;3195
NEUROCHIR;2018;750100208;750712184;1;16;1;1;0;;1;1;;0;;0;0;0;1;1;18;1;54;1573;163;4819;646;1733;673;2226;0;0;0
NEUROCHIR;2018;760000158;760780239;1;58;1;1;1;3;1;1;1185;0;;1;1;0;1;1;2754;92;19565;37;2;260;329;2902;677;1180;263;41;1223
NEUROCHIR;2018;800006124;800000044;1;40;1;1;1;1;1;1;600;0;0;1;1;;1;1;2221;112;11471;121;8;373;256;1847;142;308;247;50;875
NEUROCHIR;2018;830100574;750821092;1;20;1;1;1;4;1;1;900;0;;1;0;0;0;1;825;12;6812;6;0;28;90;795;96;544;175;50;629
NEUROCHIR;2018;860000223;860014208;1;44;1;0;0;;1;1;;1;;1;1;0;1;1;1352;16;8980;13;0;71;237;2629;217;465;365;47;2477
NEUROCHIR;2018;870000064;870000015;1;43;0;1;1;7;1;1;;0;;1;1;0;0;1;1771;39;10386;10;1;30;55;844;223;1523;295;3;1557
NEUROCHIR;2018;920000650;920150059;1;40;0;0;1;7;1;0;;0;;1;1;0;0;1;1399;50;5144;12;0;36;36;349;697;3410;369;61;1468
NEUROCHIR;2018;920100039;750712184;1;22;0;0;0;;1;1;780;1;450;1;1;0;0;0;1453;329;7388;8;3;17;170;1539;195;239;0;0;0
NEUROCHIR;2018;920120011;750821092;1;15;0;;0;;0;0;;0;;1;1;0;0;0;642;7;3776;4;0;20;68;583;2;73;0;0;0
NEUROCHIR;2018;930300025;930000393;1;9;0;1;0;;0;1;;1;;1;1;1;0;0;298;1;1441;0;0;0;15;69;43;101;0;0;0
NEUROCHIR;2018;940100027;750712184;1;30;1;1;1;10;1;1;;1;;1;1;0;0;1;1959;685;9057;13;0;72;333;1766;128;1181;283;43;1362
NEUROCHIR;2018;940100043;750712184;1;34;1;1;1;10;1;1;;0;;1;1;1;0;1;2109;493;10766;49;5;219;189;1638;555;1174;586;61;2340
NEUROCHIR;2018;970100442;970100228;1;11;0;1;0;;1;1;;0;;1;0;0;1;0;525;28;2666;6;0;32;55;520;22;79;0;0;0
NEUROCHIR;2018;970112850;970100228;1;3;;;;;;;;;;;;;;;100;6;512;0;0;0;0;0;0;0;0;0;0
NEUROCHIR;2018;970211215;970211207;1;8;0;0;0;;0;0;;0;;1;0;0;1;0;375;7;2683;6;0;38;21;177;17;32;32;2;151
NEUROCHIR;2018;970400057;970408589;1;18;1;1;1;;1;1;1046;;;1;0;0;1;1;975;16;5857;8;1;49;268;1672;22;36;151;13;1016
NEUROCHIR;2017;060780947;060800174;0;;0;0;0;;1;0;;0;;0;0;0;1;0;0;0;0;0;0;0;0;0;0;0;0;0;0
NEUROCHIR;2017;060785003;060785011;1;28;1;;1;14;;1;605;1;1900;;;;;;2528;57;12288;15;4;55;119;1158;603;1835;242;41;1542
NEUROCHIR;2017;080010473;080010242;0;3;0;0;0;;0;0;;0;;;;;;;147;2;652;0;0;0;0;0;66;84;0;0;0
NEUROCHIR;2017;130780521;130786049;1;25;0;1;0;;1;1;250;1;;1;0;0;0;0;977;18;8069;9;0;77;144;986;232;500;0;0;0
NEUROCHIR;2017;130783293;130786049;1;61;1;1;1;;1;1;1500;0;;1;0;0;0;1;4039;33;26140;36;1;130;181;2017;762;2228;409;21;2695
NEUROCHIR;2017;130784051;130037823;1;111;0;1;1;4;1;1;1;;;1;1;1;0;1;4595;16;26776;5;0;23;231;996;117;876;141;0;639
NEUROCHIR;2017;140000209;140000100;1;42;0;1;1;2;1;1;1500;0;0;1;1;0;1;1;1959;51;14280;13;2;33;240;2324;393;1546;249;40;1473
NEUROCHIR;2017;210987558;210780581;1;30;0;1;1;6;1;1;1131;0;;1;0;0;0;1;1798;35;7390;10;0;25;153;687;98;589;397;33;1939
NEUROCHIR;2017;250006954;250000015;1;33;0;1;0;;1;1;;1;;1;0;1;0;1;1882;16;9966;17;1;80;98;748;165;714;100;2;505
NEUROCHIR;2017;260020078;420784878;1;10;0;0;0;;0;0;;0;;0;0;0;0;0;493;16;3024;1;0;7;0;0;0;0;0;0;0
NEUROCHIR;2017;290004324;290000017;1;42;0;1;1;0;1;1;4745;0;;1;1;1;1;1;1859;25;11807;31;0;150;101;940;26;49;191;2;855
NEUROCHIR;2017;2B0000012;2B0000020;1;20;0;0;0;;0;0;;0;;1;0;0;0;0;939;43;5513;5;0;13;30;374;58;161;0;0;0
NEUROCHIR;2017;300780152;920029527;1;28;0;0;0;;1;0;;0;;1;0;0;0;0;1865;6;7878;8;1;19;35;113;310;388;0;0;0
NEUROCHIR;2017;300782117;300780038;1;10;0;0;0;;1;1;;1;;1;0;0;0;0;501;13;2980;8;0;38;41;367;109;215;0;0;0
NEUROCHIR;2017;310780283;310000112;1;34;0;0;0;0;1;0;;0;;1;0;0;0;0;312;0;1504;0;0;0;8;54;25;144;0;0;0
NEUROCHIR;2017;310781000;310788880;1;35;;;1;0;1;0;;0;;1;1;1;0;1;3195;4;13326;3;0;15;53;489;236;739;87;3;340
NEUROCHIR;2017;310783048;310781406;1;78;1;1;0;;1;1;2839;0;;1;1;1;1;1;3026;31;24340;50;0;438;360;4170;825;2523;542;29;2980
NEUROCHIR;2017;330781360;330781196;1;72;1;1;0;;;;;;;1;1;0;1;1;2517;31;18483;224;2;1017;627;5779;1334;1824;691;268;1925
NEUROCHIR;2017;340015502;340000512;1;30;1;0;0;;1;0;;0;;1;0;1;0;0;1616;2;6997;4;0;20;75;213;421;650;0;0;0
NEUROCHIR;2017;340782085;340780477;1;53;0;1;1;8;1;1;;1;;1;1;1;1;1;2319;66;12163;337;15;1647;84;1197;677;1375;873;259;3019
NEUROCHIR;2017;350000741;350005179;1;48;0;1;;;;1;;1;;1;1;0;0;1;2842;64;15756;31;3;88;120;887;519;1728;443;82;1659
NEUROCHIR;2017;370000499;370000481;1;5;0;0;0;;0;1;;0;;0;0;0;1;0;0;0;0;523;195;2144;0;0;0;0;0;0;0
NEUROCHIR;2017;370000861;370000481;1;36;1;1;1;;0;1;;0;;1;0;1;1;1;2260;425;8946;12;2;21;173;1803;689;3162;402;53;2214
NEUROCHIR;2017;380000067;380780080;1;39;1;1;0;0;1;1;2920;0;;1;1;0;1;1;1912;19;11987;38;0;158;305;1710;396;1475;277;72;1364
NEUROCHIR;2017;420785354;420784878;1;44;1;1;1;1;1;1;3750;0;;1;1;0;1;1;1757;65;12629;9;1;16;99;1105;281;658;207;8;1426
NEUROCHIR;2017;440017598;440000289;1;31;0;;;;;1;;0;;1;1;1;1;1;1714;226;7396;5;0;16;416;1986;222;259;403;25;1693
NEUROCHIR;2017;450002613;450000088;1;18;0;0;0;;1;0;;0;;1;0;1;0;0;711;7;5339;2;0;6;68;551;118;522;0;0;0
NEUROCHIR;2017;490000049;490000031;1;32;0;1;1;1;1;1;;1;;1;1;0;1;1;1709;43;8683;25;4;98;126;1000;14;48;155;8;1224
NEUROCHIR;2017;510004302;510000029;1;30;0;1;1;5;1;1;520;0;0;1;1;0;0;1;1842;166;6467;7;1;18;33;429;567;1638;192;7;881
NEUROCHIR;2017;540001138;540023264;1;72;1;1;1;8;1;1;;1;;1;1;1;0;1;2815;23;24808;7;0;23;159;2316;153;1301;417;18;2515
NEUROCHIR;2017;540002698;540023264;1;8;0;0;1;8;1;1;104;0;;;;;1;1;0;0;0;644;7;2961;0;0;0;0;33;2;204
NEUROCHIR;2017;590000618;590782215;1;28;1;1;0;;1;1;537;1;225;1;0;0;0;0;1902;717;7944;60;50;55;153;714;36;148;0;0;0
NEUROCHIR;2017;590796975;590780193;1;166;1;1;1;1;1;1;5208;0;;1;1;1;1;1;5405;41;30474;830;151;2832;294;4862;26;662;654;72;3290
NEUROCHIR;2017;620118513;620002915;0;;0;0;0;;0;0;;0;;0;0;0;0;0;0;0;0;0;0;0;0;0;0;0;15;0;20
NEUROCHIR;2017;630000404;630780989;1;44;1;1;1;44;1;1;3565;1;;1;1;1;1;1;2385;40;16359;55;6;205;213;2551;110;1193;238;12;1503
NEUROCHIR;2017;640000162;640780417;1;21;0;0;0;;0;0;;0;;1;1;1;0;0;1138;71;6725;9;0;47;58;709;117;251;0;0;0
NEUROCHIR;2017;640780946;640000469;1;32;0;1;0;;1;0;;0;;1;1;1;0;0;227;13;1057;1;1;0;0;0;3;19;0;0;0
NEUROCHIR;2017;660000084;660780180;1;23;1;1;0;;1;1;30;1;30;1;0;0;0;0;903;34;7278;6;0;18;87;568;103;400;0;0;0
NEUROCHIR;2017;670783273;670780055;1;50;0;1;0;;1;0;;0;;1;1;0;1;1;2051;67;11006;21;1;102;163;1389;39;931;323;41;1280
NEUROCHIR;2017;680000684;680000973;1;45;0;0;1;1;1;1;1040;1;52;1;1;0;0;1;2488;42;14301;7;0;41;173;1695;0;0;125;4;877
NEUROCHIR;2017;690007539;690781810;1;10;0;0;0;;0;0;;0;;0;0;0;1;0;0;0;0;687;26;4518;125;527;221;308;0;0;0
NEUROCHIR;2017;690782834;690000724;0;21;0;0;0;;1;0;;0;;1;0;0;0;1;228;2;1338;0;0;0;31;193;144;265;0;0;0
NEUROCHIR;2017;690784178;690781810;1;120;1;1;1;6;1;;;0;;1;1;1;1;1;5335;640;32096;68;47;139;321;2989;793;2214;537;33;2814
NEUROCHIR;2017;740000237;740781133;1;14;0;0;0;;1;1;6;1;698;1;0;0;0;0;854;19;4565;6;0;30;102;285;99;334;0;0;0
NEUROCHIR;2017;750000499;750140014;1;41;1;1;1;7;1;1;776;0;;1;1;1;0;1;1485;20;10301;26;0;162;107;1381;335;1101;249;7;1807
NEUROCHIR;2017;750000549;750150229;1;32;1;1;1;12;0;0;;0;;1;1;1;1;1;425;46;1994;621;443;685;3;40;5;24;808;31;4977
NEUROCHIR;2017;750100042;750712184;1;42;0;0;0;;1;1;;0;;1;1;0;0;1;2027;129;12547;16;2;69;186;2122;101;614;460;22;3148
NEUROCHIR;2017;750100125;750712184;1;84;1;;1;4;1;;;;;1;1;1;0;1;5032;500;28890;33;3;188;503;7166;1198;1253;337;52;3377
NEUROCHIR;2017;750100208;750712184;1;16;1;1;;;;1;;0;;;;;1;1;23;4;57;1504;135;4856;643;1722;603;1935;0;0;0
NEUROCHIR;2017;760000158;760780239;1;60;1;1;1;3;1;1;1185;0;;1;1;0;1;1;2658;87;19145;34;4;142;301;3102;682;1294;265;33;1456
NEUROCHIR;2017;800006124;800000044;1;40;1;1;1;1;1;1;600;0;0;1;1;;1;1;2045;49;11739;154;17;423;334;1904;61;147;237;34;1054
NEUROCHIR;2017;830100574;750821092;1;20;1;1;1;1;1;1;900;0;;1;0;0;0;1;740;5;7054;5;0;24;78;708;102;541;157;38;607
NEUROCHIR;2017;860000223;860014208;1;44;1;0;0;;1;1;;1;;1;1;0;1;1;1712;44;9254;23;3;99;285;2970;199;314;275;25;2062
NEUROCHIR;2017;870000064;870000015;1;43;1;1;1;7;1;1;;0;;1;1;0;0;1;1859;50;11347;15;1;30;52;685;21;216;277;2;1577
NEUROCHIR;2017;920000650;920150059;1;40;0;1;1;7;1;0;;0;;1;1;0;0;1;1455;54;6346;13;0;24;36;372;813;3446;360;77;1480
NEUROCHIR;2017;920100039;750712184;1;30;0;0;1;;1;1;780;1;425;1;0;0;0;0;1573;320;7506;20;1;106;170;1493;195;206;0;0;0
NEUROCHIR;2017;920120011;750821092;1;15;0;0;0;;0;0;;0;;1;1;0;0;0;719;11;3775;5;0;36;80;280;1;0;0;0;0
NEUROCHIR;2017;930300025;930000393;1;9;0;1;0;;0;1;138;1;138;1;0;0;0;0;383;1;2030;3;0;18;17;277;52;166;0;0;0
NEUROCHIR;2017;940100027;750712184;1;32;1;1;1;9;1;1;;1;;1;1;0;0;1;1903;690;8422;4;1;44;297;914;160;1161;227;31;999
NEUROCHIR;2017;940100043;750712184;1;34;1;1;1;10;1;1;;0;;1;1;1;0;1;2011;470;10244;35;2;156;192;1221;611;1133;591;49;2555
NEUROCHIR;2017;970100442;970100228;1;11;0;1;0;;1;1;;0;;1;0;0;1;0;717;148;3391;6;1;36;48;501;34;53;0;0;0
NEUROCHIR;2017;970211215;970211207;1;8;0;0;0;;0;0;;0;;1;0;0;1;0;363;3;2653;2;0;8;29;252;40;107;19;3;68
NEUROCHIR;2017;970400057;970408589;1;18;1;1;1;1;1;1;1117;0;;1;0;0;1;1;1031;20;5763;10;0;37;263;1576;22;44;127;2;821
NEUROCHIR;2016;060780947;060800174;0;;0;0;0;;1;0;;0;;0;0;0;1;0;0;0;0;0;0;0;0;0;0;0;0;0;0
NEUROCHIR;2016;060785003;060785011;1;28;1;1;0;;1;1;619;1;1800;;;;;;2428;54;11709;23;4;85;241;1195;201;591;172;13;740
NEUROCHIR;2016;080010473;080010242;0;3;0;0;0;;0;0;;0;;0;0;0;0;0;155;0;738;0;0;0;0;0;58;60;0;0;0
NEUROCHIR;2016;130780521;130786049;1;40;1;1;0;;1;1;1000;0;;1;0;0;0;0;1015;12;8254;13;0;157;141;1044;230;468;0;0;0
NEUROCHIR;2016;130783293;130786049;1;61;1;1;1;;1;1;1500;0;;1;0;0;0;1;3931;25;25288;37;1;167;162;1831;700;2088;396;19;2702
NEUROCHIR;2016;130784051;130037823;1;123;1;1;1;4;1;1;1;0;;1;1;1;0;1;4651;10;27673;10;0;53;292;1175;125;1067;133;1;532
NEUROCHIR;2016;140000209;140000100;1;42;0;1;0;;1;1;1086;0;;1;1;0;1;1;1869;37;13622;7;1;20;214;2228;397;1516;167;16;1135
NEUROCHIR;2016;210987558;210780581;1;30;0;1;1;5;1;1;2000;0;;1;0;0;0;1;1939;48;7586;9;0;29;226;1305;89;561;334;20;1601
NEUROCHIR;2016;250006954;250000015;1;39;0;1;0;;1;1;;1;;1;0;1;0;1;2014;30;11095;13;1;57;72;736;130;542;172;7;1075
NEUROCHIR;2016;290004324;290000017;1;42;0;1;1;0;1;1;4800;0;;1;0;1;0;1;1849;33;11602;20;0;76;105;920;30;51;184;6;981
NEUROCHIR;2016;2B0000012;2B0000020;1;20;0;1;0;;0;0;;0;;1;0;0;0;0;884;32;5480;4;0;20;34;397;53;163;0;0;0
NEUROCHIR;2016;300780152;920029527;1;24;0;0;0;;1;;;;;1;0;0;0;0;1630;4;6954;1;0;4;36;101;240;316;0;0;0
NEUROCHIR;2016;300782117;300780038;1;10;0;0;0;;1;1;;1;;1;0;0;0;0;433;2;2520;3;0;11;29;154;64;71;0;0;0
NEUROCHIR;2016;310780283;310000112;1;34;0;1;;;1;;;;;1;1;1;0;1;1810;4;9339;6;0;34;29;195;181;687;0;0;0
NEUROCHIR;2016;310781000;310788880;1;35;0;0;1;35;1;0;;0;;1;1;1;0;1;3408;16;14388;1;0;1;65;454;246;830;76;2;348
NEUROCHIR;2016;310783048;310781406;1;78;1;1;0;;1;1;2313;0;;1;1;1;1;1;3011;35;25015;44;2;351;343;3629;897;2426;499;34;2704
NEUROCHIR;2016;330781360;330781196;1;72;1;1;;;;;;;;1;1;0;1;1;2473;34;19497;176;5;759;594;5914;1299;2039;651;224;1805
NEUROCHIR;2016;340015502;340000512;1;30;1;0;0;;1;0;;0;;1;0;1;0;0;1730;5;7875;2;0;6;58;157;501;717;0;0;0
NEUROCHIR;2016;340782085;340780477;1;53;0;1;1;8;1;1;;1;;1;1;1;1;1;2287;43;12992;340;11;1479;77;1412;684;1916;778;174;3015
NEUROCHIR;2016;350000741;350005179;1;48;0;1;;;;1;;1;;1;1;0;0;1;2695;64;15045;23;0;96;130;1046;501;1785;413;71;1576
NEUROCHIR;2016;370000499;370000481;1;5;0;0;0;;0;1;;0;;1;0;1;1;0;0;0;0;512;199;1332;0;0;0;0;0;0;0
NEUROCHIR;2016;370000861;370000481;1;36;1;1;1;;0;1;;0;;1;0;1;1;1;2203;411;9254;11;1;59;145;1867;641;2913;342;61;1968
NEUROCHIR;2016;380000067;380780080;1;39;1;1;0;0;1;1;2920;0;;1;1;0;1;1;1994;25;12742;30;0;123;326;1389;368;1225;263;67;1497
NEUROCHIR;2016;420785354;420784878;1;57;1;1;1;1;1;1;500;0;;1;1;0;1;1;2600;237;16822;31;11;84;105;1244;233;601;155;4;1046
NEUROCHIR;2016;440017598;440000289;1;37;0;0;0;;1;1;;0;;1;1;1;1;1;1796;183;8251;6;0;32;424;1927;237;268;355;21;1529
NEUROCHIR;2016;450002613;450000088;1;20;0;0;;;1;;;;;1;0;1;0;0;845;8;5510;8;0;28;66;661;132;568;0;0;0
NEUROCHIR;2016;490000049;490000031;1;32;0;1;1;1;1;1;;0;0;1;0;0;1;1;1685;39;8770;23;2;67;111;872;5;20;138;8;1005
NEUROCHIR;2016;510004302;510000029;1;38;0;1;1;5;1;1;520;0;0;1;1;0;0;1;1893;154;7499;4;0;20;31;324;580;1504;158;4;701
NEUROCHIR;2016;540001138;540023264;1;84;1;1;1;8;1;1;;1;;1;1;1;0;1;2889;8;27775;14;1;51;221;4219;187;1345;345;19;2222
NEUROCHIR;2016;540002698;540023264;1;8;0;0;1;8;1;1;104;0;;;;;1;1;0;0;0;244;1;1006;0;0;0;0;29;0;158
NEUROCHIR;2016;590000618;590782215;1;28;1;1;0;;1;1;508;1;88;1;0;0;0;0;1993;778;7944;40;32;58;166;851;29;123;0;0;0
NEUROCHIR;2016;590796975;590780193;1;131;1;1;1;1;1;1;4260;0;;1;1;1;1;1;7332;1964;31605;885;138;3499;284;4150;22;369;564;74;2607
NEUROCHIR;2016;620000653;620103440;;;;;;;;;;;;;;;;;0;0;0;0;0;0;0;0;0;0;1;0;4
NEUROCHIR;2016;620118513;620002915;0;;0;0;0;;0;0;;0;;0;;;;;0;0;0;0;0;0;0;0;0;0;5;0;9
NEUROCHIR;2016;630000404;630780989;1;44;1;1;1;;0;;;;;1;0;1;1;1;2440;38;16780;50;0;222;219;2673;52;656;249;7;1606
NEUROCHIR;2016;640000162;640780417;1;21;0;0;0;;0;0;;0;;1;;1;0;0;1114;42;7004;9;1;43;61;626;133;304;0;0;0
NEUROCHIR;2016;640780946;640000469;1;32;0;1;0;;1;0;;0;;1;1;1;0;0;265;9;1614;2;0;4;0;0;3;5;0;0;0
NEUROCHIR;2016;660000084;660780180;1;23;1;;0;;1;1;30;1;40;1;0;0;0;0;967;63;7325;9;0;92;98;770;106;420;0;0;0
NEUROCHIR;2016;670783273;670780055;1;56;0;1;0;;1;0;;0;;1;1;0;1;1;2135;91;10479;23;3;164;154;1384;34;633;249;63;1101
NEUROCHIR;2016;680000684;680000973;1;45;0;0;1;1;1;1;1040;1;52;1;1;0;0;1;2505;48;14263;11;2;42;185;1771;0;0;88;1;692
NEUROCHIR;2016;690007539;690781810;1;10;0;0;0;;0;0;;0;;0;0;0;1;0;0;0;0;450;9;2945;75;310;107;141;0;0;0
NEUROCHIR;2016;690780648;690036900;;;;;;;;;;;;;;;;;709;153;1422;0;0;0;3;59;7;31;0;0;0
NEUROCHIR;2016;690782834;690000724;0;21;0;0;0;;1;0;;0;;1;0;0;0;1;429;15;1288;0;0;0;25;339;177;230;0;0;0
NEUROCHIR;2016;690784178;690781810;1;120;1;1;1;6;1;;;0;;1;1;1;1;1;5136;520;33357;271;37;1542;312;2344;792;1840;523;25;2843
NEUROCHIR;2016;740000237;740781133;1;14;0;0;0;;1;1;10;1;785;1;0;0;0;0;840;22;4397;8;0;31;92;319;99;319;0;0;0
NEUROCHIR;2016;750000499;750140014;1;41;1;1;1;7;1;1;776;0;;1;1;1;0;1;1660;22;11378;28;1;170;117;1752;348;1114;231;4;1814
NEUROCHIR;2016;750000549;750150229;1;32;1;1;1;12;1;1;;1;;1;1;1;1;1;0;0;0;0;0;0;0;0;0;0;763;60;4546
NEUROCHIR;2016;750100042;750712184;1;42;0;0;0;;1;1;770;0;;1;1;0;0;1;1972;94;12348;21;3;90;195;2247;102;833;501;17;3185
NEUROCHIR;2016;750100125;750712184;1;84;1;1;1;4;1;1;10;0;;1;1;1;0;1;4568;188;29427;26;0;140;313;6020;1277;1538;301;21;2879
NEUROCHIR;2016;750100208;750712184;1;16;1;1;;;;1;;0;;;;;1;1;31;3;127;1478;137;4654;687;1930;618;2152;0;0;0
NEUROCHIR;2016;760000158;760780239;1;60;1;1;1;6;1;1;750;0;;1;1;0;1;1;2562;94;18762;43;2;273;312;2828;734;1382;217;17;1212
NEUROCHIR;2016;800006124;800000044;1;40;1;1;1;1;1;1;650;0;0;1;1;;1;1;2034;54;11917;120;14;424;381;1800;49;109;224;48;1139
NEUROCHIR;2016;830100574;750821092;1;20;0;0;1;1;1;1;900;0;;1;0;0;0;1;589;5;6358;1;0;27;84;617;108;443;138;26;541
NEUROCHIR;2016;860000223;860014208;1;52;1;0;0;;1;1;;1;;1;1;0;1;1;1666;35;10335;26;3;124;479;4092;197;229;234;4;2259
NEUROCHIR;2016;870000064;870000015;1;51;0;0;1;7;1;0;;1;50;1;1;0;0;1;1950;37;11858;15;0;52;46;501;9;30;258;5;1438
NEUROCHIR;2016;920000650;920150059;1;40;0;0;1;7;1;0;;0;;1;1;0;0;1;1464;48;8072;20;1;52;55;876;650;2323;342;62;1580
NEUROCHIR;2016;920100039;750712184;1;32;0;0;0;;1;1;280;1;1100;1;0;0;0;0;1594;219;8318;29;1;141;154;1997;211;274;0;0;0
NEUROCHIR;2016;920120011;750821092;1;15;0;0;0;;0;0;;0;;1;1;0;0;0;721;22;4108;6;0;55;87;683;0;0;0;0;0
NEUROCHIR;2016;930300025;930000393;0;0;0;1;0;;0;1;5;1;4;1;0;0;0;0;323;2;1722;1;0;5;7;59;63;167;0;0;0
NEUROCHIR;2016;940100027;750712184;1;32;1;1;1;3;1;1;;1;;1;1;0;0;1;1952;714;8928;8;1;50;281;1339;189;1258;166;10;931
NEUROCHIR;2016;940100043;750712184;1;37;1;1;1;10;1;1;;0;;1;1;1;0;1;1892;448;10934;22;3;114;224;1483;603;1415;577;36;2301
NEUROCHIR;2016;970100442;970100228;1;11;;;;;;;;;;;;;;;782;229;3560;13;1;63;47;345;30;85;0;0;0
NEUROCHIR;2016;970211215;970211207;1;18;0;0;0;;0;0;;0;;1;0;0;1;0;393;9;2988;3;0;8;32;232;89;875;4;0;70
NEUROCHIR;2016;970400057;970408589;1;18;1;1;1;1;1;1;;0;;1;0;1;1;1;1056;24;5187;12;1;37;269;1452;26;51;126;5;906
NEUROCHIR;2015;060780947;060800174;0;;0;0;0;;0;0;;0;;0;0;0;1;0;0;0;0;0;0;0;0;0;0;0;0;0;0
NEUROCHIR;2015;060785003;060785011;1;28;1;1;0;;1;1;600;1;300;;;;;;1972;58;10429;21;3;65;335;1560;352;1415;124;6;696
NEUROCHIR;2015;080010473;080010242;0;3;0;0;;;;;;;;;;;;;119;0;516;0;0;0;0;0;48;59;0;0;0
NEUROCHIR;2015;130780521;130786049;1;40;1;1;0;;1;1;1500;0;;1;0;0;0;0;1063;16;10092;8;0;50;153;1126;169;484;0;0;0
NEUROCHIR;2015;130783293;130786049;1;61;0;;1;;1;0;;0;;1;;;;1;3830;37;24488;32;0;159;161;1322;732;1778;303;16;2235
NEUROCHIR;2015;130784051;130037823;1;123;1;1;1;4;1;1;1;0;;1;1;1;0;1;4193;5;23819;13;1;48;288;797;222;1109;148;1;681
NEUROCHIR;2015;130804297;130786049;0;;0;0;0;;0;0;;0;;0;0;0;1;1;0;0;0;0;0;0;0;0;0;0;0;0;0
NEUROCHIR;2015;140000209;140000100;1;40;0;1;0;;1;1;2945;0;;1;0;0;0;1;1990;47;13458;8;0;43;195;2185;345;1465;194;9;1750
NEUROCHIR;2015;170780613;170000277;0;;0;1;0;;0;0;;0;;0;0;0;0;0;278;16;584;0;0;0;0;0;60;60;0;0;0
NEUROCHIR;2015;210987558;210780581;1;30;0;1;1;5;1;1;1800;0;;1;0;0;0;1;1816;53;7741;7;0;33;167;1184;88;545;279;15;1584
NEUROCHIR;2015;250006954;250000015;1;39;0;0;0;;1;1;;0;;1;0;1;0;1;1965;29;11071;25;2;104;86;745;108;162;140;4;854
NEUROCHIR;2015;290004324;290000017;1;42;0;1;1;0;1;1;4745;0;;1;0;1;0;1;1941;42;12112;25;0;103;71;695;17;40;106;5;694
NEUROCHIR;2015;2B0000012;2B0000020;1;20;1;1;0;;0;0;;0;;1;0;0;0;0;868;32;5367;2;0;9;41;365;41;121;0;0;0
NEUROCHIR;2015;300780152;920029527;1;21;0;0;0;;1;;;;;1;1;1;0;0;1660;3;7214;5;0;30;27;62;228;269;0;0;0
NEUROCHIR;2015;300782117;300780038;1;10;0;0;0;;1;1;;1;;1;0;0;0;0;495;5;2831;1;0;4;32;202;35;18;0;0;0
NEUROCHIR;2015;310780283;310000112;1;34;0;1;;;1;;;;;1;1;1;0;1;1679;4;8588;3;0;5;31;236;161;693;0;0;0
NEUROCHIR;2015;310781000;310788880;1;35;0;0;1;36;1;0;;0;;1;1;1;0;1;3321;5;13794;3;0;18;66;402;214;696;36;2;115
NEUROCHIR;2015;310783048;310781406;1;78;1;1;1;;1;1;1789;0;;1;1;1;1;1;3230;24;24620;57;2;476;416;3916;963;2691;475;35;2704
NEUROCHIR;2015;330781360;330781196;1;72;1;1;1;0;;;;;;1;1;0;;1;2302;41;18994;175;4;830;542;6268;1269;2329;465;101;1826
NEUROCHIR;2015;340015502;340000512;1;30;1;0;0;;1;0;;0;;1;0;1;0;0;1804;1;8670;2;0;16;73;211;634;820;0;0;0
NEUROCHIR;2015;340782085;340780477;1;54;0;1;1;6;1;1;;1;;1;1;1;1;1;2378;40;13184;300;16;1330;82;1185;760;1857;580;68;2539
NEUROCHIR;2015;350000741;350005179;1;48;0;1;0;;1;1;2800;1;1700;1;1;0;;1;2580;42;15246;34;0;126;125;1001;482;1791;365;43;1485
NEUROCHIR;2015;370000499;370000481;1;5;0;0;0;;0;;;;;;;;;;0;0;0;353;102;1544;0;0;0;0;0;0;0
NEUROCHIR;2015;370000861;370000481;1;36;1;1;1;;0;1;;0;;1;0;1;1;1;2281;472;9308;16;7;35;155;2075;647;3138;273;53;1991
NEUROCHIR;2015;380000067;380780080;1;39;1;1;0;0;1;1;2920;0;;1;1;0;1;1;2100;29;12562;24;0;102;317;1209;370;1114;211;24;1199
NEUROCHIR;2015;420785354;420784878;1;57;1;1;1;1;1;1;500;0;;1;1;0;1;1;2608;307;17662;23;9;71;149;1315;281;696;147;7;931
NEUROCHIR;2015;440017598;440000289;1;45;0;0;0;;1;0;;0;;;;;;;1718;135;8083;8;0;30;361;1626;196;252;273;16;1299
NEUROCHIR;2015;450002613;450000088;1;20;0;0;1;0;1;;;;;1;0;1;0;0;837;13;5139;2;0;6;70;1220;55;204;0;0;0
NEUROCHIR;2015;490000049;490000031;1;32;0;1;1;1;1;1;;0;0;1;0;0;1;1;1696;39;9145;12;1;47;108;864;12;56;111;7;874
NEUROCHIR;2015;510004302;510000029;1;38;0;1;1;5;1;1;52;0;0;1;1;0;0;1;1966;156;7604;8;2;16;29;321;590;1529;159;5;957
NEUROCHIR;2015;540001138;540023264;1;84;1;1;1;8;1;1;;1;;1;1;1;0;1;2660;10;26224;9;1;64;223;3487;209;1187;0;0;0
NEUROCHIR;2015;540002698;540023264;1;8;0;0;1;8;1;1;104;0;;;;;1;1;0;0;0;38;3;276;12;31;0;0;0;0;0
NEUROCHIR;2015;590000618;590782215;1;28;1;1;0;;1;1;;1;;1;0;0;0;0;2142;935;8262;42;33;60;178;883;35;113;0;0;0
NEUROCHIR;2015;590796975;590780193;1;129;1;1;1;1;1;1;4097;0;;1;1;1;1;1;7436;2238;31972;914;158;3492;296;5111;29;672;464;68;2186
NEUROCHIR;2015;620000653;620103440;;;;;;;;;;;;;;;;;0;0;0;0;0;0;0;0;0;0;1;0;7
NEUROCHIR;2015;620118513;620002915;0;;0;0;0;;0;0;;0;;;;;;;0;0;0;0;0;0;0;0;0;0;11;0;28
NEUROCHIR;2015;630000404;630780989;1;53;1;1;;;0;;;;;;;;;;2664;38;17230;50;3;194;217;3111;22;660;199;10;1577
NEUROCHIR;2015;640000162;640780417;1;21;0;0;0;;0;0;;0;;1;;1;0;0;1025;48;7078;8;2;14;54;658;144;316;0;0;0
NEUROCHIR;2015;640780946;640000469;1;32;0;1;0;;1;0;;0;;1;1;1;0;0;261;11;1328;3;1;10;0;0;9;28;0;0;0
NEUROCHIR;2015;660000084;660780180;1;23;1;1;;;1;1;;1;;1;0;0;0;0;924;55;6770;6;0;41;80;527;97;332;0;0;0
NEUROCHIR;2015;670783273;670780055;1;56;0;1;0;;1;;;;;1;1;0;1;1;1965;120;11185;20;1;64;151;1197;24;472;205;28;967
NEUROCHIR;2015;680000684;680000973;1;45;0;0;1;1;1;1;;1;;1;0;0;0;1;2295;41;13873;13;1;48;166;1806;0;0;84;2;742
NEUROCHIR;2015;690782834;690000724;1;21;0;1;0;;1;0;;0;;1;0;1;0;1;134;0;1552;0;0;0;26;349;107;171;7;1;25
NEUROCHIR;2015;690784178;690781810;1;130;1;1;1;6;1;0;;0;;1;1;1;1;1;4934;481;32548;801;31;4839;360;2789;777;1812;423;15;2761
NEUROCHIR;2015;740000237;740781133;1;14;0;0;0;;1;1;10;1;523;1;0;0;0;0;774;17;4593;10;1;30;105;447;127;450;0;0;0
NEUROCHIR;2015;750000499;750140014;1;41;1;1;1;7;1;1;;0;;1;1;1;0;1;1534;23;10051;39;0;308;139;1762;326;1141;228;4;1742
NEUROCHIR;2015;750000549;750150229;0;;0;1;1;15;1;1;127;0;;1;1;1;1;1;0;0;0;0;0;0;0;0;0;0;896;195;4362
NEUROCHIR;2015;750100042;750712184;1;42;0;0;0;;1;1;770;0;;1;1;0;0;1;1912;88;12487;12;1;30;160;1987;67;642;412;13;2288
NEUROCHIR;2015;750100125;750712184;1;84;1;1;1;4;1;0;;0;;1;1;1;0;1;4439;182;30957;16;0;92;334;7669;1244;1587;279;19;3234
NEUROCHIR;2015;750100208;750712184;1;16;1;1;1;8;1;1;1010;1;150;1;1;1;1;1;25;2;83;1520;159;4680;652;1842;596;1894;0;0;0
NEUROCHIR;2015;750120016;750821092;1;0;;;;;1;;;;;1;0;0;0;0;256;13;1502;0;0;0;0;0;0;0;0;0;0
NEUROCHIR;2015;760000158;760780239;1;60;1;1;1;3;1;1;700;0;;1;1;0;1;1;2529;170;19781;35;1;272;285;2758;715;1368;141;4;878
NEUROCHIR;2015;800006124;800000044;1;40;1;1;1;1;1;1;500;0;0;1;1;0;1;1;1896;48;11898;119;22;406;380;1794;29;69;169;16;790
NEUROCHIR;2015;830100574;750821092;1;20;0;0;1;1;1;1;700;0;;1;0;0;0;1;676;7;6357;3;0;14;67;538;91;305;129;32;468
NEUROCHIR;2015;860000223;860013077;1;52;1;0;0;;1;1;150;0;;1;1;0;1;1;1799;42;10030;28;1;173;451;4010;178;214;207;9;2327
NEUROCHIR;2015;870000064;870000015;1;43;1;1;1;7;1;1;120;1;60;1;1;0;0;1;1915;47;12238;6;0;46;71;870;9;41;235;1;1238
NEUROCHIR;2015;920000650;920150059;1;40;0;0;1;7;1;0;;0;;1;1;0;0;1;1602;9;9246;15;0;56;62;564;700;747;299;40;1268
NEUROCHIR;2015;920100039;750712184;1;32;0;0;0;;1;1;260;1;1050;1;0;0;0;0;1776;345;9448;16;4;46;162;2231;268;385;0;0;0
NEUROCHIR;2015;920120011;750821092;1;15;0;0;0;;0;0;;0;;1;1;0;0;0;259;15;1791;0;0;0;41;135;0;0;0;0;0
NEUROCHIR;2015;930300025;930000393;0;0;0;1;0;;1;1;50;1;10;1;1;0;0;0;0;0;0;0;0;0;0;0;0;0;0;0;0
NEUROCHIR;2015;940100027;750712184;1;32;1;1;1;3;1;1;;1;;1;1;0;0;1;2034;722;9146;4;1;26;257;1170;209;1230;175;12;790
NEUROCHIR;2015;940100043;750712184;1;36;1;1;1;10;1;1;450;1;0;1;;1;0;1;1474;173;10334;17;3;95;219;1644;499;1228;247;15;1533
NEUROCHIR;2015;970100442;970100228;1;11;0;1;0;;1;1;;0;;1;1;1;1;0;816;280;3311;4;0;12;77;427;22;83;0;0;0
NEUROCHIR;2015;970211215;970211207;1;18;0;0;;;0;0;;0;;1;0;0;1;0;314;5;3067;1;0;1;29;206;87;1158;2;0;49
NEUROCHIR;2015;970400057;970408589;1;18;1;1;1;1;1;1;778;0;;1;0;1;1;1;967;41;5417;20;2;87;252;1267;10;36;87;3;546
NEUROCHIR;2014;060785003;060785011;1;1;1;8;0;0;1;1;600;1;300;1;1;0;1;1;1910;95;9368;14;2;40;328;1537;351;1428;121;1;540
NEUROCHIR;2014;130000409;130041916;0;0;0;;0;;0;;;;;0;0;0;0;1;0;0;0;0;0;0;0;0;0;0;0;0;0
NEUROCHIR;2014;130780521;130786049;1;1;1;8;0;;1;0;;0;;1;0;;0;0;1244;21;11355;11;0;59;141;908;203;471;0;0;0
NEUROCHIR;2014;130783293;130786049;1;0;1;8;0;0;;0;;0;;1;1;1;0;1;3753;42;22232;38;1;147;210;2629;873;2179;295;6;2503
NEUROCHIR;2014;130784051;130037823;1;1;1;20;1;3;1;0;;0;;1;1;1;0;1;4504;0;27128;0;0;0;331;5676;295;4346;147;0;1044
NEUROCHIR;2014;130804297;130786049;0;0;0;;0;;1;0;;0;;0;0;0;1;0;0;0;0;0;0;0;0;0;0;0;0;0;0
NEUROCHIR;2014;140000209;140000100;1;0;1;5;0;;1;1;2086;0;;1;0;0;0;1;2370;50;15750;15;0;63;232;2385;315;1344;154;11;1642
NEUROCHIR;2014;140017237;140003278;0;0;0;;0;;1;0;;0;;1;0;0;0;0;0;0;0;0;0;0;0;0;0;0;0;0;0
NEUROCHIR;2014;210987558;210780581;1;0;1;4;1;;;1;;1;;1;;;0;1;1616;45;7222;6;0;16;179;966;76;466;242;12;1339
NEUROCHIR;2014;250006954;250000015;1;0;0;;0;;1;1;1590;0;;1;0;1;0;1;2000;29;11369;15;0;95;94;829;124;214;127;2;746
NEUROCHIR;2014;290004324;290000017;1;0;0;;0;;1;1;4745;0;;1;0;1;0;1;1966;31;13278;25;0;137;72;785;22;46;39;0;273
NEUROCHIR;2014;2B0000012;2B0000020;1;0;0;;0;;0;0;;0;;1;0;0;0;0;885;40;5309;13;2;39;37;381;37;132;0;0;0
NEUROCHIR;2014;300780152;300000114;1;0;0;2;0;0;1;0;;0;;1;1;1;0;0;1654;1;7379;4;0;13;37;257;231;282;0;0;0
NEUROCHIR;2014;300782117;300780038;1;0;0;;0;;1;1;;1;;1;0;0;0;0;424;6;2842;1;0;7;39;438;38;23;0;0;0
NEUROCHIR;2014;310780283;310000112;1;0;1;;;;1;;;;;1;1;1;0;1;1637;1;8804;4;0;13;27;217;156;856;0;0;0
NEUROCHIR;2014;310781000;310788880;1;0;0;12;1;36;1;0;;0;;1;1;1;0;1;3450;12;15147;13;0;41;85;542;247;766;37;1;129
NEUROCHIR;2014;310783048;310781406;1;1;1;8;1;19;1;1;1094;0;;1;1;1;1;1;2503;34;18948;89;4;390;333;2997;742;2114;304;20;1893
NEUROCHIR;2014;310783055;310781406;;;;;;;;;;;;;;;;;636;13;4454;5;0;23;79;694;134;424;71;2;503
NEUROCHIR;2014;330781360;330781196;1;1;1;10;1;0;;;;;;1;1;0;1;1;2339;52;18828;196;3;959;552;6524;1307;2860;341;35;1288
NEUROCHIR;2014;340015502;340000512;1;0;0;8;;;;;;;;;;;;;1715;1;8623;3;0;9;92;209;588;922;0;0;0
NEUROCHIR;2014;340782085;340780477;1;0;1;12;1;6;1;1;;1;;1;1;1;1;1;2378;41;13643;319;16;1385;132;2225;812;1934;503;100;2302
NEUROCHIR;2014;350000741;350005179;1;0;1;6;0;;;1;2500;1;1500;1;1;1;;1;2453;48;14763;37;0;207;94;862;448;1707;292;18;1071
NEUROCHIR;2014;370000499;370000481;1;0;0;;0;;0;1;;0;;0;0;0;1;0;0;0;0;0;0;0;0;0;0;0;0;0;0
NEUROCHIR;2014;370000861;370000481;1;1;1;12;1;;0;1;;0;;1;0;1;1;1;2325;518;9456;13;5;26;179;2425;620;3185;287;57;2367
NEUROCHIR;2014;380000067;380780080;1;1;1;4;0;0;1;1;2555;0;;1;1;0;1;1;2046;53;12189;41;0;212;317;1011;397;1123;177;15;1168
NEUROCHIR;2014;420785354;420784878;1;1;1;1;1;1;1;1;;0;;1;1;0;1;1;2398;294;17663;41;14;111;205;1244;164;452;164;2;1259
NEUROCHIR;2014;440017598;440000289;1;0;0;0;0;0;1;0;;0;;;;;;;1830;162;8951;19;1;79;338;1578;241;336;253;7;1380
NEUROCHIR;2014;450002613;450000088;1;1;0;0;1;0;1;;;;;1;0;1;0;0;903;24;4886;7;0;61;78;951;13;55;0;0;0
NEUROCHIR;2014;490000049;490000031;1;0;1;12;1;1;1;1;;0;0;1;0;0;1;1;1784;22;9436;20;2;71;128;743;8;32;152;10;1017
NEUROCHIR;2014;510004302;510000029;1;0;1;6;1;5;1;0;0;0;0;1;1;0;0;1;2172;298;8078;3;0;15;21;341;606;1537;122;3;810
NEUROCHIR;2014;540001138;540023264;1;1;1;6;1;8;1;1;;1;;1;1;1;0;1;2781;22;25024;13;0;91;234;3167;215;1225;288;25;1584
NEUROCHIR;2014;540002698;540023264;1;0;0;;0;;1;0;;0;;0;0;0;1;1;4;0;20;369;16;2030;0;0;0;0;0;0;0
NEUROCHIR;2014;590000618;590782215;1;1;0;0;0;;1;1;;1;;1;0;0;0;0;1189;12;7876;14;0;74;181;1112;56;218;0;0;0
NEUROCHIR;2014;590780268;590053955;1;1;0;;0;;0;0;;0;;1;0;0;0;0;986;0;4247;0;0;0;31;44;4;24;0;0;0
NEUROCHIR;2014;590796975;590780193;1;1;1;6;1;1;1;1;3639;1;;1;1;1;1;1;7198;2105;32226;922;144;3500;313;4496;26;385;365;35;1999
NEUROCHIR;2014;630000404;630780989;1;1;1;3;1;0;;;;;;;;;;;2921;45;18650;71;3;249;190;2942;20;467;170;5;1488
NEUROCHIR;2014;640000162;640780417;1;0;0;0;0;;0;0;;0;;1;;1;0;0;939;31;6979;11;1;36;46;610;131;237;0;0;0
NEUROCHIR;2014;640780946;640000469;1;0;1;6;0;;1;0;;0;;1;1;1;0;0;238;11;1253;0;0;0;0;0;2;2;0;0;0
NEUROCHIR;2014;660000084;660780180;1;1;1;4;0;;1;0;;0;;1;0;0;0;0;972;49;7027;10;1;40;100;493;89;236;0;0;0
NEUROCHIR;2014;670783273;670780055;1;0;1;6;0;;1;1;;0;;1;1;0;1;1;2158;159;16615;14;6;69;173;1937;22;782;170;10;809
NEUROCHIR;2014;680000684;680000973;1;0;0;;1;1;1;1;1000;1;;1;0;0;0;1;2168;36;14775;15;1;116;194;2504;0;0;91;8;881
NEUROCHIR;2014;690782834;690000724;1;0;0;;0;;1;0;;0;;;;;0;;175;0;1711;0;0;0;0;0;108;304;0;0;0
NEUROCHIR;2014;690784178;690781810;1;1;1;10;1;6;;;;;;1;1;1;1;1;5039;540;33888;839;102;4972;367;2811;863;2095;383;17;2380
NEUROCHIR;2014;740000237;740781133;1;0;0;;0;;1;1;;1;407;1;0;0;0;0;694;7;4834;7;0;25;81;359;115;328;0;0;0
NEUROCHIR;2014;750000499;750140014;1;1;1;4;1;;1;1;;0;;1;1;1;0;1;1595;32;11257;26;0;158;129;2212;389;1130;212;14;1534
NEUROCHIR;2014;750000549;750150229;0;0;0;;1;6;1;1;779;0;;1;1;1;1;1;0;0;0;0;0;0;0;0;0;0;690;68;3642
NEUROCHIR;2014;750100042;750712184;1;0;0;5;0;1;1;1;755;0;;1;1;0;0;1;1775;109;10552;8;1;21;137;1935;484;2649;378;11;1919
NEUROCHIR;2014;750100125;750712184;1;1;1;7;1;4;1;0;;0;;1;1;1;0;1;4334;171;30137;21;3;151;316;6423;1360;1692;232;9;2231
NEUROCHIR;2014;750100208;750712184;1;1;1;8;1;8;1;1;1010;1;150;0;1;1;1;1;18;0;73;1414;76;4607;815;2939;930;2713;0;0;0
NEUROCHIR;2014;750120016;750821092;1;0;0;;0;;1;0;;0;;1;;;;;0;0;0;0;0;0;0;0;0;0;0;0;0
NEUROCHIR;2014;760000158;760780239;1;1;1;5;1;0;1;1;;0;;1;1;1;1;1;2263;67;20122;18;1;145;245;2821;648;1168;68;4;475
NEUROCHIR;2014;800000192;800000044;1;1;1;;1;;0;;;;;;;;;;1432;43;9968;140;16;596;291;1562;56;224;81;0;494
NEUROCHIR;2014;800006124;800000044;1;1;1;2;1;1;1;1;500;0;;1;1;0;1;1;371;7;2322;17;2;58;70;377;3;7;18;1;140
NEUROCHIR;2014;830100574;750821092;1;0;0;;1;1;1;0;;1;700;1;0;0;0;1;717;9;6263;1;0;2;0;0;0;0;128;18;426
NEUROCHIR;2014;860000223;860013077;1;1;0;;0;;1;0;;0;;1;1;0;1;1;1766;44;9649;43;3;208;467;3600;171;191;174;3;1534
NEUROCHIR;2014;870000064;870000015;1;0;1;8;1;4;1;1;;0;;1;1;1;1;1;1943;46;13525;5;0;14;83;809;16;43;222;3;1180
NEUROCHIR;2014;920000650;920150059;1;0;0;2;1;;1;0;;0;;1;1;0;0;1;1198;6;8228;22;0;74;53;675;758;766;231;16;882
NEUROCHIR;2014;920100039;750712184;1;1;1;6;1;8;0;1;;1;;1;1;1;0;1;1952;380;10382;32;8;135;241;2616;292;427;203;9;1285
NEUROCHIR;2014;930300025;930000393;1;;1;7;0;;1;0;;0;;1;0;1;0;;0;0;0;0;0;0;0;0;0;0;0;0;0
NEUROCHIR;2014;940100027;750712184;1;1;1;6;1;0;1;1;;1;;1;1;0;0;1;1986;686;9104;10;0;50;282;1180;234;1305;162;6;1018
NEUROCHIR;2014;940100043;750712184;1;0;0;0;0;0;1;1;250;0;;1;1;0;1;1;1280;32;10609;19;0;122;202;1902;477;1083;237;14;1519
NEUROCHIR;2014;970100442;970100228;1;0;0;0;0;;1;1;;0;;1;1;1;1;0;768;242;3349;12;1;62;71;403;15;59;0;0;0
NEUROCHIR;2014;970211215;970211207;1;0;0;6;0;2;0;0;;0;;1;0;0;1;0;394;21;3253;1;0;11;17;137;100;941;6;0;29
NEUROCHIR;2014;970400057;970408589;1;1;1;4;1;1;1;1;58;1;;1;;0;;;889;17;5036;19;1;94;217;1052;9;8;75;0;675
NEUROCHIR;2013;060785003;060785011;1;33;1;1;0;;1;1;600;1;300;1;1;0;1;1;1856;117;9755;23;3;84;346;1855;375;1575;102;2;497
NEUROCHIR;2013;130780521;130786049;1;40;0;0;;;;;;;;;;;;;1240;18;11800;19;1;169;179;1081;226;658;0;0;0
NEUROCHIR;2013;130783293;130786049;1;67;0;1;0;;1;1;12;0;;1;1;1;0;1;3725;77;20880;43;1;160;196;2585;782;1929;287;9;2150
NEUROCHIR;2013;130784051;130037823;1;101;1;1;1;3;1;0;;0;;1;1;1;0;1;4832;11;28059;0;0;0;649;4371;621;5823;152;0;854
NEUROCHIR;2013;140000209;140000100;1;50;0;1;0;0;1;1;270;0;;1;0;0;0;1;2470;61;14821;17;1;73;232;2587;306;1359;204;7;1657
NEUROCHIR;2013;140017237;140003278;1;32;0;1;0;;1;0;;0;;1;0;0;0;0;2225;0;9402;0;0;0;0;0;11;131;0;0;0
NEUROCHIR;2013;210987558;210780581;1;26;0;1;0;;;;;1;1550;1;;;0;1;1679;42;7485;15;0;67;214;1402;114;629;214;11;1337
NEUROCHIR;2013;250006954;250000015;1;39;0;0;0;;1;1;;1;;1;0;1;0;1;1968;49;11029;35;1;137;86;730;184;283;119;0;1238
NEUROCHIR;2013;290004324;290000017;1;50;0;1;0;0;1;1;4380;0;;1;0;1;0;1;2026;25;13682;17;1;63;65;628;22;48;20;1;173
NEUROCHIR;2013;2B0000012;2B0000020;1;20;0;0;0;;0;0;;0;;1;0;0;0;0;816;34;4748;11;1;47;40;491;17;58;0;0;0
NEUROCHIR;2013;300780152;300000114;1;21;0;0;0;0;1;1;;0;;1;1;1;0;0;1510;3;7062;4;0;32;38;468;202;1842;0;0;0
NEUROCHIR;2013;300782117;300780038;1;10;0;0;0;;1;1;;1;;1;0;0;0;0;353;3;2639;2;0;9;46;445;26;8;0;0;0
NEUROCHIR;2013;310780283;310000112;1;34;0;1;;;1;;;;;1;1;1;0;1;3067;1502;9174;5;0;19;27;230;146;852;0;0;0
NEUROCHIR;2013;310781000;310788880;1;35;1;1;1;74;1;0;;0;;1;0;1;0;1;3450;5;15012;1;0;1;70;377;220;623;26;0;170
NEUROCHIR;2013;310783048;310781406;1;38;1;1;1;1;1;1;;1;;1;1;1;1;1;1309;16;9806;210;12;824;183;1982;442;1195;195;14;1223
NEUROCHIR;2013;310783055;310781406;1;46;1;1;1;;1;1;;1;;1;1;1;1;1;1830;33;12499;12;0;65;253;2407;405;1458;164;2;1074
NEUROCHIR;2013;330781360;330781196;1;75;1;1;0;0;;0;;0;;1;1;0;1;1;2454;119;19960;194;11;849;610;5975;1390;3409;343;33;859
NEUROCHIR;2013;340015502;340000512;1;30;0;0;;;;0;;0;;;;;;;337;1;1584;1;0;4;14;37;118;173;0;0;0
NEUROCHIR;2013;340782085;340780477;1;54;0;1;1;6;1;;;;;1;1;1;1;1;2368;56;13366;330;18;1626;112;2094;785;2085;491;99;1991
NEUROCHIR;2013;350000741;350005179;1;48;0;1;0;;;1;2500;1;1500;1;1;1;1;1;2304;43;14981;37;2;163;123;1056;357;1643;296;13;1220
NEUROCHIR;2013;370000499;370000481;1;15;0;0;0;;0;0;;0;;0;0;0;1;0;0;0;0;0;0;0;0;0;0;0;0;0;0
NEUROCHIR;2013;370000861;370000481;1;36;1;1;1;;;1;;0;;1;0;1;1;1;2508;551;9572;17;7;32;163;2043;630;3327;249;75;1390
NEUROCHIR;2013;380000067;380780080;1;45;1;1;0;0;1;1;2200;0;;1;1;0;1;1;2028;48;11591;26;1;143;331;1142;318;991;189;13;1112
NEUROCHIR;2013;420785354;420784878;1;57;1;1;1;2;1;1;;;;1;1;0;1;1;2195;266;16870;31;14;79;201;893;131;387;122;2;861
NEUROCHIR;2013;440017598;440000289;1;42;0;0;0;;1;;;;;;;;;;1856;137;9943;15;1;33;374;1662;248;408;287;15;1278
NEUROCHIR;2013;450002613;450000088;1;17;1;0;1;;1;;;;;1;0;1;0;0;925;14;4666;8;0;102;82;1155;16;24;0;0;0
NEUROCHIR;2013;490000049;490000031;1;36;0;1;1;1;1;1;3250;0;;1;0;0;1;1;1775;36;10313;8;1;29;135;731;10;54;156;11;945
NEUROCHIR;2013;510004302;510000029;1;38;0;1;1;5;1;0;0;0;0;1;1;0;0;1;2446;471;8421;9;0;31;34;436;593;1659;135;9;827
NEUROCHIR;2013;540001138;540002078;1;84;1;1;1;8;1;1;;1;;1;1;1;0;1;2818;37;26501;9;1;57;207;3150;247;1735;292;11;1997
NEUROCHIR;2013;540002698;540002078;1;8;0;0;0;0;1;1;;1;;0;0;0;1;0;4;0;17;366;14;2176;0;0;0;0;0;0;0
NEUROCHIR;2013;590000618;590782215;1;28;1;0;0;;1;1;327;1;17;1;0;0;0;0;1189;17;8391;10;1;66;173;1054;74;236;0;0;0
NEUROCHIR;2013;590780268;590053955;1;10;1;0;0;;0;0;;0;;1;0;0;0;0;1004;0;4535;4;0;16;46;73;5;4;0;0;0
NEUROCHIR;2013;590796975;590780193;1;129;1;1;1;1;;1;3337;;;1;1;1;1;;6697;1947;31079;846;152;3400;338;4173;32;681;270;19;1739
NEUROCHIR;2013;630000404;630780989;1;60;1;1;1;2;1;0;;1;1222;1;1;1;1;1;2722;71;18573;85;5;427;193;4099;24;667;171;5;1505
NEUROCHIR;2013;640000162;640780417;1;21;0;1;0;;;0;;0;;1;1;1;0;1;914;29;7217;14;0;66;46;760;164;279;0;0;0
NEUROCHIR;2013;640780946;640000469;0;;0;0;0;;1;;;;;1;;0;1;0;80;6;531;0;0;0;0;0;0;0;0;0;0
NEUROCHIR;2013;660000084;660780180;1;23;1;1;0;;1;0;;0;;1;0;0;0;0;895;46;6399;13;0;69;103;537;70;297;0;0;0
NEUROCHIR;2013;670783273;670780055;1;62;0;1;0;0;1;0;;0;;1;1;0;1;1;2199;159;17253;16;0;118;155;1577;27;902;169;10;1228
NEUROCHIR;2013;680000684;680000973;1;45;0;0;1;1;1;1;1000;1;;1;1;0;0;1;2221;28;14361;7;0;32;179;2483;0;0;116;0;1197
NEUROCHIR;2013;690780648;690036900;0;;0;0;0;;0;;;;;0;0;0;0;1;487;0;1439;0;0;0;0;0;2;4;0;0;0
NEUROCHIR;2013;690782834;690000724;0;;0;0;0;;0;0;;0;;1;0;0;0;0;0;0;0;0;0;0;0;0;0;0;0;0;0
NEUROCHIR;2013;690784178;690781810;1;138;1;1;1;6;0;;;;;1;1;1;1;1;4896;537;33965;808;45;5089;427;3522;776;2096;391;19;2752
NEUROCHIR;2013;740000237;740781133;1;14;0;0;0;;1;1;238;0;;1;0;0;0;0;697;12;4774;10;1;44;80;306;107;481;0;0;0
NEUROCHIR;2013;750000499;750140014;1;41;1;1;1;;0;1;3627;0;;1;0;1;0;1;1599;25;11238;27;1;166;140;1962;381;1156;174;2;1325
NEUROCHIR;2013;750000549;750150229;1;40;0;0;1;12;1;1;648;0;;1;1;1;1;1;1744;0;7497;532;0;869;0;0;0;0;522;14;3851
NEUROCHIR;2013;750100042;750712184;1;38;1;1;1;;1;1;510;0;;1;1;0;0;1;1711;94;9838;18;2;119;138;1608;666;3083;332;17;1704
NEUROCHIR;2013;750100125;750712184;1;84;1;1;1;;1;1;940;;;1;1;1;0;1;3680;87;26774;24;0;166;325;6495;1320;1491;248;11;2901
NEUROCHIR;2013;750100208;750712184;1;16;1;1;0;;0;1;1000;0;0;0;1;1;1;0;29;2;106;1337;64;4356;844;2791;864;2737;0;0;0
NEUROCHIR;2013;750120016;750821092;1;25;0;0;0;;0;0;;0;;1;;0;0;0;748;13;4714;0;0;0;0;0;0;0;2;0;4
NEUROCHIR;2013;760000158;760780239;1;60;1;1;1;0;1;1;;1;;1;1;1;1;1;2080;38;18081;15;1;102;253;2970;537;947;86;5;417
NEUROCHIR;2013;800000192;800000044;1;50;1;1;1;1;1;0;1354;0;;1;1;0;1;1;1788;45;12596;167;18;748;383;1813;70;285;91;3;441
NEUROCHIR;2013;830100574;750821092;1;20;0;0;1;2;1;0;;1;700;1;0;0;0;0;785;0;5978;0;0;0;0;0;0;0;109;26;452
NEUROCHIR;2013;860000223;860013077;1;33;1;0;0;;1;;;;;;;;1;;2048;42;10355;27;1;126;451;3322;197;222;203;3;2045
NEUROCHIR;2013;870000064;870000015;1;46;0;1;1;4;1;1;;0;;1;1;1;1;1;2146;41;13673;9;1;62;82;792;26;167;205;3;1019
NEUROCHIR;2013;920000650;920150059;1;32;0;0;1;;1;0;;0;;1;1;0;0;1;1093;4;8476;14;0;67;54;589;689;728;214;24;867
NEUROCHIR;2013;920100039;750712184;1;32;1;1;1;8;;1;;1;;1;1;1;0;1;1662;245;10569;33;3;310;185;3320;404;586;271;12;1356
NEUROCHIR;2013;930300025;930000393;1;20;0;1;0;;1;0;;0;;1;0;;0;;0;0;0;0;0;0;0;0;0;0;0;0;0
NEUROCHIR;2013;940100027;750712184;1;35;1;1;1;;1;1;;0;;1;1;0;0;1;2052;718;9011;13;3;46;203;982;308;1214;165;4;906
NEUROCHIR;2013;940100043;750712184;1;35;0;0;0;0;1;1;150;;;1;1;1;1;1;1266;52;9985;23;4;92;238;2372;332;739;237;15;1591
NEUROCHIR;2013;970100442;970100228;1;11;0;0;0;;0;0;;0;;0;0;0;0;0;651;221;3342;4;0;18;63;666;31;124;0;0;0
NEUROCHIR;2013;970211215;970211207;1;13;0;1;0;2;1;0;;0;;1;0;0;1;0;431;26;3608;4;0;18;14;145;105;1197;5;0;52
NEUROCHIR;2013;970400057;970408589;1;18;1;;1;1;1;1;92;1;70;1;1;0;1;1;826;29;5530;21;2;105;230;1616;0;0;90;2;637
