year,specialite,iris,iris_string,type_iris,nb,apl,ap,accessibilite_weight,R,wpop,swpop,pop_gp,pop,iris_label,dept,code_commune,commune_label
2021,10,60010000,060010000,C,0.0,16.4841189806103,0.0,1.0,0.0,99.27508944541934,295.0857981583066,99.27508944541934,93.0,Aiglun,6,06001,Aiglun
2021,10,60020000,060020000,C,0.0,0.0,0.0,1.0,0.0,59.473302103349994,254.9684503747953,59.473302103349994,51.0,Amirat,6,06002,Amirat
2021,10,60030000,060030000,C,0.0,0.0,0.0,1.0,0.0,621.7251244110578,1230.503600371796,621.7251244110578,640.0,Andon,6,06003,Andon
2021,10,60040101,060040101,C,0.0,63.92575303537011,0.0,1.0,0.0,1725.263969708488,190008.35891669826,1725.263969708488,1763.36426710317,Les Trois Moulins,6,06004,Antibes
2021,10,60040102,060040102,A,0.0,50.97802753384876,0.0,1.0,0.0,2534.690522791742,151833.7961077078,2534.690522791742,2534.26566565609,Les Semboules,6,06004,Antibes
2021,10,60040103,060040103,A,0.0,28.991379957067448,0.0,1.0,0.0,974.8094854116628,86739.05868813286,974.8094854116628,791.815372425302,Le Cap,6,06004,Antibes
2021,10,60040104,060040104,A,1.0,59.85462032822903,0.561035223102214,1.0,0.561035223102214,2332.5421338232663,178241.9282822483,2332.5421338232663,2163.47084891732,Les Cougoulins-Rastines,6,06004,Antibes
2021,10,60040105,060040105,A,1.0,48.45375957759178,0.6744827515215279,1.0,0.6744827515215279,4423.197555291364,148261.7602517123,4423.197555291364,3845.8330341722,La Constance-Le Puy,6,06004,Antibes
2021,10,60040106,060040106,A,0.0,47.47507826448558,0.0,1.0,0.0,3110.1896219440955,143189.49542274285,3110.1896219440955,2571.70673291678,Les Groules-Les Bréguières,6,06004,Antibes
2021,10,60040107,060040107,A,1.0,51.33361491751027,0.6545584124006236,1.0,0.6545584124006236,3321.82665427777,152774.7533382778,3321.82665427777,3126.70987792343,Azurville-Val Claret,6,06004,Antibes
2021,10,60040108,060040108,A,0.0,48.686869431702334,0.0,1.0,0.0,2718.584679660336,146046.91222399523,2718.584679660336,2452.33748148042,La Fontonne,6,06004,Antibes
2021,10,60040109,060040109,A,2.0,55.07810986272055,1.226185767631282,1.0,1.226185767631282,6760.419622665008,163107.42244737965,6760.419622665008,6889.60611193241,Les Combes,6,06004,Antibes
2021,10,60040110,060040110,A,0.0,49.11520536977256,0.0,1.0,0.0,1671.4103680449703,145973.10387888062,1671.4103680449703,1511.55108502398,Rabiac-La Paganne,6,06004,Antibes
2021,10,60040111,060040111,A,0.0,44.00945300626414,0.0,1.0,0.0,3726.2058425035266,131022.42123803742,3726.2058425035266,3096.79139597293,La Colle,6,06004,Antibes
2021,10,60040112,060040112,A,0.0,53.07300289610214,0.0,1.0,0.0,2503.383255337639,158848.7192440469,2503.383255337639,2329.86907726508,Les Prugnons,6,06004,Antibes
2021,10,60040113,060040113,C,0.0,49.76286332326044,0.0,1.0,0.0,40.339531170456176,144538.50125015722,40.339531170456176,42.0000659106381,Port Vauban,6,06004,Antibes
2021,10,60040114,060040114,A,8.0,54.19188847389928,5.085990549701454,1.0,5.085990549701454,2833.07512561654,157294.8262845199,2833.07512561654,2444.36879224923,Lagare,6,06004,Antibes
2021,10,60040115,060040115,A,1.0,51.2429550296064,0.6957194264175641,1.0,0.6957194264175641,1942.3441375364816,143736.10424381186,1942.3441375364816,1767.5114877077,Vieille Ville,6,06004,Antibes
2021,10,60040116,060040116,A,0.0,53.655239619202696,0.0,1.0,0.0,4148.677167030895,159876.23213559925,4148.677167030895,4066.72449833423,Les Bastides,6,06004,Antibes
2021,10,60040117,060040117,A,0.0,54.07406446122469,0.0,1.0,0.0,4456.311612263896,160758.787108224,4456.311612263896,3846.60233067152,Fontmerle,6,06004,Antibes
2021,10,60040118,060040118,A,0.0,47.9929198064953,0.0,1.0,0.0,2975.9651672914906,140464.11718404357,2975.9651672914906,2591.15691448659,Laval,6,06004,Antibes
2021,10,60040119,060040119,A,0.0,51.93953791469144,0.0,1.0,0.0,3723.4434240882706,156777.19879208866,3723.4434240882706,3846.36241805164,L'Estagnol,6,06004,Antibes
2021,10,60040120,060040120,A,0.0,47.58153424543305,0.0,1.0,0.0,2252.775201690588,139461.587870567,2252.775201690588,2101.72001618168,Saint-Jean,6,06004,Antibes
2021,10,60040121,060040121,A,1.0,42.429911285022754,0.7875229198783789,1.0,0.7875229198783789,1588.619821889571,126980.43126851914,1588.619821889571,1260.46209754355,La Badine,6,06004,Antibes
2021,10,60040122,060040122,A,0.0,46.90211940806267,0.0,1.0,0.0,3244.0359088059304,139714.04037782276,3244.0359088059304,2967.54408473632,Saint-Maymes-Lauvert,6,06004,Antibes
2021,10,60040123,060040123,A,15.0,52.10855235349419,10.108240928381514,1.0,10.108240928381514,5166.73452808216,148393.77203489086,5166.73452808216,4242.52511101244,Place de Gaulle,6,06004,Antibes
2021,10,60040124,060040124,A,2.0,44.75194140029563,1.5415295249578604,1.0,1.5415295249578604,5150.33193122612,129741.27109597024,5150.33193122612,4018.57161220575,Ponteil,6,06004,Antibes
2021,10,60040125,060040125,A,0.0,44.39771616639968,0.0,1.0,0.0,4981.348137184504,130513.12187265477,4981.348137184504,4260.33534088338,Juan Les Pins-Gallice,6,06004,Antibes
2021,10,60040126,060040126,A,0.0,45.127972049117325,0.0,1.0,0.0,4992.927037864056,137956.7745358365,4992.927037864056,4596.7942792362,Pont du Lys-Antibes-Les Pins,6,06004,Antibes
2021,10,60050000,060050000,C,0.0,0.0,0.0,1.0,0.0,192.485774178462,345.68087622915846,192.485774178462,178.0,Ascros,6,06005,Ascros
2021,10,60060000,060060000,C,2.0,32.52250528296772,2.7739808398418635,1.0,2.7739808398418635,2333.046163644596,72098.55134089585,2333.046163644596,2300.0,Aspremont,6,06006,Aspremont
2021,10,60070000,060070000,C,0.0,34.33176260394815,0.0,1.0,0.0,3295.046983794779,64965.1282923052,3295.046983794779,3251.0,Auribeau-sur-Siagne,6,06007,Auribeau-sur-Siagne
2021,10,60080000,060080000,C,0.0,2.7973389481014648,0.0,1.0,0.0,46.129195286536195,196.16241185620657,46.129195286536195,44.0,Auvare,6,06008,Auvare
2021,10,60090000,060090000,C,0.0,0.0,0.0,1.0,0.0,126.47032458981528,130.42336803406602,126.47032458981528,124.0,Bairols,6,06009,Bairols
2021,10,60100000,060100000,C,0.0,13.305305997784279,0.0,1.0,0.0,3031.52237477366,29519.01957624097,3031.52237477366,2947.0,Le Bar-sur-Loup,6,06010,Le Bar-sur-Loup
2021,10,60110000,060110000,C,4.0,37.678636834263486,5.273378836487334,1.0,5.273378836487334,4190.2325468220915,75852.69566304196,4190.2325468220915,3796.0,Beaulieu-sur-Mer,6,06011,Beaulieu-sur-Mer
2021,10,60120101,060120101,A,0.0,46.38258326325471,0.0,1.0,0.0,2196.550399595311,60638.8574092283,2196.550399595311,2024.36894889347,Beausoleil Supérieur,6,06012,Beausoleil
2021,10,60120102,060120102,A,4.0,48.50561968601289,8.069939905864498,1.0,8.069939905864498,2537.484409526203,49566.66402302654,2537.484409526203,2580.01584793332,Tenao Inférieur,6,06012,Beausoleil
2021,10,60120103,060120103,A,0.0,48.38054074270731,0.0,1.0,0.0,2343.4491596094504,62131.79098089989,2343.4491596094504,2377.87511584675,Moneghetti Ouest,6,06012,Beausoleil
2021,10,60120104,060120104,A,1.0,49.07242538098065,1.7260997080251417,1.0,1.7260997080251417,2513.3470152725586,57934.08082689012,2513.3470152725586,2554.90977937374,Moneghetti Est,6,06012,Beausoleil
2021,10,60120105,060120105,A,9.0,50.61388479262051,17.495420711242023,1.0,17.495420711242023,3135.4575227099845,51442.03245262273,3135.4575227099845,3136.83030795272,Centre,6,06012,Beausoleil
2021,10,60130000,060130000,C,0.0,26.55962445420877,0.0,1.0,0.0,690.3084334408102,1681.3580434656183,690.3084334408102,627.0,Belvédère,6,06013,Belvédère
2021,10,60140000,060140000,C,0.0,1.7711904172156232,0.0,1.0,0.0,1039.1511036972913,3700.8189761402255,1039.1511036972913,950.0,Bendejun,6,06014,Bendejun
2021,10,60150000,060150000,C,0.0,5.060808577824443,0.0,1.0,0.0,1287.396728151346,12378.495956317089,1287.396728151346,1227.0,Berre-les-Alpes,6,06015,Berre-les-Alpes
2021,10,60160000,060160000,C,0.0,0.0,0.0,1.0,0.0,622.4346360512687,678.4345710804909,622.4346360512687,553.0,Beuil,6,06016,Beuil
2021,10,60170000,060170000,C,0.0,10.812151406300131,0.0,1.0,0.0,260.1954474828273,1968.4259282936166,260.1954474828273,258.0,Bézaudun-les-Alpes,6,06017,Bézaudun-les-Alpes
2021,10,60180101,060180101,A,1.0,42.360732982311944,0.7644355166032325,1.0,0.7644355166032325,3247.5409028720733,130815.48126433184,3247.5409028720733,3411.58361042549,Village-Saint-Julien-Saint-Pierre,6,06018,Biot
2021,10,60180102,060180102,A,0.0,29.955390436751856,0.0,1.0,0.0,3046.0404332602075,92136.41997843122,3046.0404332602075,3041.907840488,Vallée Verte-Issarts-Vignasses,6,06018,Biot
2021,10,60180103,060180103,A,2.0,45.8048247376135,1.471416887796594,1.0,1.471416887796594,3405.552627734118,135923.40937414035,3405.552627734118,3426.50854908651,Bois Fleuri-Chèvre d'Or-Saint-Philippe,6,06018,Biot
2021,10,60190000,060190000,C,0.0,13.036343466011743,0.0,1.0,0.0,1672.3535045182405,31552.757559743553,1672.3535045182405,1659.0,Blausasc,6,06019,Blausasc
2021,10,60200000,060200000,C,0.0,37.117121127820475,0.0,1.0,0.0,648.5773442274411,1962.2128261412513,648.5773442274411,626.0,La Bollène-Vésubie,6,06020,La Bollène-Vésubie
2021,10,60210000,060210000,C,0.0,6.057660760348266,0.0,1.0,0.0,713.7418511381355,4770.4318318794285,713.7418511381355,716.0,Bonson,6,06021,Bonson
2021,10,60220000,060220000,C,1.0,27.587057940554335,25.51588646099506,1.0,25.51588646099506,515.6865915601827,3919.127017313912,515.6865915601827,543.0,Bouyon,6,06022,Bouyon
2021,10,60230000,060230000,C,1.0,37.6041920616553,35.332906638611114,1.0,35.332906638611114,2450.5092970441037,2830.222857768569,2450.5092970441037,2206.0,Breil-sur-Roya,6,06023,Breil-sur-Roya
2021,10,60240000,060240000,C,0.0,0.0,0.0,1.0,0.0,217.23466068681986,342.83326941662324,217.23466068681986,184.0,Briançonnet,6,06024,Briançonnet
2021,10,60250000,060250000,C,0.0,13.26776626133174,0.0,1.0,0.0,1362.0145737163662,12517.524059193782,1362.0145737163662,1422.0,Le Broc,6,06025,Le Broc
2021,10,60260000,060260000,C,1.0,33.57845771635175,2.2687647981688355,1.0,2.2687647981688355,1535.0767148061875,44076.84749019024,1535.0767148061875,1393.0,Cabris,6,06026,Cabris
2021,10,60270101,060270101,A,8.0,67.50541775958497,4.210961050137943,1.0,4.210961050137943,5028.217368912361,189980.38463779984,5028.217368912361,4687.50887937453,Le Centre-Le Haut de Cagnes,6,06027,Cagnes-sur-Mer
2021,10,60270102,060270102,A,0.0,67.76751822076866,0.0,1.0,0.0,4194.666646902857,191971.32172398336,4194.666646902857,4540.46124130287,La Gare,6,06027,Cagnes-sur-Mer
2021,10,60270103,060270103,A,3.0,70.2586667399042,1.5208670085508986,1.0,1.5208670085508986,3011.922495189955,197255.906212236,3011.922495189955,2761.78532363778,L'Hubac,6,06027,Cagnes-sur-Mer
2021,10,60270104,060270104,A,3.0,57.82355211581528,1.8307824335110219,1.0,1.8307824335110219,3588.691293927239,163864.3644972432,3588.691293927239,3353.31567585915,Saint-Jean,6,06027,Cagnes-sur-Mer
2021,10,60270105,060270105,A,0.0,60.11910205445002,0.0,1.0,0.0,2802.1103348178926,174341.61666156992,2802.1103348178926,2672.49460215075,Saint-Véran,6,06027,Cagnes-sur-Mer
2021,10,60270106,060270106,D,2.0,53.337797356315015,1.313254739136055,1.0,1.313254739136055,83.99925932192059,152293.37769728753,83.99925932192059,123.000272367681,Hippodrome,6,06027,Cagnes-sur-Mer
2021,10,60270107,060270107,A,7.0,73.55670891161844,3.338716173113103,1.0,3.338716173113103,4922.5581252755,209661.42783778545,4922.5581252755,3953.58403913007,Juin-Kennedy,6,06027,Cagnes-sur-Mer
2021,10,60270108,060270108,A,0.0,68.55188695438784,0.0,1.0,0.0,2450.497970889598,196948.6130065474,2450.497970889598,1782.1966919204,Le Cros de Cagnes,6,06027,Cagnes-sur-Mer
2021,10,60270109,060270109,A,1.0,74.1912300608209,0.46850569523156155,1.0,0.46850569523156155,3474.3189209958828,213444.5771263772,3474.3189209958828,2738.51853523254,Les Vespins,6,06027,Cagnes-sur-Mer
2021,10,60270110,060270110,A,3.0,67.08415671766078,1.565278682447163,1.0,1.565278682447163,3813.281922171207,191659.16163310857,3813.281922171207,3275.57006067242,Bréguières Sud,6,06027,Cagnes-sur-Mer
2021,10,60270111,060270111,A,1.0,58.88289486035003,0.5838794956695976,1.0,0.5838794956695976,2493.651732328142,171268.21671536728,2493.651732328142,2393.38780033234,Bréguières Nord,6,06027,Cagnes-sur-Mer
2021,10,60270112,060270112,A,2.0,38.29876299691883,1.795821862146745,1.0,1.795821862146745,3646.4362452501427,111369.6209048919,3646.4362452501427,3553.64870134574,Le Nord-Est,6,06027,Cagnes-sur-Mer
2021,10,60270113,060270113,A,0.0,56.00980353623863,0.0,1.0,0.0,5382.492123452742,167194.4882921967,5382.492123452742,5165.64090288385,Les Gros Buaux,6,06027,Cagnes-sur-Mer
2021,10,60270114,060270114,A,0.0,55.04399049943998,0.0,1.0,0.0,5277.164105052081,161519.0569692746,5277.164105052081,4874.63493394965,Les Colettes,6,06027,Cagnes-sur-Mer
2021,10,60270115,060270115,A,0.0,44.7144478655659,0.0,1.0,0.0,2415.939509089485,127581.08706671708,2415.939509089485,2382.32167364804,Le Nord-Ouest,6,06027,Cagnes-sur-Mer
2021,10,60270116,060270116,A,0.0,74.05105736594282,0.0,1.0,0.0,1861.4536025369443,213581.66781925663,1861.4536025369443,1482.9599299978,Le Village du Cros,6,06027,Cagnes-sur-Mer
2021,10,60270117,060270117,A,2.0,72.42756285596445,0.9623805170147898,1.0,0.9623805170147898,3433.6311303038883,207818.00593842074,3433.6311303038883,2838.97073619437,RN7,6,06027,Cagnes-sur-Mer
2021,10,60280000,060280000,C,0.0,0.0,0.0,1.0,0.0,422.8529585462607,1435.2539026635889,422.8529585462607,403.0,Caille,6,06028,Caille
2021,10,60290101,060290101,A,0.0,46.30914959805346,0.0,1.0,0.0,2870.4170398182214,106758.85430949958,2870.4170398182214,2085.76431657258,Moure Rouge,6,06029,Cannes
2021,10,60290102,060290102,A,3.0,53.455551199417194,2.3831229438022126,1.0,2.3831229438022126,3832.5231185837893,125885.2384348067,3832.5231185837893,2767.07150442483,La Source,6,06029,Cannes
2021,10,60290103,060290103,A,0.0,45.99365311379055,0.0,1.0,0.0,3991.745188490187,114247.51187846529,3991.745188490187,2978.2308878555,La Californie,6,06029,Cannes
2021,10,60290104,060290104,A,0.0,46.976180355980766,0.0,1.0,0.0,3142.1943057486374,109450.16077736333,3142.1943057486374,2471.0458594561,Montfleury,6,06029,Cannes
2021,10,60290105,060290105,A,0.0,62.57452453330771,0.0,1.0,0.0,1890.762341414124,144193.65566394356,1890.762341414124,1796.7142838285,La Peyrière,6,06029,Cannes
2021,10,60290106,060290106,A,5.5,50.100137984287564,4.819670287017543,1.0,4.819670287017543,2287.986719990912,114115.68992208908,2287.986719990912,1717.95747154072,Terrefial,6,06029,Cannes
2021,10,60290107,060290107,A,6.0,66.89772919416824,3.90286347345818,1.0,3.90286347345818,3443.294862230463,153733.27918856527,3443.294862230463,2956.72994989947,Camp Long,6,06029,Cannes
2021,10,60290108,060290108,A,1.0,61.843578149755274,0.6980842686703429,1.0,0.6980842686703429,2681.92108221056,143249.18134951286,2681.92108221056,2540.14313528526,Carnot,6,06029,Cannes
2021,10,60290109,060290109,A,0.0,59.70784461477679,0.0,1.0,0.0,3160.426652566927,138322.20907705027,3160.426652566927,2962.17390496355,Saint-Nicolas,6,06029,Cannes
2021,10,60290110,060290110,A,6.0,62.006694964275745,4.236091519227205,1.0,4.236091519227205,1019.5404185896105,141639.9993429459,1019.5404185896105,767.799371775872,Gare,6,06029,Cannes
2021,10,60290111,060290111,A,15.0,56.527145909073646,12.14277926259495,1.0,12.14277926259495,1183.3624208682782,123530.20404650306,1183.3624208682782,794.149934449303,Croisette-Palm-Beach,6,06029,Cannes
2021,10,60290112,060290112,A,4.0,63.77224727365884,2.65851035527217,1.0,2.65851035527217,2792.5058764996506,150460.20009165967,2792.5058764996506,2338.57480337314,Petit Juas,6,06029,Cannes
2021,10,60290113,060290113,A,0.0,51.2684587752185,0.0,1.0,0.0,2297.3973718019693,123764.11196684561,2297.3973718019693,1950.66304232663,Vallergues,6,06029,Cannes
2021,10,60290114,060290114,A,0.0,56.70495198512267,0.0,1.0,0.0,2789.3302760343126,140604.02812753295,2789.3302760343126,2334.7601994015,Broussailles,6,06029,Cannes
2021,10,60290115,060290115,A,1.0,51.927854329545944,0.7880880124023774,1.0,0.7880880124023774,2608.1017961941034,126889.38091465675,2608.1017961941034,2178.02871860366,Tassigny,6,06029,Cannes
2021,10,60290116,060290116,A,2.0,61.5580193859102,1.3956248722939961,1.0,1.3956248722939961,2082.4623259996333,143304.9840042324,2082.4623259996333,1797.85971493001,Stanislas,6,06029,Cannes
2021,10,60290117,060290117,A,1.0,41.74269394423997,1.0468810545285463,1.0,1.0468810545285463,1162.9710718505157,95521.83561582754,1162.9710718505157,1015.85703020483,Le Vieux Port-Les îles,6,06029,Cannes
2021,10,60290118,060290118,A,1.0,57.05982975379691,0.6978684651126932,1.0,0.6978684651126932,2470.3417810934397,143293.47864121041,2470.3417810934397,2343.41633709077,Le Grand Jas,6,06029,Cannes
2021,10,60290119,060290119,A,2.0,53.65038771062356,1.5510210645968692,1.0,1.5510210645968692,1819.6895823641112,128947.313847077,1819.6895823641112,1576.41678646721,Le Riou,6,06029,Cannes
2021,10,60290120,060290120,A,0.0,36.75632926728074,0.0,1.0,0.0,3336.616261647572,96386.63911771371,3336.616261647572,3365.32958585948,Croix des Gardes,6,06029,Cannes
2021,10,60290121,060290121,A,0.0,45.71820232058127,0.0,1.0,0.0,2946.222314103034,112187.77667514456,2946.222314103034,2239.01742416124,Pierre Longue,6,06029,Cannes
2021,10,60290122,060290122,A,0.0,37.6955227020454,0.0,1.0,0.0,2623.216788603176,101426.82930016617,2623.216788603176,2412.7758051284,Font de Veyre,6,06029,Cannes
2021,10,60290123,060290123,A,0.0,43.322026640002164,0.0,1.0,0.0,5597.0197535244515,115229.45613687106,5597.0197535244515,5345.22828565721,Saint-Joseph,6,06029,Cannes
2021,10,60290124,060290124,C,0.0,36.53431378867411,0.0,1.0,0.0,896.0218479168387,91431.42409619223,896.0218479168387,681.575184189986,Saint-Cassien-Bastide Rouge,6,06029,Cannes
2021,10,60290125,060290125,A,0.0,42.683001174462234,0.0,1.0,0.0,3223.3298502694633,111528.66157696226,3223.3298502694633,2858.02055759219,Bocca Centre,6,06029,Cannes
2021,10,60290126,060290126,A,0.0,45.692121028775844,0.0,1.0,0.0,3895.2592018609425,120802.11406601455,3895.2592018609425,3140.86591887889,Les Mûriers,6,06029,Cannes
2021,10,60290127,060290127,A,0.0,46.22137306920022,0.0,1.0,0.0,2291.658588374642,121886.48165136755,2291.658588374642,2365.2523941257,Le Plan,6,06029,Cannes
2021,10,60290128,060290128,A,0.0,43.11699730713399,0.0,1.0,0.0,1923.3777335463076,112201.30691320165,1923.3777335463076,2029.77389915032,Colline des Puits,6,06029,Cannes
2021,10,60290130,060290130,A,0.0,46.52225893994257,0.0,1.0,0.0,3756.226533468028,121609.34102263738,3756.226533468028,4122.92491796895,Ranguin,6,06029,Cannes
2021,10,60290131,060290131,A,0.0,37.774474753307615,0.0,1.0,0.0,2626.0458990524967,98765.94325833672,2626.0458990524967,2767.74875433226,Le Grand Saule,6,06029,Cannes
2021,10,60290132,060290132,A,0.0,51.15095178996555,0.0,1.0,0.0,2272.232718698296,124844.40841273266,2272.232718698296,2553.13002050595,Pont d'Avril-L'Abadie,6,06029,Cannes
2021,10,60300101,060300101,A,0.0,47.77517702144099,0.0,1.0,0.0,2187.9277533294608,126182.87354956161,2187.9277533294608,2137.23892148711,Garibondy,6,06030,Le Cannet
2021,10,60300102,060300102,A,0.0,48.76329156238189,0.0,1.0,0.0,1924.2791596492716,128789.99330858301,1924.2791596492716,1851.3915639961,Hauts de Saint-Jean-Hauts de l'Aubarède,6,06030,Le Cannet
2021,10,60300103,060300103,A,0.0,52.69639472123245,0.0,1.0,0.0,3287.443562328456,136660.60804743026,3287.443562328456,3233.28772124363,Mirandoles,6,06030,Le Cannet
2021,10,60300104,060300104,A,2.0,55.24142586270987,1.4070993309318793,1.0,1.4070993309318793,2159.7512541730366,142136.37630510848,2159.7512541730366,1877.67689890055,Mimosas,6,06030,Le Cannet
2021,10,60300105,060300105,A,1.0,62.448855676584934,0.617410388799908,1.0,0.617410388799908,3462.883921538597,161966.824358714,3462.883921538597,3136.59895872284,Blanchisserie,6,06030,Le Cannet
2021,10,60300106,060300106,A,4.0,57.66341591562411,2.7562909463533662,1.0,2.7562909463533662,2226.7612565366635,145122.560638676,2226.7612565366635,1987.44265962958,Four à Chaux,6,06030,Le Cannet
2021,10,60300107,060300107,A,1.0,63.856505235149314,0.6258632340153764,1.0,0.6258632340153764,3836.604669123247,159779.31689392572,3836.604669123247,3333.32933936484,Colombier,6,06030,Le Cannet
2021,10,60300108,060300108,A,1.0,62.08616279324509,0.6488242927024492,1.0,0.6488242927024492,3966.431563428798,154124.93201123097,3966.431563428798,3680.58197188211,Maurice Jeanpierre,6,06030,Le Cannet
2021,10,60300109,060300109,A,0.0,66.24165012351979,0.0,1.0,0.0,2203.873966461475,162963.97190202225,2203.873966461475,2023.80189330564,Cougoussoles,6,06030,Le Cannet
2021,10,60300110,060300110,A,3.0,66.75052258476698,1.8793681946766663,1.0,1.8793681946766663,2670.3998265221067,159628.1137723591,2670.3998265221067,2457.42643742702,Europe,6,06030,Le Cannet
2021,10,60300111,060300111,A,3.0,65.50571676628462,1.9398242360997102,1.0,1.9398242360997102,2306.8721392137495,154653.1868285099,2306.8721392137495,1931.82563543668,Tignes et Sévigné,6,06030,Le Cannet
2021,10,60300112,060300112,A,0.0,68.37227558438592,0.0,1.0,0.0,2627.3266595937225,165664.66929992125,2627.3266595937225,2499.97249710223,Moulières,6,06030,Le Cannet
2021,10,60300113,060300113,A,1.0,70.18871013710572,0.6070664779419526,1.0,0.6070664779419526,2979.00244381954,164726.60513065252,2979.00244381954,2778.30578861319,Aubanel,6,06030,Le Cannet
2021,10,60300114,060300114,A,5.0,55.882431226530834,3.7851616497297678,1.0,3.7851616497297678,2587.830594277685,132094.75480015398,2587.830594277685,2239.73931888717,Sainte-Catherine,6,06030,Le Cannet
2021,10,60300115,060300115,A,0.0,57.46142489402808,0.0,1.0,0.0,2525.5784686358893,134703.60609563516,2525.5784686358893,2120.77264974865,Dolce Farniente,6,06030,Le Cannet
2021,10,60300116,060300116,A,0.0,49.167233684845016,0.0,1.0,0.0,1965.5375866133427,116076.15638929851,1965.5375866133427,1888.77219116369,Vieux Cannet,6,06030,Le Cannet
2021,10,60300117,060300117,A,0.0,48.41335238052985,0.0,1.0,0.0,2887.2896679536257,124332.64414669778,2887.2896679536257,2418.83555308897,Collines,6,06030,Le Cannet
2021,10,60310000,060310000,C,0.0,7.2145196479939795,0.0,1.0,0.0,1418.9428168545935,17887.112964343756,1418.9428168545935,1285.0,Cantaron,6,06031,Cantaron
2021,10,60320000,060320000,C,3.0,45.31185254434905,3.8688880071202245,1.0,3.8688880071202245,4638.4131195595355,77541.6604067851,4638.4131195595355,4508.0,Cap-d'Ail,6,06032,Cap-d'Ail
2021,10,60330101,060330101,A,0.0,42.17141675721422,0.0,1.0,0.0,2073.4028320480215,90821.0762049233,2073.4028320480215,2203.82865382468,Ville Nouvelle-La Plaine-Le Planet,6,06033,Carros
2021,10,60330102,060330102,A,3.0,41.381501765161154,3.734097712424014,1.0,3.734097712424014,2877.380134950183,80340.69355010345,2877.380134950183,3018.61975604772,Ville Nouvelle-Eusière-Cigales-Espère,6,06033,Carros
2021,10,60330103,060330103,A,4.0,41.83600105241969,4.906569418708823,1.0,4.906569418708823,1724.3001531612942,81523.35488718329,1724.3001531612942,1959.5370695796,Ville Nouvelle-Les Arbousiers-L'Aspre,6,06033,Carros
2021,10,60330104,060330104,C,0.0,36.11462864782635,0.0,1.0,0.0,589.8307060311114,59613.784882561646,589.8307060311114,623.072220402087,Les Terriers,6,06033,Carros
2021,10,60330105,060330105,A,0.5,28.476397049932945,0.9351326176325238,1.0,0.9351326176325238,5288.301305068936,53468.35203608345,5288.301305068936,5471.94230014591,Les Écarts-Village-Plans de Carros,6,06033,Carros
2021,10,60340000,060340000,C,0.0,19.553103814098197,0.0,1.0,0.0,1702.0794299848444,45074.27983794498,1702.0794299848444,1687.0,Castagniers,6,06034,Castagniers
2021,10,60350000,060350000,C,0.0,8.337853748650168,0.0,1.0,0.0,1104.8766254942857,6658.593131679894,1104.8766254942857,1087.0,Castellar,6,06035,Castellar
2021,10,60360000,060360000,C,0.0,17.819284533778667,0.0,1.0,0.0,404.30387147832204,16509.26125692974,404.30387147832204,420.0,Castillon,6,06036,Castillon
2021,10,60370000,060370000,C,0.0,1.4021430594849784,0.0,1.0,0.0,295.8760424512255,2218.3644152662264,295.8760424512255,312.0,Caussols,6,06037,Caussols
2021,10,60380000,060380000,C,0.0,33.368462726204655,0.0,1.0,0.0,3986.3704246130455,73304.06938632764,3986.3704246130455,3716.0,Châteauneuf-Grasse,6,06038,Châteauneuf-Grasse
2021,10,60390000,060390000,C,0.0,12.524284522729932,0.0,1.0,0.0,950.520118496602,20980.03454163351,950.520118496602,971.0,Châteauneuf-Villevieille,6,06039,Châteauneuf-Villevieille
2021,10,60400000,060400000,C,0.0,0.0,0.0,1.0,0.0,75.24783974225483,119.99413342569125,75.24783974225483,63.0,Châteauneuf-d'Entraunes,6,06040,Châteauneuf-d'Entraunes
2021,10,60410000,060410000,C,0.0,0.0,0.0,1.0,0.0,398.86489084832823,1161.9275289973336,398.86489084832823,400.0,Cipières,6,06041,Cipières
2021,10,60420000,060420000,C,0.0,0.0,0.0,1.0,0.0,679.9791954919649,692.7805156634787,679.9791954919649,673.0,Clans,6,06042,Clans
2021,10,60430000,060430000,C,0.0,7.316640464411179,0.0,1.0,0.0,827.5525016871572,14410.837793206152,827.5525016871572,817.0,Coaraze,6,06043,Coaraze
2021,10,60440101,060440101,A,0.0,40.81712538860474,0.0,1.0,0.0,2723.0630678290427,106401.1900815883,2723.0630678290427,2455.74076987383,Quartiers Est-Les Salettes-Les Campons,6,06044,La Colle-sur-Loup
2021,10,60440102,060440102,A,2.0,44.50258640105683,1.6853038292011246,1.0,1.6853038292011246,2939.549830311065,118672.9636132168,2939.549830311065,2900.90661043804,Village Centre,6,06044,La Colle-sur-Loup
2021,10,60440103,060440103,A,1.0,36.06192129214257,1.0727250467870915,1.0,1.0727250467870915,2707.6410661396417,93220.53241835738,2707.6410661396417,2727.35261968813,Quartiers Ouest-Montgros-Montmeuille,6,06044,La Colle-sur-Loup
2021,10,60450000,060450000,C,0.0,5.597933050014074,0.0,1.0,0.0,95.48828065363837,365.6019644677745,95.48828065363837,76.0,Collongues,6,06045,Collongues
2021,10,60460000,060460000,C,3.0,31.48969818337934,3.950875489705592,1.0,3.950875489705592,3708.394479952749,75932.5371760463,3708.394479952749,3487.0,Colomars,6,06046,Colomars
2021,10,60470000,060470000,C,0.0,11.366597370998356,0.0,1.0,0.0,95.63797526338433,573.587422933479,95.63797526338433,94.0,Conségudes,6,06047,Conségudes
2021,10,60480101,060480101,A,4.0,31.756387335551114,7.283498544092979,1.0,7.283498544092979,3093.2515842585144,54918.66272485298,3093.2515842585144,2884.47390105919,Contes Sud-Village-Pointe,6,06048,Contes
2021,10,60480102,060480102,A,1.0,17.51308378739728,3.114411738893151,1.0,3.114411738893151,4946.635469045006,32108.792408912374,4946.635469045006,4659.52609894081,Contes Nord et Hameaux,6,06048,Contes
2021,10,60490000,060490000,C,0.0,0.9764097833451928,0.0,1.0,0.0,114.47613279648208,2058.3662756586427,114.47613279648208,109.0,Courmes,6,06049,Courmes
2021,10,60500000,060500000,C,0.0,8.293054637984087,0.0,1.0,0.0,519.0681301259083,6030.038379615385,519.0681301259083,526.0,Coursegoules,6,06050,Coursegoules
2021,10,60510000,060510000,C,0.0,7.30580026572573,0.0,1.0,0.0,104.57879127238914,493.4747232374165,104.57879127238914,99.0,La Croix-sur-Roudoule,6,06051,La Croix-sur-Roudoule
2021,10,60520000,060520000,C,0.0,54.72920238392699,0.0,1.0,0.0,174.12426857114252,674.5772480157917,174.12426857114252,148.0,Cuébris,6,06052,Cuébris
2021,10,60530000,060530000,C,0.0,1.951637160086832,0.0,1.0,0.0,167.58902324204007,396.9765468528611,167.58902324204007,143.0,Daluis,6,06053,Daluis
2021,10,60540000,060540000,C,2.0,32.45158036877351,2.7015951587819216,1.0,2.7015951587819216,5192.32901299365,74030.33698438176,5192.32901299365,5238.0,Drap,6,06054,Drap
2021,10,60550000,060550000,C,0.0,12.589476320194365,0.0,1.0,0.0,164.66567462194288,1701.2178156558466,164.66567462194288,157.0,Duranus,6,06055,Duranus
2021,10,60560000,060560000,C,0.0,0.0,0.0,1.0,0.0,152.37312094960862,336.90864805247406,152.37312094960862,137.0,Entraunes,6,06056,Entraunes
2021,10,60570000,060570000,C,0.0,10.12012295135926,0.0,1.0,0.0,2721.6666675561933,24943.42857646274,2721.6666675561933,2563.0,L'Escarène,6,06057,L'Escarène
2021,10,60580000,060580000,C,0.0,0.9661761444792896,0.0,1.0,0.0,619.8985818570652,1943.009820390086,619.8985818570652,615.0,Escragnolles,6,06058,Escragnolles
2021,10,60590000,060590000,C,1.0,41.68059307689047,1.2674659055448707,1.0,1.2674659055448707,2349.550243976665,78897.58577530416,2349.550243976665,2189.0,Èze,6,06059,Èze
2021,10,60600000,060600000,C,0.0,45.89323298357585,0.0,1.0,0.0,2314.6246422604486,114383.44341709465,2314.6246422604486,2111.0,Falicon,6,06060,Falicon
2021,10,60610000,060610000,C,0.0,12.513948567485647,0.0,1.0,0.0,94.89785346057472,1052.8542605716657,94.89785346057472,92.0,Les Ferres,6,06061,Les Ferres
2021,10,60620000,060620000,C,0.0,16.979599853650424,0.0,1.0,0.0,371.0574176731651,1766.408086985096,371.0574176731651,310.0,Fontan,6,06062,Fontan
2021,10,60630000,060630000,C,0.0,0.0,0.0,1.0,0.0,92.68368060988372,193.8484363475529,92.68368060988372,76.0,Gars,6,06063,Gars
2021,10,60640000,060640000,C,2.0,23.370919861907264,5.930503292553696,1.0,5.930503292553696,4435.18384778135,33723.95058799121,4435.18384778135,4287.0,Gattières,6,06064,Gattières
2021,10,60650101,060650101,A,2.0,29.612971959155345,3.2154502442804276,1.0,3.2154502442804276,4271.312389559153,62199.687386161735,4271.312389559153,4066.65439169342,Nord,6,06065,La Gaude
2021,10,60650102,060650102,A,0.0,21.86520540397615,0.0,1.0,0.0,3149.6132084721366,58034.33550277703,3149.6132084721366,3066.34560830658,Sud,6,06065,La Gaude
2021,10,60660000,060660000,C,1.0,19.465300693186435,13.05870828220042,1.0,13.05870828220042,1564.4222095783407,7657.725238897042,1564.4222095783407,1608.0,Gilette,6,06066,Gilette
2021,10,60670000,060670000,C,0.0,20.15719725610758,0.0,1.0,0.0,1716.7375559321777,19540.196568789957,1716.7375559321777,1527.0,Gorbio,6,06067,Gorbio
2021,10,60680000,060680000,C,0.0,5.727915163987332,0.0,1.0,0.0,382.33225897436193,11315.15338031941,382.33225897436193,368.0,Gourdon,6,06068,Gourdon
2021,10,60690101,060690101,A,3.0,42.146475589697886,4.5146243976062275,1.0,4.5146243976062275,3372.5431957155997,66450.71075216531,3372.5431957155997,3554.66379566145,Centre Ville Nord,6,06069,Grasse
2021,10,60690102,060690102,A,5.0,43.59168690988953,8.281027390316442,1.0,8.281027390316442,3818.08483195987,60378.981548193326,3818.08483195987,3538.13169663697,Saint-François,6,06069,Grasse
2021,10,60690103,060690103,A,1.0,50.674205639832,1.21258996332087,1.0,1.21258996332087,3548.6447296456636,82468.10795475672,3548.6447296456636,3305.41918509756,Centre Ville Sud-Ouest,6,06069,Grasse
2021,10,60690104,060690104,A,0.0,50.10665580722453,0.0,1.0,0.0,3806.850790508508,88548.85434943748,3806.850790508508,4048.25829948583,Saint-Antoine,6,06069,Grasse
2021,10,60690105,060690105,A,3.0,51.28330390806559,3.539126764530146,1.0,3.539126764530146,2614.4559247681964,84766.67267379668,2614.4559247681964,2516.81412058143,Saint-Jacques Nord,6,06069,Grasse
2021,10,60690106,060690106,A,0.0,48.513321981672455,0.0,1.0,0.0,2512.001931695051,84610.05389429833,2512.001931695051,2594.97840512559,Saint-Claude (canton Nord),6,06069,Grasse
2021,10,60690107,060690107,A,0.0,48.95052167492038,0.0,1.0,0.0,3018.596751030075,98178.5863550969,3018.596751030075,2977.7318983672,Le Plan,6,06069,Grasse
2021,10,60690108,060690108,A,0.0,46.75163379697926,0.0,1.0,0.0,3235.18765885827,86744.41421298514,3235.18765885827,3119.18410799634,Saint-Claude (canton Sud),6,06069,Grasse
2021,10,60690109,060690109,A,2.0,48.808260287519325,2.4125798171591337,1.0,2.4125798171591337,2738.1566510511275,82898.81171082018,2738.1566510511275,2917.37285144521,Centre Ville Sud-Est,6,06069,Grasse
2021,10,60690110,060690110,A,0.0,41.67890411043822,0.0,1.0,0.0,2272.444957725713,77466.48001303429,2272.444957725713,2221.94389876332,Saint-Mathieu,6,06069,Grasse
2021,10,60690111,060690111,A,3.0,48.211381970955856,3.8331170722330663,1.0,3.8331170722330663,2194.3786338569116,78265.284974776,2194.3786338569116,2345.83915955625,Secteur Sauvegardé,6,06069,Grasse
2021,10,60690112,060690112,A,0.0,43.144339101297795,0.0,1.0,0.0,2049.184386817449,96038.07970074951,2049.184386817449,2007.42483718114,Plascassier,6,06069,Grasse
2021,10,60690113,060690113,A,9.0,50.63577191770315,10.287039070046008,1.0,10.287039070046008,3883.537298684926,87488.7315846439,3883.537298684926,3854.03154206371,Les Aspres,6,06069,Grasse
2021,10,60690114,060690114,A,0.0,40.29142835449157,0.0,1.0,0.0,3708.958437271759,68847.10547250815,3708.958437271759,3474.95337871955,Saint-Jacques Sud,6,06069,Grasse
2021,10,60690115,060690115,A,0.0,6.998141909239843,0.0,1.0,0.0,2022.55432740051,9814.855911191002,2022.55432740051,1949.63857231135,Roquevignon-La Marbrière,6,06069,Grasse
2021,10,60690116,060690116,A,0.0,30.80797873921129,0.0,1.0,0.0,2261.3856358530347,56657.91958548039,2261.3856358530347,2066.51620173997,Magagnosc,6,06069,Grasse
2021,10,60690117,060690117,A,0.0,32.87084333416568,0.0,1.0,0.0,2129.821877045368,55064.10125437923,2129.821877045368,1830.09804926714,Saint-Jean-Saint-Christophe,6,06069,Grasse
2021,10,60700000,060700000,C,0.0,0.8756599652959456,0.0,1.0,0.0,619.6922190439191,2397.645920506721,619.6922190439191,580.0,Gréolières,6,06070,Gréolières
2021,10,60710000,060710000,C,0.0,0.0,0.0,1.0,0.0,677.5281669881703,1209.2275648440639,677.5281669881703,584.0,Guillaumes,6,06071,Guillaumes
2021,10,60720000,060720000,C,0.0,0.0,0.0,1.0,0.0,165.5366372441739,165.5366372441739,165.5366372441739,142.0,Ilonse,6,06072,Ilonse
2021,10,60730000,060730000,C,1.0,161.490279690219,117.54571025353474,1.0,117.54571025353474,671.8654414161044,850.7328747625895,671.8654414161044,653.0,Isola,6,06073,Isola
2021,10,60740000,060740000,C,1.0,74.8161353434863,32.66089452170896,1.0,32.66089452170896,1266.5721615487216,3061.7654986005437,1266.5721615487216,1200.0,Lantosque,6,06074,Lantosque
2021,10,60750000,060750000,C,5.0,31.25100268664064,24.134778935875325,1.0,24.134778935875325,5196.388950459435,20716.991082805038,5196.388950459435,5165.0,Levens,6,06075,Levens
2021,10,60760000,060760000,C,0.0,1.361611043673082,0.0,1.0,0.0,47.837557441145236,180.23665493283644,47.837557441145236,50.0,Lieuche,6,06076,Lieuche
2021,10,60770000,060770000,C,0.0,1.1900638543699231,0.0,1.0,0.0,1318.5719572454736,3830.2462337469437,1318.5719572454736,1264.0,Lucéram,6,06077,Lucéram
2021,10,60780000,060780000,C,0.0,42.56042190545157,0.0,1.0,0.0,322.26273529508967,4297.416815310128,322.26273529508967,324.0,Malaussène,6,06078,Malaussène
2021,10,60790101,060790101,C,0.0,40.38710445271984,0.0,1.0,0.0,56.950435679732415,95767.7119453959,56.950435679732415,29.6023163924205,Les Tourrades-Pont de Siagne ou la Canardière,6,06079,Mandelieu-la-Napoule
2021,10,60790102,060790102,A,1.0,47.03933932346682,0.9143405875966316,1.0,0.9143405875966316,2585.112809221523,109368.43595979114,2585.112809221523,2693.0168707773,Le Gavelier-La Tour,6,06079,Mandelieu-la-Napoule
2021,10,60790103,060790103,A,1.0,27.789665002630485,1.5427326471679055,1.0,1.5427326471679055,2324.9886775226933,64820.0452512472,2324.9886775226933,2011.11543805885,Le Roc Fleuri-Capitou-Jeanne d'Arc,6,06079,Mandelieu-la-Napoule
2021,10,60790104,060790104,A,0.0,1.9166203513163664,0.0,1.0,0.0,3393.4659787664673,8384.276261118015,3393.4659787664673,3102.53707359454,Le Grand Duc-Minelle,6,06079,Mandelieu-la-Napoule
2021,10,60790105,060790105,A,1.0,20.597803375522965,2.1294557472809674,1.0,2.1294557472809674,2600.38945234473,46960.35601006818,2600.38945234473,2222.51329860255,Maure Vieille-La Napoule,6,06079,Mandelieu-la-Napoule
2021,10,60790106,060790106,A,0.0,39.50297519675635,0.0,1.0,0.0,3308.5164107063715,94239.10467494791,3308.5164107063715,2521.04296295185,Cannes Marina-La Roubine,6,06079,Mandelieu-la-Napoule
2021,10,60790107,060790107,A,1.0,43.42370612540477,0.9781557022461658,1.0,0.9781557022461658,3416.8461906845223,102233.21273941078,3416.8461906845223,3127.31040353227,Le Cottage,6,06079,Mandelieu-la-Napoule
2021,10,60790108,060790108,A,4.0,45.82178923347574,3.7201546232380256,1.0,3.7201546232380256,3861.6060174951044,107522.41250978962,3861.6060174951044,3109.00546288095,Le Centre Ville,6,06079,Mandelieu-la-Napoule
2021,10,60790109,060790109,A,5.0,42.86508504389597,5.074889579787579,1.0,5.074889579787579,3047.990929879717,98524.31114785529,3047.990929879717,2744.85617320926,Les Termes,6,06079,Mandelieu-la-Napoule
2021,10,60800000,060800000,C,0.0,27.588780274027737,0.0,1.0,0.0,122.20779278550827,202.78685224195533,122.20779278550827,105.0,Marie,6,06080,Marie
2021,10,60810000,060810000,C,0.0,0.0,0.0,1.0,0.0,115.12085028193549,151.12836411657827,115.12085028193549,99.0,Le Mas,6,06081,Le Mas
2021,10,60820000,060820000,C,0.0,59.99770833255913,0.0,1.0,0.0,133.3866894051819,951.8715217438322,133.3866894051819,115.0,Massoins,6,06082,Massoins
2021,10,60830101,060830101,A,1.0,51.84995811737958,2.4508282378840467,1.0,2.4508282378840467,2969.43851980606,40802.53297813161,2969.43851980606,2465.36407722099,Madone-Carnoles,6,06083,Menton
2021,10,60830102,060830102,A,0.0,51.12999127520576,0.0,1.0,0.0,2507.5409732496732,48511.51587885622,2507.5409732496732,2259.9847117608,Riviera,6,06083,Menton
2021,10,60830103,060830103,A,7.0,59.043064788921576,13.268896091100777,1.0,13.268896091100777,2800.3039832031836,52754.953780177544,2800.3039832031836,2304.71341823112,Bioves-Casino,6,06083,Menton
2021,10,60830104,060830104,A,9.0,60.150935199301614,17.31185282834236,1.0,17.31185282834236,2360.937651586203,51987.502950958056,2360.937651586203,2115.31553406055,Hôtel de Ville,6,06083,Menton
2021,10,60830105,060830105,A,1.0,55.209986425994835,2.1075051364388613,1.0,2.1075051364388613,1435.583940649331,47449.46917138914,1435.583940649331,1265.16806115197,Vieille Ville-Musée,6,06083,Menton
2021,10,60830106,060830106,A,0.0,40.984135727557394,0.0,1.0,0.0,2609.9925690585837,36458.89001231609,2609.9925690585837,2188.65165364115,Terres Chaudes,6,06083,Menton
2021,10,60830201,060830201,A,1.5,40.515163242420556,4.06577146293871,1.0,4.06577146293871,2292.372912575523,36893.36731474353,2292.372912575523,2213.93651891795,Vallée de Gorbio,6,06083,Menton
2021,10,60830202,060830202,A,0.0,47.54951769973775,0.0,1.0,0.0,4384.89046777821,45028.085827323775,4384.89046777821,4282.39969752574,Haut Borrigo,6,06083,Menton
2021,10,60830203,060830203,A,2.0,31.683988142656645,9.386640715909806,1.0,9.386640715909806,1952.7566655290054,21306.877087669047,1952.7566655290054,1559.1902718598,Saint-Paul-Garavan,6,06083,Menton
2021,10,60830204,060830204,A,0.0,34.49000300215147,0.0,1.0,0.0,2126.7191728434477,27251.468946857047,2126.7191728434477,2178.86699976568,Ciappes-Fossan,6,06083,Menton
2021,10,60830205,060830205,A,0.0,49.98185610738345,0.0,1.0,0.0,2987.4067572066633,55528.70202610056,2987.4067572066633,2821.03355827997,Mont Gros,6,06083,Menton
2021,10,60830206,060830206,A,0.0,31.831647283286046,0.0,1.0,0.0,4652.026574199487,40037.71115622434,4652.026574199487,4757.37549758428,Carei-Monti,6,06083,Menton
2021,10,60840101,060840101,A,2.5,39.13354666867124,3.0210466342404425,1.0,3.0210466342404425,2225.6044546100065,82752.77751972058,2225.6044546100065,2072.89203711807,Les Aspres-Plan Sarrain,6,06084,Mouans-Sartoux
2021,10,60840102,060840102,A,6.0,42.10957317879672,7.579299415836788,1.0,7.579299415836788,3120.9984166049703,79162.98949033635,3120.9984166049703,3022.0172721822,Grand-Pièce-Les Plaines,6,06084,Mouans-Sartoux
2021,10,60840103,060840103,A,1.0,43.44013242789774,1.0155145084382826,1.0,1.0155145084382826,3271.9187862540152,98472.25142434037,3271.9187862540152,3065.75857757513,Les Indes-les Groulles,6,06084,Mouans-Sartoux
2021,10,60840104,060840104,A,0.0,45.498206577609466,0.0,1.0,0.0,2593.4398163989736,99641.39196710874,2593.4398163989736,2370.33211312461,Les Plantiers-Le Plan,6,06084,Mouans-Sartoux
2021,10,60850101,060850101,A,1.0,52.5735515904153,0.8002804553613969,1.0,0.8002804553613969,2862.786054907324,124956.1942067437,2862.786054907324,2692.69479946165,Village-Le Val-Cabrières,6,06085,Mougins
2021,10,60850102,060850102,A,0.0,62.17722288331489,0.0,1.0,0.0,3225.9941456587226,160967.70318412568,3225.9941456587226,3199.55194584961,Aubarède-Campelières,6,06085,Mougins
2021,10,60850103,060850103,A,0.0,46.75727098703073,0.0,1.0,0.0,2922.0347695384253,116785.99306575062,2922.0347695384253,2603.60486372712,Pibonson-Les Faïsses-Ranguin,6,06085,Mougins
2021,10,60850104,060850104,A,0.0,44.953672836546524,0.0,1.0,0.0,3656.3025285569825,102486.41551727804,3656.3025285569825,3463.7205407612,Saint-Martin-Le Miracle,6,06085,Mougins
2021,10,60850105,060850105,A,4.0,59.559201251835184,2.8295801403086984,1.0,2.8295801403086984,3928.95125875009,141363.72895109493,3928.95125875009,3521.12893509029,Les Colles-Camp Lauvas-Font de l'Orme,6,06085,Mougins
2021,10,60850107,060850107,A,2.0,42.40906522382122,1.8564274664140068,1.0,1.8564274664140068,2161.5242276443337,107733.80787472009,2161.5242276443337,2100.67992411166,Valmasque-Notre-Dame de Vie,6,06085,Mougins
2021,10,60850108,060850108,A,2.0,41.24000914058013,1.8118662725179688,1.0,1.8118662725179688,1896.1604791216225,110383.42234940881,1896.1604791216225,2095.61899099848,Mougins le Haut,6,06085,Mougins
2021,10,60860000,060860000,C,0.0,0.9386146581767708,0.0,1.0,0.0,303.10749305150244,606.2897579655265,303.10749305150244,253.0,Moulinet,6,06086,Moulinet
2021,10,60870000,060870000,C,0.0,3.905545363925421,0.0,1.0,0.0,46.693125719156455,318.490146188129,46.693125719156455,40.0,Les Mujouls,6,06087,Les Mujouls
2021,10,60880101,060880101,A,2.0,85.39406843212286,0.98395092737738,1.0,0.98395092737738,1559.0206142139323,203262.16931679653,1559.0206142139323,1348.5519940526,Saleya-Château,6,06088,Nice
2021,10,60880102,060880102,A,0.0,96.64993473014175,0.0,1.0,0.0,1253.66651112015,230594.15539978145,1253.66651112015,1302.16716020356,Vieux Nice-Sainte-Réparate,6,06088,Nice
2021,10,60880103,060880103,A,2.5,68.40886591420418,1.5189968633347193,1.0,1.5189968633347193,1688.3530004013382,164582.3016718838,1688.3530004013382,1536.12682979682,Vieux Nice-Visitation,6,06088,Nice
2021,10,60880201,060880201,A,3.0,106.1581154746462,1.1873614909222914,1.0,1.1873614909222914,2498.992895101345,252661.0491359063,2498.992895101345,2260.23156204963,Garibaldi,6,06088,Nice
2021,10,60880202,060880202,A,2.0,86.02401104478366,0.964151305678024,1.0,0.964151305678024,2037.1108198760935,207436.3212725758,2037.1108198760935,1857.07305726197,Port,6,06088,Nice
2021,10,60880203,060880203,A,2.0,95.50490297051077,0.867355488893077,1.0,0.867355488893077,2266.6383536975063,230585.9622278299,2266.6383536975063,2059.7739179576,Cassini,6,06088,Nice
2021,10,60880204,060880204,A,6.5,97.02259126166871,2.7842121673125764,1.0,2.7842121673125764,1987.3451344645675,233459.2196784356,1987.3451344645675,1884.74690996995,Barla,6,06088,Nice
2021,10,60880205,060880205,A,1.0,94.89798367285562,0.4350254820692605,1.0,0.4350254820692605,2100.913739350373,229871.59171535374,2100.913739350373,1908.12021669351,Riquier-Fontaine de la Ville,6,06088,Nice
2021,10,60880206,060880206,A,1.5,93.36368748613619,0.6626783046558103,1.0,0.6626783046558103,2607.7723163755954,226354.17358036005,2607.7723163755954,2384.04223675595,Bonaparte,6,06088,Nice
2021,10,60880301,060880301,A,9.5,94.88479539482807,4.111970136638896,1.0,4.111970136638896,2315.0013171567066,231032.80627823944,2315.0013171567066,2131.56854747164,République,6,06088,Nice
2021,10,60880302,060880302,A,0.0,101.00728235292348,0.0,1.0,0.0,2204.549304129273,248750.2466132483,2204.549304129273,2091.94015571225,Pierre Sola,6,06088,Nice
2021,10,60880303,060880303,A,2.333333333333333,96.59790216663477,0.9873094501673084,1.0,0.9873094501673084,1994.0465642931722,236332.52299346763,1994.0465642931722,1699.53197553451,TNL-Beaumont,6,06088,Nice
2021,10,60880304,060880304,A,5.0,95.45678730856584,2.1511003563832904,1.0,2.1511003563832904,3665.383618277443,232439.17863537755,3665.383618277443,3278.4684124577,Riquier-Arson,6,06088,Nice
2021,10,60880305,060880305,A,0.0,93.12665781732291,0.0,1.0,0.0,4275.951599203903,226478.2179836848,4275.951599203903,3959.2170686636,Riquier,6,06088,Nice
2021,10,60880401,060880401,A,1.5,48.55855125848821,1.3171233796783353,1.0,1.3171233796783353,2360.3243516643115,113884.54742685735,2360.3243516643115,1852.35078785644,Mont Boron,6,06088,Nice
2021,10,60880402,060880402,A,0.0,78.46877985959895,0.0,1.0,0.0,1999.563056365062,187098.1658358839,1999.563056365062,1568.43794601986,Carnot,6,06088,Nice
2021,10,60880403,060880403,A,2.0,63.11798725617609,1.3360691023052844,1.0,1.3360691023052844,2812.178681775075,149692.8561965211,2812.178681775075,2553.38563272159,Mont Alban,6,06088,Nice
2021,10,60880404,060880404,A,0.0,77.2416644503448,0.0,1.0,0.0,1301.7160250867341,189714.83142196425,1301.7160250867341,1151.35572334187,Bischoffsheim,6,06088,Nice
2021,10,60880501,060880501,A,0.0,96.27417700043327,0.0,1.0,0.0,4835.362136761418,236350.63103278805,4835.362136761418,4581.88165959132,Diables Bleus,6,06088,Nice
2021,10,60880502,060880502,A,4.0,92.02226612876495,1.767528282081275,1.0,1.767528282081275,4150.044796810489,226304.72397816327,4150.044796810489,4160.281644412,Saint-Jean d'Angély,6,06088,Nice
2021,10,60880503,060880503,A,0.0,90.65137215045011,0.0,1.0,0.0,2486.7636745253485,221125.68019474327,2486.7636745253485,2249.98326575023,Saint-Roch-Jean XXIII,6,06088,Nice
2021,10,60880504,060880504,A,3.0,95.34245394621026,1.2911368166884192,1.0,1.2911368166884192,3292.9106660641037,232353.3773666659,3292.9106660641037,3301.29275264249,Vauban,6,06088,Nice
2021,10,60880505,060880505,A,0.0,89.21623642750279,0.0,1.0,0.0,2495.4629864291046,219400.44989862095,2495.4629864291046,2357.36120048384,Saint-Roch-Ricolfi,6,06088,Nice
2021,10,60880506,060880506,A,0.0,87.03154613290661,0.0,1.0,0.0,2787.40057302702,212894.3738944214,2787.40057302702,2483.81352663462,Saint-Charles,6,06088,Nice
2021,10,60880507,060880507,A,2.0,93.98165511167291,0.8715563986603087,1.0,0.8715563986603087,3334.8355036198564,229474.53579300782,3334.8355036198564,3258.79497662178,Roquebillière,6,06088,Nice
2021,10,60880508,060880508,A,0.0,89.40751667316816,0.0,1.0,0.0,2167.1728541416305,216956.6808444651,2167.1728541416305,2244.63559229954,Pierre Semard,6,06088,Nice
2021,10,60880509,060880509,A,0.0,91.53879750551027,0.0,1.0,0.0,1608.8644957198342,219991.32894434524,1608.8644957198342,1758.19804565975,Mont Gros,6,06088,Nice
2021,10,60880601,060880601,A,1.0,100.32654848964319,0.407496553632865,1.0,0.407496553632865,3323.0284113415446,245400.84844519995,3323.0284113415446,3400.36777777897,Lyautey-Gendarmerie,6,06088,Nice
2021,10,60880602,060880602,A,0.0,99.21295817677958,0.0,1.0,0.0,1658.872093496132,240129.24507550287,1658.872093496132,1564.62806382528,Paschetta,6,06088,Nice
2021,10,60880603,060880603,A,2.0,97.36866707213319,0.8461684065672685,1.0,0.8461684065672685,2979.8965071856956,236359.56914458543,2979.8965071856956,2969.12639678238,Pasteur,6,06088,Nice
2021,10,60880604,060880604,A,0.0,91.94006801553454,0.0,1.0,0.0,2629.72805103081,220714.7088964097,2629.72805103081,2776.02475538372,Pasteur-Voie Romaine,6,06088,Nice
2021,10,60880605,060880605,A,0.0,91.35755507174554,0.0,1.0,0.0,1575.7794602478093,217756.89127009816,1575.7794602478093,1637.7252798137,Pasteur-Saint-Pons,6,06088,Nice
2021,10,60880701,060880701,A,0.0,93.40082069213078,0.0,1.0,0.0,2324.8490226235144,224651.53905776906,2324.8490226235144,2561.5186213384,Route de Turin,6,06088,Nice
2021,10,60880702,060880702,A,5.0,82.58972372632056,2.6525029814251444,1.0,2.6525029814251444,3428.3154037793047,188501.20188417603,3428.3154037793047,3840.23171383561,Bon Voyage,6,06088,Nice
2021,10,60880801,060880801,A,0.0,49.68100160785257,0.0,1.0,0.0,1549.3916506320502,119120.16750992584,1549.3916506320502,1659.86636689141,Vinaigrier,6,06088,Nice
2021,10,60880901,060880901,A,0.0,80.52898266011064,0.0,1.0,0.0,2631.788012697411,183890.47590011096,2631.788012697411,3096.48535771978,Ariane-Les Chênes,6,06088,Nice
2021,10,60880902,060880902,A,2.0,77.50233565991326,1.138040342882755,1.0,1.138040342882755,2165.646692193549,175740.69430032914,2165.646692193549,2310.23449975261,Ariane-Monzie,6,06088,Nice
2021,10,60880903,060880903,A,1.0,56.76995545328893,0.7852991106221162,1.0,0.7852991106221162,1484.9725074902647,127340.01433005535,1484.9725074902647,1523.41136118278,La Lauvette,6,06088,Nice
2021,10,60880904,060880904,A,2.0,74.69042231809728,1.1814175210271978,1.0,1.1814175210271978,1984.0020063603247,169288.16141655628,1984.0020063603247,2299.00395183974,Ariane-Ripert,6,06088,Nice
2021,10,60880905,060880905,A,2.0,68.72331102598199,1.2938633683865948,1.0,1.2938633683865948,2824.729974428628,154575.82685055336,2824.729974428628,3256.38036170279,Ariane-Saramito,6,06088,Nice
2021,10,60881001,060881001,A,1.0,88.33449522869635,0.45946918578943013,1.0,0.45946918578943013,2637.787938237701,217642.45153499575,2637.787938237701,2093.66678911997,Cimiez-Monastère,6,06088,Nice
2021,10,60881002,060881002,A,0.0,84.42064760013923,0.0,1.0,0.0,2411.9167390704038,215752.4287774411,2411.9167390704038,2187.2466284564,Brancolar-Régina,6,06088,Nice
2021,10,60881003,060881003,A,0.0,83.66561323246991,0.0,1.0,0.0,1836.2476431386021,209533.32804464878,1836.2476431386021,1655.71025088907,Brancolar-Scudéri,6,06088,Nice
2021,10,60881004,060881004,A,5.0,94.03778183685903,2.1528560903694345,1.0,2.1528560903694345,3125.1256238947517,232249.61586456944,3125.1256238947517,2785.79981328213,Cap de Croix,6,06088,Nice
2021,10,60881005,060881005,A,2.0,77.28777538486302,1.0526494396694215,1.0,1.0526494396694215,3498.7913855711813,189996.77619436994,3498.7913855711813,3139.77522637007,Rimiez,6,06088,Nice
2021,10,60881101,060881101,A,0.0,92.16700613846403,0.0,1.0,0.0,3264.4561110776053,235779.48568979334,3264.4561110776053,3083.12226617985,Puget,6,06088,Nice
2021,10,60881102,060881102,A,1.0,89.07040093555749,0.440102509626168,1.0,0.440102509626168,3123.107710379625,227219.79041869592,3123.107710379625,2827.90707105257,Parc Chambrun,6,06088,Nice
2021,10,60881103,060881103,A,0.0,82.05105580429189,0.0,1.0,0.0,2985.0231039374185,210174.07063334298,2985.0231039374185,2726.76153605587,Le Ray-Gravier-Dunant,6,06088,Nice
2021,10,60881104,060881104,A,0.0,79.37346956208758,0.0,1.0,0.0,2158.126441889682,199887.99940993698,2158.126441889682,1958.1490481115,Gravier,6,06088,Nice
2021,10,60881105,060881105,A,0.0,65.61429760846926,0.0,1.0,0.0,2295.9593569470094,168232.81456963223,2295.9593569470094,2246.32252284393,Henry Dunant,6,06088,Nice
2021,10,60881201,060881201,A,0.0,82.99895918449025,0.0,1.0,0.0,2949.4193213575772,204631.0958143772,2949.4193213575772,2754.88832819348,Nice Nord-Saqui,6,06088,Nice
2021,10,60881202,060881202,A,0.0,83.42638009791541,0.0,1.0,0.0,1634.879154947566,208214.49209483975,1634.879154947566,1496.85597315966,Comte de Falicon,6,06088,Nice
2021,10,60881203,060881203,A,1.0,73.119758889906,0.5474999267072688,1.0,0.5474999267072688,2227.3452722272623,182648.42627726393,2227.3452722272623,2087.58095829849,Cernuschi,6,06088,Nice
2021,10,60881204,060881204,A,1.0,63.194622073318975,0.6331228298178101,1.0,0.6331228298178101,3304.2198204543815,157947.2343917473,3304.2198204543815,3032.25853092321,Las Planas-La Vallière,6,06088,Nice
2021,10,60881301,060881301,A,1.0,93.73883292428403,0.41561506448809415,1.0,0.41561506448809415,2294.653892326203,240607.25547368758,2294.653892326203,2254.21516931799,Cessole,6,06088,Nice
2021,10,60881302,060881302,A,7.0,96.20617503917764,2.873294822362439,1.0,2.873294822362439,3232.664751461257,243622.75480817386,3232.664751461257,2785.50642874642,Saint-Barthélemy,6,06088,Nice
2021,10,60881303,060881303,A,1.0,92.55495324425009,0.42191890086768047,1.0,0.42191890086768047,2504.1810188206478,237012.3732175757,2504.1810188206478,2252.18590565986,Gorbella,6,06088,Nice
2021,10,60881304,060881304,A,0.0,89.13181041650496,0.0,1.0,0.0,2471.8674625786807,224027.01087834238,2471.8674625786807,2068.45771526479,Saint-Sylvestre,6,06088,Nice
2021,10,60881305,060881305,A,2.0,88.7120955456196,0.8992430151582442,1.0,0.8992430151582442,2737.6924882035946,222409.28940082455,2737.6924882035946,2526.98148902705,Villa Arson,6,06088,Nice
2021,10,60881306,060881306,A,1.0,86.76729911609553,0.4475782766451982,1.0,0.4475782766451982,1950.8304306260072,223424.60574616192,1950.8304306260072,1703.74608557582,Cyrnos,6,06088,Nice
2021,10,60881307,060881307,A,0.0,68.36878242177272,0.0,1.0,0.0,2499.87382789259,174402.2846295439,2499.87382789259,2401.37658627225,Cyrille Besset-La Forêt,6,06088,Nice
2021,10,60881308,060881308,A,4.0,77.16070131512511,2.072943728844416,1.0,2.072943728844416,2369.591829337788,192962.30497437774,2369.591829337788,2197.12476612238,La Clua,6,06088,Nice
2021,10,60881309,060881309,A,0.0,88.65141860710243,0.0,1.0,0.0,2767.73613541118,222893.11640400358,2767.73613541118,2542.90586103699,Canavese,6,06088,Nice
2021,10,60881401,060881401,A,1.0,97.71016470512733,0.40215135919288647,1.0,0.40215135919288647,2460.7278546585776,248662.59360828457,2460.7278546585776,2282.75215690818,Évêché,6,06088,Nice
2021,10,60881402,060881402,A,2.0,100.91972245416672,0.7735993101752643,1.0,0.7735993101752643,2272.5598273538385,258531.7713826407,2272.5598273538385,2138.58479152999,Bellevue,6,06088,Nice
2021,10,60881403,060881403,A,0.0,95.1542200752846,0.0,1.0,0.0,2507.3497384002776,244949.59997645864,2507.3497384002776,2294.75474978077,Le Righi,6,06088,Nice
2021,10,60881404,060881404,A,0.0,76.32862433572494,0.0,1.0,0.0,1554.5954744132507,199874.1897854261,1554.5954744132507,1563.46189135841,Mantega,6,06088,Nice
2021,10,60881501,060881501,A,0.0,107.54554778729059,0.0,1.0,0.0,1922.0110200196166,269765.3546950937,1922.0110200196166,1997.16431147279,Marceau,6,06088,Nice
2021,10,60881502,060881502,A,2.0,103.81315983610813,0.7601363770032016,1.0,0.7601363770032016,2315.2597531716897,263110.68125497387,2315.2597531716897,2090.867483625,Thiole,6,06088,Nice
2021,10,60881503,060881503,A,2.0,102.49920966508894,0.7651346835241917,1.0,0.7651346835241917,2098.089264888219,261391.8886526028,2098.089264888219,2019.78242957206,Jeanne d'Arc-Fuon-Cauda,6,06088,Nice
2021,10,60881504,060881504,A,4.5,101.1968089234924,1.749315070074838,1.0,1.749315070074838,2061.2346175272864,257243.53931321728,2061.2346175272864,1846.44296945679,Michel-Ange,6,06088,Nice
2021,10,60881505,060881505,A,1.0,94.23666621391592,0.4131806479139999,1.0,0.4131806479139999,2609.513602117383,242024.88791492037,2609.513602117383,2425.90027990858,Michelet,6,06088,Nice
2021,10,60881506,060881506,A,0.0,97.28880888879974,0.0,1.0,0.0,2266.1835159745087,247719.0277452751,2266.1835159745087,2132.41370587176,Borriglione-Saint Lambert,6,06088,Nice
2021,10,60881601,060881601,A,0.0,94.76627550119322,0.0,1.0,0.0,2251.5357343940955,228836.59045230548,2251.5357343940955,1963.66895192982,Carabacel,6,06088,Nice
2021,10,60881602,060881602,A,0.0,98.75685314166903,0.0,1.0,0.0,2815.231549000314,243256.64452688964,2815.231549000314,2547.10034514216,Acropolis-XVe Corps,6,06088,Nice
2021,10,60881603,060881603,A,0.0,95.99370550291977,0.0,1.0,0.0,3403.7238862455442,233165.9116655757,3403.7238862455442,3334.82806042046,Sainte-Rosalie-Arbre Inférieur,6,06088,Nice
2021,10,60881604,060881604,A,0.0,94.62995625757469,0.0,1.0,0.0,3240.166908678364,232986.1170489675,3240.166908678364,2834.75835214859,Cimiez,6,06088,Nice
2021,10,60881605,060881605,A,0.0,102.97194005898373,0.0,1.0,0.0,1931.4101059277912,259237.0607240693,1931.4101059277912,1586.64080184449,Caravadossi-George V,6,06088,Nice
2021,10,60881606,060881606,A,2.0,92.08439295374957,0.8831977634662644,1.0,0.8831977634662644,2789.751286899979,226449.84880290565,2789.751286899979,2621.55837221229,Cimiez-Valrose,6,06088,Nice
2021,10,60881701,060881701,A,5.0,105.29372555687485,2.0132990900553516,1.0,2.0132990900553516,1727.147911809394,248348.59483607748,1727.147911809394,1708.30837893189,Promenade du Paillon,6,06088,Nice
2021,10,60881702,060881702,A,5.0,105.52392327695313,1.9832568536010857,1.0,1.9832568536010857,2129.1883468098763,252110.5620243431,2129.1883468098763,2060.3938569804,Hôpital Saint-Roch,6,06088,Nice
2021,10,60881703,060881703,A,2.5,104.650659542545,0.9611081924943137,1.0,0.9611081924943137,1794.4608030358925,260116.3968347706,1794.4608030358925,1910.08697367127,Raimbaldi,6,06088,Nice
2021,10,60881704,060881704,A,1.5,105.05443719853722,0.589739848374731,1.0,0.589739848374731,2206.24848041558,254349.43969512364,2206.24848041558,2157.70137865075,Desambrois,6,06088,Nice
2021,10,60881705,060881705,A,1.0,105.0030569350641,0.39844940260144307,1.0,0.39844940260144307,2092.01321618076,250972.8947944414,2092.01321618076,1878.22314310204,Sasserno,6,06088,Nice
2021,10,60881801,060881801,C,0.0,91.69322508470779,0.0,1.0,0.0,47.498312600729705,222751.708433967,47.498312600729705,38.1615895249253,Gare Nice-Ville,6,06088,Nice
2021,10,60881802,060881802,A,2.0,103.13468840080957,0.7683087655480164,1.0,0.7683087655480164,2207.7430083493423,260312.01122291601,2207.7430083493423,2090.45025618284,Vernier,6,06088,Nice
2021,10,60881803,060881803,A,5.0,106.02035242213265,1.8639608437658646,1.0,1.8639608437658646,2328.398708742425,268245.9782737828,2328.398708742425,2363.74274235649,Trachel,6,06088,Nice
2021,10,60881804,060881804,A,2.0,104.33457346591273,0.7538972595411045,1.0,0.7538972595411045,2941.124018944458,265288.1376989479,2941.124018944458,2893.22843080205,Clément Roassal,6,06088,Nice
2021,10,60881805,060881805,A,4.0,96.12567164053205,1.6113145399042332,1.0,1.6113145399042332,2333.808839880303,248244.51719015307,2333.808839880303,2156.22664700296,Garnier-Gare de Provence,6,06088,Nice
2021,10,60881901,060881901,A,1.5,102.69456123314562,0.574252141751707,1.0,0.574252141751707,2514.357771025368,261209.30005143356,2514.357771025368,2534.91666659708,Grosso,6,06088,Nice
2021,10,60881902,060881902,A,1.5,94.15190530068588,0.6196571027036462,1.0,0.6196571027036462,2029.6587607080512,242069.36279037246,2029.6587607080512,1829.66545578823,Église Russe,6,06088,Nice
2021,10,60881903,060881903,A,3.0,92.1688734916711,1.266974573640814,1.0,1.266974573640814,2404.77262386012,236784.5466210987,2404.77262386012,2179.81277302118,Parc Impérial,6,06088,Nice
2021,10,60882001,060882001,A,0.0,73.52623767076493,0.0,1.0,0.0,2610.9173170876984,195026.73266458433,2610.9173170876984,2331.92865292813,Le Piol-Cyrnos,6,06088,Nice
2021,10,60882002,060882002,A,0.0,99.45559548552347,0.0,1.0,0.0,2138.395800373094,253117.6539958757,2138.395800373094,2076.66696925185,Saint-Philippe,6,06088,Nice
2021,10,60882101,060882101,A,0.0,89.50241426548715,0.0,1.0,0.0,2223.098022219937,236331.9013453845,2223.098022219937,1971.03256597445,Carlone,6,06088,Nice
2021,10,60882102,060882102,A,1.0,92.31436728251454,0.4083809876084304,1.0,0.4083809876084304,2975.6459862367456,244869.38186231974,2975.6459862367456,3032.02638305928,Madeleine Robiony,6,06088,Nice
2021,10,60882103,060882103,A,1.0,76.88978609971856,0.49192840618239264,1.0,0.49192840618239264,2455.339210548637,203281.61322508164,2455.339210548637,2508.78498933024,La Bornala,6,06088,Nice
2021,10,60882104,060882104,A,1.0,79.92379048803484,0.4719672193726821,1.0,0.4719672193726821,1586.8609436316005,211879.12188671826,1586.8609436316005,1501.36811728984,Madeleine,6,06088,Nice
2021,10,60882201,060882201,A,11.0,102.02673158615755,4.583642179975536,1.0,4.583642179975536,1399.2549334114353,239983.82875643036,1399.2549334114353,1186.08598488142,Liberti-Albert 1er,6,06088,Nice
2021,10,60882202,060882202,A,8.5,102.36498989702933,3.4446007498093376,1.0,3.4446007498093376,2272.1944512188293,246762.9956961045,2272.1944512188293,2234.91932643689,Notre-Dame,6,06088,Nice
2021,10,60882203,060882203,A,19.0,103.94601959723857,7.758556745563345,1.0,7.758556745563345,2877.8207031400766,244890.90720210256,2877.8207031400766,2519.08276407561,Jean Médecin,6,06088,Nice
2021,10,60882301,060882301,A,7.333333333333333,102.52413837298745,2.9672045793078543,1.0,2.9672045793078543,1927.4020576945632,247146.1989669733,1927.4020576945632,1625.75788826269,Musiciens,6,06088,Nice
2021,10,60882302,060882302,A,8.0,103.56815457906107,3.175151464126146,1.0,3.175151464126146,1801.0353926260495,251956.48429331643,1801.0353926260495,1502.28224927275,Rossini,6,06088,Nice
2021,10,60882303,060882303,A,5.0,101.47031694276315,2.0065719149044825,1.0,2.0065719149044825,2296.831908423734,249181.20117504048,2296.831908423734,2120.40678483472,Clemenceau,6,06088,Nice
2021,10,60882304,060882304,A,0.0,101.52693640693113,0.0,1.0,0.0,2760.871338215305,248203.58101269888,2760.871338215305,2627.62413152335,Thiers-Durante,6,06088,Nice
2021,10,60882401,060882401,A,5.0,102.1218818780467,2.0427832667414303,1.0,2.0427832667414303,1658.4150770451993,244764.0961919474,1658.4150770451993,1396.25559458408,France-Negresco,6,06088,Nice
2021,10,60882402,060882402,A,8.0,107.74706082227712,3.10759522093229,1.0,3.10759522093229,2988.644863488149,257433.78500884585,2988.644863488149,2610.21904493026,Victor Hugo-Buffa,6,06088,Nice
2021,10,60882501,060882501,A,6.0,97.24873843152962,2.4816115001937025,1.0,2.4816115001937025,1897.2979765155274,241778.3766528995,1897.2979765155274,1603.95183361531,Dante,6,06088,Nice
2021,10,60882502,060882502,A,4.0,100.39838358352124,1.6400824113586736,1.0,1.6400824113586736,2463.1414738524986,243890.18334062424,2463.1414738524986,2089.71445413225,Bottero,6,06088,Nice
2021,10,60882503,060882503,A,1.0,102.77322224539732,0.38528397063150577,1.0,0.38528397063150577,2054.9574804217364,259548.8201497026,2054.9574804217364,1808.14574762477,Potiers,6,06088,Nice
2021,10,60882504,060882504,A,5.0,100.33727306293598,2.0177026937715072,1.0,2.0177026937715072,3100.6734223051913,247806.57801739644,3100.6734223051913,2744.51278925642,Châteauneuf,6,06088,Nice
2021,10,60882601,060882601,A,8.5,93.04061238118403,3.531502100515882,1.0,3.531502100515882,1909.3316164890198,240690.78137482403,1909.3316164890198,1693.47021347785,Lenval,6,06088,Nice
2021,10,60882602,060882602,A,3.0,89.71070339435754,1.3287711923815564,1.0,1.3287711923815564,2173.1950576996164,225772.5044913941,2173.1950576996164,2005.38498763032,Magnan,6,06088,Nice
2021,10,60882603,060882603,A,0.0,92.79527763548464,0.0,1.0,0.0,2497.4833570714845,236911.1942138683,2497.4833570714845,2072.67312460217,Baumettes,6,06088,Nice
2021,10,60882701,060882701,A,3.0,86.7325924642984,1.3093478716125806,1.0,1.3093478716125806,2453.68651737905,229121.69218293595,2453.68651737905,2318.78743274242,La Californie,6,06088,Nice
2021,10,60882702,060882702,A,2.0,84.13150449515288,0.8839178350699451,1.0,0.8839178350699451,2291.013531643763,226265.37452338412,2291.013531643763,2167.25953604544,Pastorelle-Bosquets,6,06088,Nice
2021,10,60882703,060882703,A,0.0,84.05411432551264,0.0,1.0,0.0,2078.86893283922,224321.75950745115,2078.86893283922,2099.23484699208,Faculté de Lettres,6,06088,Nice
2021,10,60882704,060882704,A,1.0,59.242615438606634,0.594731986417494,1.0,0.594731986417494,3383.2817178180085,168142.9657119557,3383.2817178180085,3076.81960119108,Gattamua,6,06088,Nice
2021,10,60882705,060882705,A,1.0,73.52134890475322,0.4974033675004651,1.0,0.4974033675004651,2262.338891448539,201044.07515879252,2262.338891448539,1880.22971342969,Abbaye de Roseland,6,06088,Nice
2021,10,60882801,060882801,A,3.0,87.64126240267355,1.2754832258065099,1.0,1.2754832258065099,3495.851405010843,235204.97481282425,3495.851405010843,3385.2001601813,Carras,6,06088,Nice
2021,10,60882802,060882802,A,2.333333333333333,74.04624878275226,1.1212242770151053,1.0,1.1212242770151053,4083.503722460976,208105.85189477642,4083.503722460976,3905.86126693349,Caucade,6,06088,Nice
2021,10,60882803,060882803,A,1.0,78.76145462036615,0.4597213974692753,1.0,0.4597213974692753,3242.947865917712,217523.04885195894,3242.947865917712,3237.99689309792,Lanterne-Mandariniers,6,06088,Nice
2021,10,60882804,060882804,A,1.0,76.54688106355478,0.46704859624618494,1.0,0.46704859624618494,3181.625702341724,214110.4818721888,3181.625702341724,2957.40937822504,Lanterne,6,06088,Nice
2021,10,60882805,060882805,A,0.0,65.89284321044506,0.0,1.0,0.0,3816.2717128651584,188293.0397845525,3816.2717128651584,3352.96243915692,Napoléon III,6,06088,Nice
2021,10,60882901,060882901,A,1.5,74.3147666996556,0.7286672460125169,1.0,0.7286672460125169,2098.9806220721694,205855.2800621195,2098.9806220721694,2063.80548858035,Les Siagnes,6,06088,Nice
2021,10,60882902,060882902,A,0.0,77.68922310773777,0.0,1.0,0.0,3835.1744681153727,217691.3561524956,3835.1744681153727,4364.80841542462,Les Moulins,6,06088,Nice
2021,10,60882903,060882903,A,0.0,73.44414882465065,0.0,1.0,0.0,2817.137108138337,203386.48941615666,2817.137108138337,3100.51725678121,Digue des Français,6,06088,Nice
2021,10,60882904,060882904,A,5.0,79.7531104492452,2.2533654570037895,1.0,2.2533654570037895,2208.008441060951,221890.32784093093,2208.008441060951,2266.76947892917,Paul Montel,6,06088,Nice
2021,10,60882905,060882905,A,0.0,73.44075313229237,0.0,1.0,0.0,2100.0242442227163,207313.7904476606,2100.0242442227163,1982.90845555453,La Victorine-Grinda,6,06088,Nice
2021,10,60882906,060882906,A,0.0,67.9184732758395,0.0,1.0,0.0,3137.4414349392523,192410.81849567403,3137.4414349392523,2935.58315561404,Plateaux Fleuris,6,06088,Nice
2021,10,60883001,060883001,C,2.0,66.24147708040842,1.0798493212705704,1.0,1.0798493212705704,392.0964688742374,185211.02533516096,392.0964688742374,433.872251826555,Arenas-Aéroport,6,06088,Nice
2021,10,60883002,060883002,A,0.0,74.95519752629535,0.0,1.0,0.0,2669.627833579695,212144.35780872108,2669.627833579695,2694.78647480028,Arenas-Cassin,6,06088,Nice
2021,10,60883003,060883003,A,0.0,84.19990420092999,0.0,1.0,0.0,3039.0121584976787,233040.12843478593,3039.0121584976787,3008.23003767298,Saint-Augustin,6,06088,Nice
2021,10,60883101,060883101,A,0.0,65.84030364316344,0.0,1.0,0.0,3741.491385217053,179988.11267832608,3741.491385217053,3764.59952887198,Spagnol-Sainte-Marguerite,6,06088,Nice
2021,10,60883102,060883102,A,2.0,68.67073995590839,1.033443306844834,1.0,1.033443306844834,3860.905394632368,193527.79071220878,3860.905394632368,4158.00797327563,Parc des Sports,6,06088,Nice
2021,10,60883201,060883201,A,0.0,45.25992797158185,0.0,1.0,0.0,3565.204120368583,130662.83135233916,3565.204120368583,3368.64791018306,Fabron-Terron-Archet,6,06088,Nice
2021,10,60883202,060883202,A,0.0,48.156905590868945,0.0,1.0,0.0,2968.9235708075566,137591.80670970256,2968.9235708075566,3035.91941013274,Saint-Antoine Ginestière,6,06088,Nice
2021,10,60883301,060883301,A,4.5,42.356459277503546,4.228472002004002,1.0,4.228472002004002,5319.0387001829395,106421.42121000949,5319.0387001829395,4869.72941011493,Lingostière-Saint-Isidore,6,06088,Nice
2021,10,60883401,060883401,A,0.0,53.62321742504409,0.0,1.0,0.0,2542.745380476232,142377.18767002548,2542.745380476232,2618.97296064873,Bellet-Magnan,6,06088,Nice
2021,10,60883402,060883402,A,0.0,66.1941392793505,0.0,1.0,0.0,1915.6290690247406,177561.38313582228,1915.6290690247406,2002.86235548777,Madeleine-Nicolaï,6,06088,Nice
2021,10,60883403,060883403,A,0.0,56.2800944062817,0.0,1.0,0.0,1940.5737366753256,151259.0295800985,1940.5737366753256,1708.17792047014,Madeleine Supérieure,6,06088,Nice
2021,10,60883501,060883501,A,0.0,39.82406749633935,0.0,1.0,0.0,2694.176735034041,107682.57626466142,2694.176735034041,2649.66532035333,Crémat-Bellet,6,06088,Nice
2021,10,60883601,060883601,A,0.0,43.557375847794226,0.0,1.0,0.0,3083.96896773197,115867.13318906473,3083.96896773197,2930.55247825501,Saint-Pierre de Féric,6,06088,Nice
2021,10,60883602,060883602,A,1.0,53.6058212580536,0.7005023046729838,1.0,0.7005023046729838,2231.7223079663286,142754.70520640627,2231.7223079663286,2200.22608226932,Costière,6,06088,Nice
2021,10,60883701,060883701,A,0.0,52.785157875292825,0.0,1.0,0.0,3546.836960887782,131719.10222028222,3546.836960887782,3188.19843238012,Saint-Pancrace-Pessicart,6,06088,Nice
2021,10,60883801,060883801,A,7.5,64.2085333171825,4.914180546345549,1.0,4.914180546345549,2981.798694326634,152619.54519716222,2981.798694326634,2685.62313518567,Gairaut,6,06088,Nice
2021,10,60890000,060890000,C,0.0,33.34161443316475,0.0,1.0,0.0,2455.8696686057356,73924.69605117296,2455.8696686057356,2393.0,Opio,6,06089,Opio
2021,10,60900101,060900101,A,0.0,43.89011927699606,0.0,1.0,0.0,3765.3998160867695,87658.91195970796,3765.3998160867695,3493.48123864446,Nord,6,06090,Pégomas
2021,10,60900102,060900102,A,7.0,38.38383361504027,9.860166532509071,1.0,9.860166532509071,4557.479233480889,70992.71576114792,4557.479233480889,4551.51876135554,Sud,6,06090,Pégomas
2021,10,60910000,060910000,C,1.0,16.819221263591057,4.399065906472186,1.0,4.399065906472186,2438.2153378182006,22732.098615043164,2438.2153378182006,2287.0,Peille,6,06091,Peille
2021,10,60920000,060920000,C,0.0,20.410695859022262,0.0,1.0,0.0,1517.641486399385,46329.13786230176,1517.641486399385,1445.0,Peillon,6,06092,Peillon
2021,10,60930000,060930000,C,0.0,9.597384714882567,0.0,1.0,0.0,262.01756063358107,542.0827284357817,262.01756063358107,239.0,La Penne,6,06093,La Penne
2021,10,60940000,060940000,C,0.0,0.0,0.0,1.0,0.0,1100.9468677426883,1427.1238978455037,1100.9468677426883,979.0,Péone,6,06094,Péone
2021,10,60950101,060950101,A,0.0,35.831479798165596,0.0,1.0,0.0,3456.6157604120117,47459.50380840007,3456.6157604120117,3223.46440543987,Nord,6,06095,Peymeinade
2021,10,60950102,060950102,A,3.0,28.426522559050053,10.369961254850546,1.0,10.369961254850546,2669.2223782634246,28929.712718036924,2669.2223782634246,2563.68597605376,Est,6,06095,Peymeinade
2021,10,60950103,060950103,A,0.0,31.733461613880824,0.0,1.0,0.0,2679.719687363807,35500.83833724748,2679.719687363807,2468.84961850638,Ouest,6,06095,Peymeinade
2021,10,60960000,060960000,C,0.0,0.0,0.0,1.0,0.0,133.46567711669462,181.07116262478985,133.46567711669462,101.0,Pierlas,6,06096,Pierlas
2021,10,60970000,060970000,C,0.0,12.55127810195265,0.0,1.0,0.0,349.0551784151535,604.7514367357479,349.0551784151535,340.0,Pierrefeu,6,06097,Pierrefeu
2021,10,60980000,060980000,C,0.0,13.312036016076828,0.0,1.0,0.0,135.0953996011785,810.0948796865009,135.0953996011785,126.0,Puget-Rostang,6,06098,Puget-Rostang
2021,10,60990000,060990000,C,1.0,52.21597855365581,44.19751605305508,1.0,44.19751605305508,1899.7264512946456,2262.5705906177877,1899.7264512946456,1813.0,Puget-Théniers,6,06099,Puget-Théniers
2021,10,61000000,061000000,C,0.0,4.366303050303423,0.0,1.0,0.0,302.217032935241,1672.3945706508123,302.217032935241,233.0,Revest-les-Roches,6,06100,Revest-les-Roches
2021,10,61010000,061010000,C,0.0,6.881642605409349,0.0,1.0,0.0,186.7330186361342,461.77536922130156,186.7330186361342,169.0,Rigaud,6,06101,Rigaud
2021,10,61020000,061020000,C,0.0,95.12988573596317,0.0,1.0,0.0,152.43376166606916,622.9301508360891,152.43376166606916,133.0,Rimplas,6,06102,Rimplas
2021,10,61030000,061030000,C,3.0,102.30589032685859,86.40812623674607,1.0,86.40812623674607,2123.392859113989,3471.8956777056173,2123.392859113989,1815.0,Roquebillière,6,06103,Roquebillière
2021,10,61040101,061040101,A,1.0,51.08151573661571,2.445063057442412,1.0,2.445063057442412,2133.9847927302717,40898.74070757182,2133.9847927302717,1752.62796172506,Carnoles,6,06104,Roquebrune-Cap-Martin
2021,10,61040102,061040102,A,0.0,46.364965381738415,0.0,1.0,0.0,3359.5256668827533,39665.64453640771,3359.5256668827533,3061.12514252825,Cap Martin,6,06104,Roquebrune-Cap-Martin
2021,10,61040103,061040103,A,3.0,50.441335188435,6.369552054916886,1.0,6.369552054916886,2688.7644848351574,47099.07343773401,2688.7644848351574,2415.81662708492,Cabbe-Saint-Roman,6,06104,Roquebrune-Cap-Martin
2021,10,61040104,061040104,A,0.0,48.61881564213689,0.0,1.0,0.0,2009.9905045812175,49559.44971053355,2009.9905045812175,1953.75938508965,Village-Cros de Caste-Coupière-Mont Gros,6,06104,Roquebrune-Cap-Martin
2021,10,61040105,061040105,A,2.0,42.4972386482929,5.667706490162334,1.0,5.667706490162334,3519.144117497685,35287.64242593508,3519.144117497685,3187.67088357213,Val de Gorbio,6,06104,Roquebrune-Cap-Martin
2021,10,61050101,061050101,A,0.0,26.12518499840328,0.0,1.0,0.0,3961.330916113491,59884.15239084095,3961.330916113491,4007.64952484817,Nord,6,06105,Roquefort-les-Pins
2021,10,61050102,061050102,A,0.0,33.74220939353346,0.0,1.0,0.0,3306.108298577264,87549.95735133866,3306.108298577264,3268.35047515183,Sud,6,06105,Roquefort-les-Pins
2021,10,61060000,061060000,C,1.0,100.2345384754228,99.72310859413042,1.0,99.72310859413042,607.055769917294,1002.7766022316504,607.055769917294,561.0,Roquestéron,6,06106,Roquestéron
2021,10,61070000,061070000,C,0.0,78.95640549360083,0.0,1.0,0.0,65.34958646983097,861.93428882077,65.34958646983097,65.0,La Roque-en-Provence,6,06107,La Roque-en-Provence
2021,10,61080000,061080000,C,2.0,40.3661897663632,2.2456913748898897,1.0,2.2456913748898897,5497.873969908106,89059.43275923494,5497.873969908106,5436.0,La Roquette-sur-Siagne,6,06108,La Roquette-sur-Siagne
2021,10,61090000,061090000,C,0.0,12.27044753421268,0.0,1.0,0.0,922.282248868295,16970.639391977238,922.282248868295,945.0,La Roquette-sur-Var,6,06109,La Roquette-sur-Var
2021,10,61100000,061100000,C,0.0,18.731978818661705,0.0,1.0,0.0,126.12618148591483,200.40762815829228,126.12618148591483,116.0,Roubion,6,06110,Roubion
2021,10,61110000,061110000,C,0.0,23.81301215706224,0.0,1.0,0.0,139.75917785761874,193.97719383912687,139.75917785761874,113.0,Roure,6,06111,Roure
2021,10,61120000,061120000,C,5.0,29.198441478671224,8.90911360627344,1.0,8.90911360627344,4140.670158034964,56122.30599999534,4140.670158034964,4157.0,Le Rouret,6,06112,Le Rouret
2021,10,61130000,061130000,C,0.0,20.12608810713898,0.0,1.0,0.0,1351.2636228311526,21678.788131481342,1351.2636228311526,1351.0,Sainte-Agnès,6,06113,Sainte-Agnès
2021,10,61140000,061140000,C,1.0,62.10495869687647,0.6843175468206638,1.0,0.6843175468206638,5793.622003431225,146130.98913596405,5793.622003431225,5782.0,Saint-André-de-la-Roche,6,06114,Saint-André-de-la-Roche
2021,10,61150000,061150000,C,0.0,6.805573711507509,0.0,1.0,0.0,108.84249685002122,365.0900280212474,108.84249685002122,85.0,Saint-Antonin,6,06115,Saint-Antonin
2021,10,61160000,061160000,C,0.0,0.0,0.0,1.0,0.0,245.03807675193175,373.15994375841103,245.03807675193175,213.0,Saint-Auban,6,06116,Saint-Auban
2021,10,61170000,061170000,C,0.0,11.254527269690923,0.0,1.0,0.0,1280.0093927963187,21850.58516695646,1280.0093927963187,1367.0,Saint-Blaise,6,06117,Saint-Blaise
2021,10,61180000,061180000,C,2.0,25.105190272218064,14.748535317109928,1.0,14.748535317109928,4035.844418177937,13560.668615545703,4035.844418177937,3924.0,Saint-Cézaire-sur-Siagne,6,06118,Saint-Cézaire-sur-Siagne
2021,10,61190000,061190000,C,0.0,78.98218088900599,0.0,1.0,0.0,118.90561603693772,640.799357541108,118.90561603693772,104.0,Saint-Dalmas-le-Selvage,6,06119,Saint-Dalmas-le-Selvage
2021,10,61200000,061200000,C,3.5,232.5772129624142,221.9137067102632,1.0,221.9137067102632,1475.85957070525,1577.189643616606,1475.85957070525,1341.0,Saint-Étienne-de-Tinée,6,06120,Saint-Étienne-de-Tinée
2021,10,61210000,061210000,C,1.0,30.73030452437599,1.5054287448107737,1.0,1.5054287448107737,1664.270268099142,66426.25919340314,1664.270268099142,1471.0,Saint-Jean-Cap-Ferrat,6,06121,Saint-Jean-Cap-Ferrat
2021,10,61220000,061220000,C,3.0,24.454662747591254,18.17424327989738,1.0,18.17424327989738,4437.954844872639,16506.877088623078,4437.954844872639,4303.0,Saint-Jeannet,6,06122,Saint-Jeannet
2021,10,61230101,061230101,C,0.0,76.96478325660024,0.0,1.0,0.0,33.04930686846227,215603.28813771193,33.04930686846227,34.7754064949437,Le Lac,6,06123,Saint-Laurent-du-Var
2021,10,61230102,061230102,A,1.0,70.2404041320299,0.4956908190385703,1.0,0.4956908190385703,2723.9295061689927,201738.65675776996,2723.9295061689927,2164.12219173451,Les Paluds,6,06123,Saint-Laurent-du-Var
2021,10,61230103,061230103,A,3.0,77.38913051527774,1.3822534023539024,1.0,1.3822534023539024,2478.387328116781,217036.90473043243,2478.387328116781,2371.05463743649,Les Pomarels,6,06123,Saint-Laurent-du-Var
2021,10,61230104,061230104,A,5.0,68.90566325319902,2.5177930637293486,1.0,2.5177930637293486,2971.608141966169,198586.614286482,2971.608141966169,2632.59767082366,Les Galinières,6,06123,Saint-Laurent-du-Var
2021,10,61230105,061230105,A,3.0,73.80886422493558,1.4481973534384307,1.0,1.4481973534384307,2514.586004319187,207154.0866220443,2514.586004319187,2316.75694480555,Les Condamines,6,06123,Saint-Laurent-du-Var
2021,10,61230106,061230106,A,1.0,70.2011180861787,0.49433084730781657,1.0,0.49433084730781657,3063.59085738987,202293.66737805592,3063.59085738987,2809.49563616868,Les Jaquons,6,06123,Saint-Laurent-du-Var
2021,10,61230107,061230107,A,0.0,64.44714371428348,0.0,1.0,0.0,2840.8329217411274,186248.75864454178,2840.8329217411274,2796.93870997358,Centre Ville,6,06123,Saint-Laurent-du-Var
2021,10,61230108,061230108,A,1.0,69.24213941649518,0.5177959175114645,1.0,0.5177959175114645,2768.721627059472,193126.2812588435,2768.721627059472,2512.46227609883,Les Plans,6,06123,Saint-Laurent-du-Var
2021,10,61230109,061230109,A,0.0,60.01554911981789,0.0,1.0,0.0,6839.455443532614,174102.29152193715,6839.455443532614,6916.99235355343,Les Rascas-Les Pugets,6,06123,Saint-Laurent-du-Var
2021,10,61230110,061230110,A,0.0,44.338914695442185,0.0,1.0,0.0,2730.8116573106063,122766.28758587725,2730.8116573106063,2663.77034549509,Tuilière-La Tour-Les Iscles-Les Crottes,6,06123,Saint-Laurent-du-Var
2021,10,61230111,061230111,A,0.0,54.61638729078162,0.0,1.0,0.0,3931.320979678382,158289.4052973306,3931.320979678382,3722.03382741524,Le Grimond-Plateaux Fleuris-Vallière,6,06123,Saint-Laurent-du-Var
2021,10,61240000,061240000,C,0.0,1.951637160086832,0.0,1.0,0.0,71.08714270528846,209.87517089058005,71.08714270528846,52.0,Saint-Léger,6,06124,Saint-Léger
2021,10,61250000,061250000,C,0.0,0.0,0.0,1.0,0.0,194.14625594340387,480.56877440357385,194.14625594340387,153.0,Saint-Martin-d'Entraunes,6,06125,Saint-Martin-d'Entraunes
2021,10,61260000,061260000,C,1.0,24.645999876221676,2.760608260318901,1.0,2.760608260318901,3239.378954394622,36223.90088351331,3239.378954394622,3375.0,Saint-Martin-du-Var,6,06126,Saint-Martin-du-Var
2021,10,61270000,061270000,C,0.0,32.857948992583786,0.0,1.0,0.0,1656.9873373866433,2516.8995483250424,1656.9873373866433,1385.0,Saint-Martin-Vésubie,6,06127,Saint-Martin-Vésubie
2021,10,61280000,061280000,C,0.0,30.218534731798567,0.0,1.0,0.0,3431.7866655907833,87173.62097350693,3431.7866655907833,3183.0,Saint-Paul-de-Vence,6,06128,Saint-Paul-de-Vence
2021,10,61290000,061290000,C,1.0,213.40438405716853,183.13657034812027,1.0,183.13657034812027,317.75520408559794,546.0405849575112,317.75520408559794,301.0,Saint-Sauveur-sur-Tinée,6,06129,Saint-Sauveur-sur-Tinée
2021,10,61300000,061300000,C,1.0,18.508533315329174,5.466047750724493,1.0,5.466047750724493,3525.183761189711,18294.754191773314,3525.183761189711,3667.0,Saint-Vallier-de-Thiey,6,06130,Saint-Vallier-de-Thiey
2021,10,61310000,061310000,C,0.0,9.046676307317336,0.0,1.0,0.0,59.57739390578042,358.41211753557684,59.57739390578042,47.0,Sallagriffon,6,06131,Sallagriffon
2021,10,61320000,061320000,C,0.0,12.04191260986636,0.0,1.0,0.0,537.7643279378173,1526.097233469927,537.7643279378173,440.0,Saorge,6,06132,Saorge
2021,10,61330000,061330000,C,0.0,0.0,0.0,1.0,0.0,74.42618261054325,150.6578728673603,74.42618261054325,70.0,Sauze,6,06133,Sauze
2021,10,61340000,061340000,C,0.0,0.0,0.0,1.0,0.0,573.8156545678303,1339.5637594077225,573.8156545678303,535.0,Séranon,6,06134,Séranon
2021,10,61350000,061350000,C,0.0,38.1832688480161,0.0,1.0,0.0,217.54727505457134,675.6597436242043,217.54727505457134,199.0,Sigale,6,06135,Sigale
2021,10,61360000,061360000,C,1.0,17.683940849499773,13.152998314234374,1.0,13.152998314234374,4093.749732332803,7602.829226532971,4093.749732332803,3803.0,Sospel,6,06136,Sospel
2021,10,61370000,061370000,C,0.0,26.595111967438726,0.0,1.0,0.0,1263.4387770780424,28359.935060288142,1263.4387770780424,1176.0,Spéracèdes,6,06137,Spéracèdes
2021,10,61380000,061380000,C,1.0,20.66199087681707,19.553764041829798,1.0,19.553764041829798,1512.1771988084754,5114.104874441465,1512.1771988084754,1362.0,Théoule-sur-Mer,6,06138,Théoule-sur-Mer
2021,10,61390000,061390000,C,0.0,11.493098161660084,0.0,1.0,0.0,137.35236457847046,205.3471789418491,137.35236457847046,103.0,Thiéry,6,06139,Thiéry
2021,10,61400000,061400000,C,2.0,29.04419152920749,7.789230363077034,1.0,7.789230363077034,3308.5650060674934,25676.477736241017,3308.5650060674934,3105.0,Le Tignet,6,06140,Le Tignet
2021,10,61410000,061410000,C,0.0,1.5910443066215652,0.0,1.0,0.0,349.4458731262612,919.1768837161139,349.4458731262612,351.0,Toudon,6,06141,Toudon
2021,10,61420000,061420000,C,0.0,1.381416467641935,0.0,1.0,0.0,300.672093645881,4785.514619505595,300.672093645881,306.0,Touët-de-l'Escarène,6,06142,Touët-de-l'Escarène
2021,10,61430000,061430000,C,0.0,41.82320073448675,0.0,1.0,0.0,746.7163604027915,1576.7052558357477,746.7163604027915,717.0,Touët-sur-Var,6,06143,Touët-sur-Var
2021,10,61440000,061440000,C,0.0,0.0,0.0,1.0,0.0,616.2767666853158,642.8988305914711,616.2767666853158,539.0,La Tour,6,06144,La Tour
2021,10,61450000,061450000,C,0.0,2.881548245571871,0.0,1.0,0.0,156.1884246697225,1151.1427249327198,156.1884246697225,142.0,Tourette-du-Château,6,06145,Tourette-du-Château
2021,10,61460000,061460000,C,0.0,36.115053287565026,0.0,1.0,0.0,144.67441073873294,2390.7796392299274,144.67441073873294,149.0,Tournefort,6,06146,Tournefort
2021,10,61470000,061470000,C,5.5,36.0163428799607,8.538465765505633,1.0,8.538465765505633,4977.129004288778,64414.38252548056,4977.129004288778,4760.0,Tourrette-Levens,6,06147,Tourrette-Levens
2021,10,61480000,061480000,C,0.0,2.585516855623899,0.0,1.0,0.0,4383.604361693114,7272.412601791911,4383.604361693114,4092.0,Tourrettes-sur-Loup,6,06148,Tourrettes-sur-Loup
2021,10,61490101,061490101,A,0.0,53.02600879928831,0.0,1.0,0.0,2038.2671758839774,124671.2048485617,2038.2671758839774,2088.77489527807,La Plana,6,06149,La Trinité
2021,10,61490102,061490102,A,10.0,43.36078506940762,13.36133815542335,1.0,13.36133815542335,2966.0186159072437,74842.80304619798,2966.0186159072437,2789.7859072258,Centre,6,06149,La Trinité
2021,10,61490103,061490103,A,2.0,63.31311583171327,1.4004965329811865,1.0,1.4004965329811865,2312.140653103309,142806.49418979083,2312.140653103309,2180.06939225548,Le Rostit,6,06149,La Trinité
2021,10,61490104,061490104,A,0.0,36.55991563413883,0.0,1.0,0.0,3203.9529012280814,86760.29034649157,3203.9529012280814,3217.36980524065,Laghet-Périphérie,6,06149,La Trinité
2021,10,61500000,061500000,C,3.0,43.100861393587444,3.7381213667309465,1.0,3.7381213667309465,3126.573857151522,80254.21610704825,3126.573857151522,3015.0,La Turbie,6,06150,La Turbie
2021,10,61510000,061510000,C,0.0,1.1344846285783539,0.0,1.0,0.0,864.1447954796839,1020.4155942626558,864.1447954796839,844.0,Utelle,6,06151,Utelle
2021,10,61520101,061520101,A,6.0,40.22788044599693,6.738402216466245,1.0,6.738402216466245,1986.8122121554181,89041.87976992744,1986.8122121554181,2132.32394973221,Le Village,6,06152,Valbonne
2021,10,61520102,061520102,A,0.0,42.528574869962576,0.0,1.0,0.0,2475.1848518496313,120865.6761097871,2475.1848518496313,2440.53466210921,Écarts Sud,6,06152,Valbonne
2021,10,61520103,061520103,A,0.0,40.32118849702532,0.0,1.0,0.0,4656.308956844035,117600.43022413993,4656.308956844035,5464.97308533454,Garbejaire-Haut Sartoux,6,06152,Valbonne
2021,10,61520104,061520104,A,0.0,29.100449607917497,0.0,1.0,0.0,2656.508184092033,74213.89610816957,2656.508184092033,2716.16830282404,Île Verte-Nord-Est,6,06152,Valbonne
2021,10,61530000,061530000,C,2.0,200.95893148141124,186.2238350497434,1.0,186.2238350497434,878.5831196760237,1073.9763787303423,878.5831196760237,835.0,Valdeblore,6,06153,Valdeblore
2021,10,61540000,061540000,C,0.0,0.0,0.0,1.0,0.0,537.62095254709,972.4162146208643,537.62095254709,495.0,Valderoure,6,06154,Valderoure
2021,10,61550101,061550101,A,0.0,45.61378375516245,0.0,1.0,0.0,3148.4430335696293,137960.94829736423,3148.4430335696293,3018.21279070787,Les Impiniers-Font de Cine-Vaucontrade,6,06155,Vallauris
2021,10,61550102,061550102,A,0.0,47.156249636292046,0.0,1.0,0.0,1167.2140034547945,138124.49981954184,1167.2140034547945,1197.20114438769,Subreville-La Fuont,6,06155,Vallauris
2021,10,61550103,061550103,A,0.0,47.7567586513786,0.0,1.0,0.0,1642.887519792527,136925.56392864403,1642.887519792527,1674.12097517962,Les Issarts,6,06155,Vallauris
2021,10,61550104,061550104,A,0.0,49.232979916748484,0.0,1.0,0.0,3099.052182462579,143695.69520842642,3099.052182462579,3176.13900615015,Vallauris Centre,6,06155,Vallauris
2021,10,61550105,061550105,A,1.0,41.457615309682645,0.8646910223213069,1.0,0.8646910223213069,3711.541600082915,115648.24592667208,3711.541600082915,3258.75512777017,Riquebonne-Ferratone-Pizou,6,06155,Vallauris
2021,10,61550106,061550106,A,0.0,39.55146986761585,0.0,1.0,0.0,5446.21885440463,120274.67845963185,5446.21885440463,4705.85781094964,Brusquet-Retenaou-Devens,6,06155,Vallauris
2021,10,61550107,061550107,A,0.0,49.383179444670226,0.0,1.0,0.0,3072.5486503229195,148282.728928056,3072.5486503229195,2313.63396055342,Les Paluds-Lauvert,6,06155,Vallauris
2021,10,61550108,061550108,A,1.0,48.27652343710898,0.6997380113712707,1.0,0.6997380113712707,3676.1386131242207,142910.62994281366,3676.1386131242207,3119.88202763831,Gabelle-Courcettes-Les Clos,6,06155,Vallauris
2021,10,61550109,061550109,A,0.0,42.92473652085877,0.0,1.0,0.0,2691.390666751964,125297.72756530916,2691.390666751964,2273.5080639814,La Mer-Le Puadon-Cannes Eden,6,06155,Vallauris
2021,10,61550110,061550110,A,1.0,38.59076278434588,0.9425040707024502,1.0,0.9425040707024502,3403.175214694429,106100.33750355031,3403.175214694429,3287.68909268173,La Maure-Super Cannes,6,06155,Vallauris
2021,10,61560000,061560000,C,0.0,13.34548043884828,0.0,1.0,0.0,219.42871849352866,996.9858664844811,219.42871849352866,185.0,Venanson,6,06156,Venanson
2021,10,61570101,061570101,A,4.5,33.960782620072074,7.079255967453909,1.0,7.079255967453909,1951.07194993155,63566.00214327959,1951.07194993155,1876.03434277037,Saint-Martin,6,06157,Vence
2021,10,61570102,061570102,A,0.5,32.59291601023702,0.7326769972745151,1.0,0.7326769972745151,2956.972763931502,68242.89582721305,2956.972763931502,2722.95743301342,Sainte-Anne,6,06157,Vence
2021,10,61570103,061570103,A,1.5,21.96024752587583,4.122667453971756,1.0,4.122667453971756,3638.373299762124,36384.21038677053,3638.373299762124,3285.52572268116,Plan de Noves,6,06157,Vence
2021,10,61570104,061570104,A,3.0,26.36056363238937,5.729057715228182,1.0,5.729057715228182,2906.324665572489,52364.632180713044,2906.324665572489,2506.75389521469,Notre-Dame,6,06157,Vence
2021,10,61570105,061570105,A,1.0,31.313900642527823,1.2569214177685097,1.0,1.2569214177685097,4109.898048622608,79559.46854460973,4109.898048622608,3700.44808228263,Sainte-Élisabeth,6,06157,Vence
2021,10,61570106,061570106,A,0.5,34.281104795492126,0.6390145242281945,1.0,0.6390145242281945,2901.730214794021,78245.48285563664,2901.730214794021,2435.43278249841,Centre Ville,6,06157,Vence
2021,10,61570107,061570107,A,0.0,24.90283289556966,0.0,1.0,0.0,2848.8705217811294,61368.65375279793,2848.8705217811294,2887.84774153933,Sainte-Colombe,6,06157,Vence
2021,10,61580000,061580000,C,2.0,145.39952864156444,142.84308146617772,1.0,142.84308146617772,787.4956854356792,1400.1378151965719,787.4956854356792,781.0,Villars-sur-Var,6,06158,Villars-sur-Var
2021,10,61590101,061590101,A,0.0,58.373175231822046,0.0,1.0,0.0,2270.121656862042,137298.3789029609,2270.121656862042,1885.18406144853,Col de Villefranche,6,06159,Villefranche-sur-Mer
2021,10,61590102,061590102,A,3.0,48.6795307471237,2.677001628611403,1.0,2.677001628611403,2313.115127976821,112065.6770596042,2313.115127976821,2062.46932713309,Le Port,6,06159,Villefranche-sur-Mer
2021,10,61590103,061590103,D,0.0,44.86166471665198,0.0,1.0,0.0,1389.5044500325448,95720.20528480112,1389.5044500325448,1041.34661141838,Mont Leuze,6,06159,Villefranche-sur-Mer
2021,10,61600000,061600000,C,0.0,0.0,0.0,1.0,0.0,119.59453246372198,618.7060113163448,119.59453246372198,93.0,Villeneuve-d'Entraunes,6,06160,Villeneuve-d'Entraunes
2021,10,61610101,061610101,D,0.0,43.011311890804585,0.0,1.0,0.0,776.0764612635302,122637.17639352175,776.0764612635302,868.004334966052,Route de Grasse,6,06161,Villeneuve-Loubet
2021,10,61610102,061610102,A,1.0,49.130424728602016,0.7074456966001865,1.0,0.7074456966001865,1957.125396536645,141353.60562736602,1957.125396536645,1986.42643529792,Espères,6,06161,Villeneuve-Loubet
2021,10,61610103,061610103,A,1.0,57.65044234655762,0.6087577400901444,1.0,0.6087577400901444,1990.0854176783776,164268.95859294056,1990.0854176783776,1938.15814806304,Village,6,06161,Villeneuve-Loubet
2021,10,61610104,061610104,A,1.0,64.87960283841812,0.53030468102052,1.0,0.53030468102052,2217.225584109341,188570.84159159163,2217.225584109341,2096.15888069344,Les Bouches du Loup,6,06161,Villeneuve-Loubet
2021,10,61610105,061610105,A,3.0,70.73216794387409,1.4633079924569052,1.0,1.4633079924569052,3977.633693949837,205014.93981201982,3977.633693949837,3584.45383364547,Marina,6,06161,Villeneuve-Loubet
2021,10,61610106,061610106,A,0.0,49.08965703967963,0.0,1.0,0.0,3823.0786684843597,148752.49776153453,3823.0786684843597,3539.14353145266,Vaugrenier,6,06161,Villeneuve-Loubet
2021,10,61610107,061610107,A,0.0,55.213835189128666,0.0,1.0,0.0,2781.820360372948,162704.4359742856,2781.820360372948,2766.65483588142,Plan,6,06161,Villeneuve-Loubet
2021,10,61620000,061620000,C,0.0,21.67803289927657,0.0,1.0,0.0,848.4498898046528,2019.2065877632317,848.4498898046528,719.0,La Brigue,6,06162,La Brigue
2021,10,61630000,061630000,C,1.5,52.996593077467324,51.436391968268886,1.0,51.436391968268886,2390.3750835224996,2916.2232081234433,2390.3750835224996,2021.0,Tende,6,06163,Tende
