psp_spe_snds,ann,age_ben_snds,nb,total_nb,ratio
0,20,0,6295143,57702446,0.10909664037465587
0,20,20,6142006,57702446,0.1064427320810629
0,20,30,7080341,57702446,0.12270434774983369
0,20,40,6799711,57702446,0.11784094906479355
0,20,50,7835456,57702446,0.1357907080750095
0,20,60,8505776,57702446,0.14740754664022387
0,20,70,7692393,57702446,0.13331138510142188
0,20,80,7212128,57702446,0.12498825439739591
0,20,99,139492,57702446,0.002417436515602822
0,21,0,7302688,63979901,0.11414034541879019
0,21,20,7008522,63979901,0.10954255774794025
0,21,30,7841395,63979901,0.12256028654999013
0,21,40,7511578,63979901,0.11740527701035361
0,21,50,8591926,63979901,0.1342910174243627
0,21,60,9384710,63979901,0.1466821588235968
0,21,70,8536321,63979901,0.13342191636088965
0,21,80,7611330,63979901,0.11896439164543253
0,21,99,191431,63979901,0.002992049018644152
0,22,0,7605172,65976512,0.11527090125649564
0,22,20,7200971,65976512,0.10914446341146376
0,22,30,7919952,65976512,0.12004199312628107
0,22,40,7540653,65976512,0.11429299263349964
0,22,50,8676489,65976512,0.13150875572203635
0,22,60,9711394,65976512,0.1471947168107341
0,22,70,9127106,65976512,0.13833871666328768
0,22,80,8007305,65976512,0.12136599461335573
0,22,99,187470,65976512,0.002841465762846026
0,23,0,7322593,65602974,0.11161983296671886
0,23,20,7168129,65602974,0.10926530556373862
0,23,30,7803428,65602974,0.11894930251180381
0,23,40,7401949,65602974,0.11282947324918532
0,23,50,8604718,65602974,0.13116353536045486
0,23,60,9746108,65602974,0.1485619844002804
0,23,70,9337929,65602974,0.1423400256213994
0,23,80,8042612,65602974,0.12259523478310602
0,23,99,175508,65602974,0.002675305543312716
0,24,0,3714973,32703547,0.11359541520068145
0,24,20,3618039,32703547,0.11063139420320371
0,24,30,3888949,32703547,0.11891520513050159
0,24,40,3675072,32703547,0.1123753334768244
0,24,50,4256516,32703547,0.13015456702601708
0,24,60,4852418,32703547,0.14837589329377637
0,24,70,4652507,32703547,0.14226307011896905
0,24,80,3959832,32703547,0.12108264586712872
0,24,99,85241,32703547,0.0026064756828976378
1,20,0,20006799,170874330,0.11708487167147927
1,20,20,17127019,170874330,0.10023166733119013
1,20,30,17833626,170874330,0.10436691105094603
1,20,40,18584273,170874330,0.10875988804169708
1,20,50,22067147,170874330,0.1291425517220755
1,20,60,24999843,170874330,0.14630543394083828
1,20,70,24409396,170874330,0.14284998805847549
1,20,80,25621766,170874330,0.1499450853735608
1,20,99,224461,170874330,0.0013136028097374252
1,21,0,22293491,182507797,0.12215089638060778
1,21,20,18739477,182507797,0.10267767902540624
1,21,30,19235790,182507797,0.10539708613106541
1,21,40,19793841,182507797,0.10845476919542238
1,21,50,23287937,182507797,0.12759968276862166
1,21,60,26371187,182507797,0.14449348155794134
1,21,70,26073406,182507797,0.142861874553228
1,21,80,26483418,182507797,0.14510841966932514
1,21,99,229250,182507797,0.0012561107183820756
1,22,0,23116414,186356418,0.1240440991949094
1,22,20,19279703,186356418,0.10345607200928277
1,22,30,19487435,186356418,0.10457077469690365
1,22,40,19918523,186356418,0.10688401941702914
1,22,50,23472204,186356418,0.1259532902161706
1,22,60,26813466,186356418,0.14388270759743838
1,22,70,27145155,186356418,0.14566257117047612
1,22,80,26909470,186356418,0.14439787096573192
1,22,99,214048,186356418,0.0011485947320580073
1,23,0,23777282,192864435,0.12328494882947186
1,23,20,20236086,192864435,0.10492388604461989
1,23,30,20353924,192864435,0.10553487479430824
1,23,40,20561510,192864435,0.10661120594888321
1,23,50,24220479,192864435,0.12558292045912975
1,23,60,27729209,192864435,0.1437756473867253
1,23,70,28416131,192864435,0.14733733049330738
1,23,80,27380497,192864435,0.14196757945548644
1,23,99,189317,192864435,0.000981606588067935
1,24,0,12194526,99119649,0.12302834123232216
1,24,20,10457863,99119649,0.10550746603228993
1,24,30,10427354,99119649,0.10519966631439544
1,24,40,10509352,99119649,0.10602692913087293
1,24,50,12382144,99119649,0.12492118490048325
1,24,60,14258124,99119649,0.1438476038186939
1,24,70,14802234,99119649,0.1493370300373037
1,24,80,13996304,99119649,0.14120614975139792
1,24,99,91748,99119649,0.0009256287822407442
2,20,0,832718,8291777,0.10042696517284534
2,20,20,782561,8291777,0.09437796023699142
2,20,30,942898,8291777,0.1137148285584622
2,20,40,987935,8291777,0.11914635427363761
2,20,50,1181381,8291777,0.14247621468835933
2,20,60,1358572,8291777,0.16384569917883707
2,20,70,1293459,8291777,0.15599297955070426
2,20,80,907892,8291777,0.10949305558989346
2,20,99,4361,8291777,0.0005259427502693332
2,21,0,1005871,9325725,0.10785981786938817
2,21,20,886667,9325725,0.09507754088824193
2,21,30,1065559,9325725,0.11426017816309188
2,21,40,1110825,9325725,0.11911406351784982
2,21,50,1312936,9325725,0.14078648040768948
2,21,60,1496683,9325725,0.1604897206383418
2,21,70,1452860,9325725,0.1557905685616936
2,21,80,989462,9325725,0.10610027638601824
2,21,99,4862,9325725,0.0005213535676850861
2,22,0,1123093,10120729,0.11096957541299643
2,22,20,958284,10120729,0.09468527415367016
2,22,30,1142714,10120729,0.11290826975013361
2,22,40,1185669,10120729,0.11715252922986082
2,22,50,1402729,10120729,0.1385996008785533
2,22,60,1615309,10120729,0.15960401666717883
2,22,70,1616520,10120729,0.15972367207935317
2,22,80,1072358,10120729,0.10595659660484931
2,22,99,4053,10120729,0.0004004652234043615
2,23,0,679824,7261747,0.09361714199076338
2,23,20,642836,7261747,0.08852360182749412
2,23,30,769000,7261747,0.10589738254444833
2,23,40,827483,7261747,0.11395095422630394
2,23,50,1019544,7261747,0.14039927306748637
2,23,60,1211348,7261747,0.16681220097588087
2,23,70,1269814,7261747,0.17486343162327192
2,23,80,837820,7261747,0.11537444088867321
2,23,99,4078,7261747,0.0005615728556778417
2,24,0,284482,3313282,0.08586108879352859
2,24,20,287139,3313282,0.08666301268651445
2,24,30,342007,3313282,0.10322302780143676
2,24,40,371639,3313282,0.11216642591846997
2,24,50,465777,3313282,0.14057873733657442
2,24,60,561122,3313282,0.16935534011291523
2,24,70,598062,3313282,0.18050440620508607
2,24,80,401372,3313282,0.12114030740516503
2,24,99,1682,3313282,0.0005076537403094576
3,20,0,364022,9330265,0.03901518338439476
3,20,20,412228,9330265,0.04418181048448249
3,20,30,564981,9330265,0.060553585562682304
3,20,40,854096,9330265,0.09154037961408384
3,20,50,1348240,9330265,0.1445017906779711
3,20,60,1876017,9330265,0.20106792250809596
3,20,70,2101126,9330265,0.22519467560674858
3,20,80,1798380,9330265,0.19274693698410494
3,20,99,11175,9330265,0.0011977151774360106
3,21,0,406596,9844042,0.04130376526227743
3,21,20,462345,9844042,0.04696698774751266
3,21,30,621317,9844042,0.06311604521801106
3,21,40,912864,9844042,0.09273263970226864
3,21,50,1421286,9844042,0.14438032669913436
3,21,60,1956460,9844042,0.1987455965750654
3,21,70,2221515,9844042,0.22567102009520074
3,21,80,1830056,9844042,0.18590493620405113
3,21,99,11603,9844042,0.0011786824964785806
3,22,0,415974,10075208,0.041286889560989706
3,22,20,479688,10075208,0.04761072922762488
3,22,30,634723,10075208,0.06299850087462214
3,22,40,926472,10075208,0.09195562017181184
3,22,50,1447469,10075208,0.14366641363632393
3,22,60,2004940,10075208,0.1989973805007301
3,22,70,2301888,10075208,0.22847051892129672
3,22,80,1853262,10075208,0.18394280296744245
3,22,99,10792,10075208,0.0010711441391582188
3,23,0,362421,9963721,0.03637406145756189
3,23,20,438579,9963721,0.0440175914199123
3,23,30,593562,9963721,0.05957232242853849
3,23,40,889500,9963721,0.08927387669727002
3,23,50,1433056,9963721,0.14382739139323553
3,23,60,2025294,9963721,0.20326683173886542
3,23,70,2355016,9963721,0.23635908713220694
3,23,80,1855712,9963721,0.18624688507436127
3,23,99,10581,9963721,0.0010619526580481328
3,24,0,175447,5048108,0.03475500127968736
3,24,20,215387,5048108,0.04266687638220101
3,24,30,296651,5048108,0.05876478870895789
3,24,40,444922,5048108,0.08813638693942365
3,24,50,717469,5048108,0.14212631742427065
3,24,60,1026551,5048108,0.20335361287832987
3,24,70,1206768,5048108,0.239053522626695
3,24,80,959623,5048108,0.19009557640208966
3,24,99,5290,5048108,0.0010479173583449483
4,20,0,1564298,19342102,0.08087528439256499
4,20,20,1715799,19342102,0.08870799047590587
4,20,30,1938774,19342102,0.10023595160443265
4,20,40,2268990,19342102,0.11730834632140809
4,20,50,2988882,19342102,0.1545272587229661
4,20,60,3390461,19342102,0.17528916970864905
4,20,70,3195682,19342102,0.1652189612070084
4,20,80,2263402,19342102,0.11701944287130737
4,20,99,15814,19342102,0.0008175946957574725
4,21,0,1747535,20977777,0.08330410796148706
4,21,20,1877980,20977777,0.08952235501407037
4,21,30,2107522,20977777,0.10046450584349333
4,21,40,2449693,20977777,0.11677562403299453
4,21,50,3210926,20977777,0.153063215420776
4,21,60,3631861,20977777,0.1731289735799937
4,21,70,3510174,20977777,0.167328215949669
4,21,80,2425751,20977777,0.11563432102457757
4,21,99,16335,20977777,0.000778681172938391
4,22,0,1804222,21801437,0.08275702193392115
4,22,20,1961053,21801437,0.08995063031854277
4,22,30,2152664,21801437,0.0987395463886165
4,22,40,2487755,21801437,0.1141096800178814
4,22,50,3291072,21801437,0.15095665482967935
4,22,60,3789559,21801437,0.1738215237830424
4,22,70,3764174,21801437,0.17265715099422116
4,22,80,2536572,21801437,0.11634884434452647
4,22,99,14366,21801437,0.0006589473895688619
4,23,0,1809690,22278842,0.08122908722096059
4,23,20,1998307,22278842,0.08969528128975465
4,23,30,2201072,22278842,0.09879651734143094
4,23,40,2514638,22278842,0.11287112678477633
4,23,50,3349687,22278842,0.1503528325215467
4,23,60,3893732,22278842,0.17477263854198527
4,23,70,3913397,22278842,0.1756553145805334
4,23,80,2585000,22278842,0.11602936992865248
4,23,99,13319,22278842,0.0005978317903596605
4,24,0,922987,11591605,0.07962547032960492
4,24,20,1038155,11591605,0.08956093655710318
4,24,30,1139760,11591605,0.09832633185827157
4,24,40,1298321,11591605,0.11200528313378519
4,24,50,1741941,11591605,0.15027608342416776
4,24,60,2045678,11591605,0.17647927098965155
4,24,70,2058108,11591605,0.17755159876479573
4,24,80,1340590,11591605,0.11565180145458717
4,24,99,6065,11591605,0.0005232234880329342
5,20,0,1161996,8133481,0.14286576682234828
5,20,20,1061403,8133481,0.1304979995650079
5,20,30,918358,8133481,0.11291081887324751
5,20,40,892631,8133481,0.10974772056392583
5,20,50,990086,8133481,0.12172967515384864
5,20,60,1121661,8133481,0.13790663554755953
5,20,70,1102361,8133481,0.13553372780977788
5,20,80,881410,8133481,0.10836811446415133
5,20,99,3575,8133481,0.0004395412001331287
5,21,0,1197541,8260932,0.14496439384805493
5,21,20,1088059,8260932,0.13171140980218696
5,21,30,929923,8260932,0.11256877553283334
5,21,40,904597,8260932,0.10950301975612436
5,21,50,989217,8260932,0.11974641602182418
5,21,60,1118808,8260932,0.13543362903846684
5,21,70,1132463,8260932,0.13708659022977068
5,21,80,897482,8260932,0.10864173679192614
5,21,99,2842,8260932,0.00034402897881256016
5,22,0,1110443,8164914,0.1360017998964839
5,22,20,1025991,8164914,0.12565851887723495
5,22,30,901367,8164914,0.11039516154119933
5,22,40,890506,8164914,0.10906495769581896
5,22,50,991543,8164914,0.1214394909732056
5,22,60,1136950,8164914,0.13924825172684
5,22,70,1186306,8164914,0.14529314087080403
5,22,80,919328,8164914,0.11259493976299077
5,22,99,2480,8164914,0.0003037386554224576
5,23,0,1077073,8381636,0.12850391021514176
5,23,20,1032590,8381636,0.12319671243179732
5,23,30,922700,8381636,0.11008590685637028
5,23,40,916555,8381636,0.10935275643084477
5,23,50,1033484,8381636,0.1233033741861374
5,23,60,1190690,8381636,0.1420593783838859
5,23,70,1251603,8381636,0.14932681400146702
5,23,80,954663,8381636,0.11389936284515338
5,23,99,2278,8381636,0.00027178464920213667
5,24,0,552415,4280226,0.12906211027174733
5,24,20,528806,4280226,0.12354628003287677
5,24,30,464298,4280226,0.10847511323000233
5,24,40,460390,4280226,0.10756207732956156
5,24,50,521583,4280226,0.12185875231821872
5,24,60,606770,4280226,0.14176120606715625
5,24,70,645055,4280226,0.15070582721566572
5,24,80,500049,4280226,0.11682770956486876
5,24,99,860,4280226,0.00020092396990252384
6,20,0,808387,11299459,0.07154209772343968
6,20,20,1021586,11299459,0.09041016919482606
6,20,30,1149053,11299459,0.10169097476259704
6,20,40,1365898,11299459,0.12088171654943834
6,20,50,1761547,11299459,0.15589657876540816
6,20,60,2043871,11299459,0.18088219975841321
6,20,70,1902967,11299459,0.16841222221347057
6,20,80,1232423,11299459,0.10906920410968349
6,20,99,13727,11299459,0.0012148369227234686
6,21,0,895516,11985020,0.07471960831104162
6,21,20,1092897,11985020,0.09118858374871297
6,21,30,1230519,11985020,0.10267141815366182
6,21,40,1436603,11985020,0.11986655007667905
6,21,50,1837384,11985020,0.15330671121116193
6,21,60,2135158,11985020,0.1781522266963259
6,21,70,2042699,11985020,0.17043767970349652
6,21,80,1300338,11985020,0.10849694034720009
6,21,99,13906,11985020,0.0011602817517200638
6,22,0,922165,12135992,0.07598595977980209
6,22,20,1111018,12135992,0.09154735764492923
6,22,30,1227255,12135992,0.10112523146027123
6,22,40,1426945,12135992,0.11757959299907252
6,22,50,1831247,12135992,0.1508938865483761
6,22,60,2154210,12135992,0.17750588497421554
6,22,70,2123373,12135992,0.1749649307613255
6,22,80,1326816,12135992,0.10932901076401501
6,22,99,12963,12135992,0.0010681450679927936
6,23,0,919299,12411203,0.0740700961864857
6,23,20,1117969,12411203,0.09007740828991356
6,23,30,1248156,12411203,0.10056688300078566
6,23,40,1447932,12411203,0.11666330814184572
6,23,50,1862396,12411203,0.1500576535570323
6,23,60,2213133,12411203,0.178317363755955
6,23,70,2214086,12411203,0.17839414922147354
6,23,80,1377107,12411203,0.11095677026634727
6,23,99,11125,12411203,0.0008963675801612462
6,24,0,454459,5991295,0.07585321704239234
6,24,20,538445,5991295,0.08987122149718883
6,24,30,596658,5991295,0.09958748484259246
6,24,40,693270,5991295,0.11571288010355023
6,24,50,889207,5991295,0.148416494263761
6,24,60,1063882,5991295,0.17757129301761973
6,24,70,1076743,5991295,0.1797179073973156
6,24,80,673419,5991295,0.11239957304722936
6,24,99,5212,5991295,0.0008699287883504318
7,20,0,910883,10830619,0.0841025799171774
7,20,20,2193413,10830619,0.20251963438100815
7,20,30,2469473,10830619,0.22800848224833686
7,20,40,1596905,10830619,0.14744355793514663
7,20,50,1178581,10830619,0.10881935741622893
7,20,60,1088546,10830619,0.10050635148369635
7,20,70,889101,10830619,0.08209142986194971
7,20,80,499680,10830619,0.04613586721128312
7,20,99,4037,10830619,0.0003727395451728105
7,21,0,947910,11226095,0.0844380882221289
7,21,20,2203164,11226095,0.19625381755632748
7,21,30,2543507,11226095,0.2265709492036189
7,21,40,1673920,11226095,0.14910973049845025
7,21,50,1232674,11226095,0.10980434425327774
7,21,60,1141257,11226095,0.10166108517699164
7,21,70,947247,11226095,0.08437902939535075
7,21,80,532689,11226095,0.04745096135388129
7,21,99,3727,11226095,0.0003319943399730717
7,22,0,958427,11275706,0.08499928962319521
7,22,20,2193741,11275706,0.1945546469551441
7,22,30,2537578,11275706,0.22504825861901684
7,22,40,1680444,11275706,0.14903226458724625
7,22,50,1235582,11275706,0.10957912524501792
7,22,60,1139931,11275706,0.10109619743544218
7,22,70,981338,11275706,0.08703118013186935
7,22,80,545156,11275706,0.04834783737710082
7,22,99,3509,11275706,0.0003112000259673319
7,23,0,948588,11285173,0.08405613276819061
7,23,20,2178070,11285173,0.1930028011090304
7,23,30,2517835,11285173,0.2231100046051576
7,23,40,1697923,11285173,0.15045608959649975
7,23,50,1255514,11285173,0.11125341188832462
7,23,60,1142849,11285173,0.10126995837813031
7,23,70,986827,11285173,0.08744456110686119
7,23,80,554289,11285173,0.04911657092009134
7,23,99,3278,11285173,0.0002904696277141697
7,24,0,471030,5582799,0.08437165658301508
7,24,20,1080578,5582799,0.1935548817000218
7,24,30,1228827,5582799,0.22010948271646535
7,24,40,835458,5582799,0.14964859025015947
7,24,50,619796,5582799,0.11101886347690469
7,24,60,567049,5582799,0.10157073539634867
7,24,70,497760,5582799,0.08915957748075831
7,24,80,280776,5582799,0.050293051926103734
7,24,99,1525,5582799,0.0002731604702229115
8,20,0,340742,6594340,0.05167188831634402
8,20,20,609751,6594340,0.09246581158993925
8,20,30,735617,6594340,0.11155278617723684
8,20,40,842784,6594340,0.12780414719289573
8,20,50,1047963,6594340,0.15891855742955321
8,20,60,1221181,6594340,0.18518623546859883
8,20,70,1117027,6594340,0.16939178143680794
8,20,80,672177,6594340,0.10193241476781603
8,20,99,7098,6594340,0.0010763776208081476
8,21,0,364407,7100486,0.051321416590357334
8,21,20,653782,7100486,0.09207566918658808
8,21,30,782902,7100486,0.1102603399260276
8,21,40,908111,7100486,0.12789420329819678
8,21,50,1122659,7100486,0.15811016316347923
8,21,60,1316941,7100486,0.1854719522015817
8,21,70,1231536,7100486,0.17344390229063195
8,21,80,713009,7100486,0.10041692920738102
8,21,99,7139,7100486,0.0010054241357563413
8,22,0,371389,7249405,0.05123027338105679
8,22,20,660205,7249405,0.09107023266047351
8,22,30,790541,7249405,0.10904908747683431
8,22,40,907493,7249405,0.1251817218102727
8,22,50,1142146,7249405,0.1575503093012461
8,22,60,1355534,7249405,0.1869855526074209
8,22,70,1289124,7249405,0.1778248007939962
8,22,80,727113,7249405,0.10029967976682225
8,22,99,5860,7249405,0.0008083422018772575
8,23,0,363888,7212598,0.050451723498245706
8,23,20,678372,7212598,0.0940537653699818
8,23,30,796078,7212598,0.11037326633204846
8,23,40,904834,7212598,0.12545188294148654
8,23,50,1127789,7212598,0.15636376795157583
8,23,60,1333928,7212598,0.1849441768416873
8,23,70,1286963,7212598,0.178432653532056
8,23,80,715794,7212598,0.09924218707322936
8,23,99,4952,7212598,0.0006865764596890052
8,24,0,188529,3583917,0.052604175822152134
8,24,20,346422,3583917,0.09666016260979259
8,24,30,397116,3583917,0.11080502143325306
8,24,40,445492,3583917,0.12430310188545103
8,24,50,549486,3583917,0.15331995690748418
8,24,60,656995,3583917,0.18331758241053014
8,24,70,639733,3583917,0.17850106461728885
8,24,80,357868,3583917,0.09985387496418026
8,24,99,2276,3583917,0.0006350593498677564
9,20,0,427209,6792855,0.06289093466590999
9,20,20,476598,6792855,0.07016166251156546
9,20,30,666763,6792855,0.09815651887166736
9,20,40,827345,6792855,0.12179635808507616
9,20,50,1052263,6792855,0.1549073254176631
9,20,60,1217810,6792855,0.1792780796881429
9,20,70,1200046,6792855,0.17666297896834246
9,20,80,920912,6792855,0.13557068419685095
9,20,99,3909,6792855,0.0005754575947815757
9,21,0,423938,7021066,0.060380859544690225
9,21,20,478064,7021066,0.06808994531599617
9,21,30,675768,7021066,0.09624863233019032
9,21,40,844722,7021066,0.1203124995549109
9,21,50,1089077,7021066,0.15511561919514785
9,21,60,1269188,7021066,0.18076856135521302
9,21,70,1281775,7021066,0.18256130906617316
9,21,80,954281,7021066,0.13591682516586512
9,21,99,4253,7021066,0.0006057484718132546
9,22,0,420129,7194982,0.0583919459423248
9,22,20,475791,7194982,0.06612817099472938
9,22,30,672623,7194982,0.0934850149729353
9,22,40,849376,7194982,0.11805116399179318
9,22,50,1105240,7194982,0.15361261501418627
9,22,60,1309857,7194982,0.18205146308913628
9,22,70,1360143,7194982,0.18904050072675652
9,22,80,997250,7194982,0.13860354341400716
9,22,99,4573,7194982,0.0006355818541311153
9,23,0,416474,7391411,0.056345669318077427
9,23,20,485765,7391411,0.06572019875501443
9,23,30,686514,7391411,0.09287996567908346
9,23,40,866106,7391411,0.11717735625850058
9,23,50,1133186,7391411,0.15331118780974295
9,23,60,1342418,7391411,0.18161863817341506
9,23,70,1421373,7391411,0.19230063109736423
9,23,80,1035704,7391411,0.1401226369363035
9,23,99,3871,7391411,0.0005237159724983498
9,24,0,203670,3716300,0.05480450986195948
9,24,20,239281,3716300,0.0643868901864758
9,24,30,335766,3716300,0.09034954121034362
9,24,40,428445,3716300,0.1152880553238436
9,24,50,562360,3716300,0.15132255200064582
9,24,60,677696,3716300,0.18235772138955414
9,24,70,730718,3716300,0.19662513790598177
9,24,80,536665,3716300,0.14440841697387186
9,24,99,1699,3716300,0.00045717514732395126
11,20,0,774397,5956496,0.13000881726437824
11,20,20,519084,5956496,0.08714586562301058
11,20,30,606942,5956496,0.10189581257168644
11,20,40,682666,5956496,0.11460865582718431
11,20,50,838833,5956496,0.14082658663751307
11,20,60,975686,5956496,0.16380200708604523
11,20,70,892750,5956496,0.1498783848759405
11,20,80,659752,5956496,0.11076176329170707
11,20,99,6386,5956496,0.0010721068225345908
11,21,0,836888,6547717,0.12781370972508432
11,21,20,568074,6547717,0.08675909481121435
11,21,30,657914,6547717,0.10047990772967128
11,21,40,735979,6547717,0.11240238391488208
11,21,50,899305,6547717,0.13734634529867434
11,21,60,1066101,6547717,0.1628202623906928
11,21,70,1021798,6547717,0.15605408724903658
11,21,80,755668,6547717,0.11540938620285514
11,21,99,5990,6547717,0.0009148226778891024
11,22,0,895592,6766424,0.13235824417742667
11,22,20,570673,6766424,0.08433893589878494
11,22,30,666455,6766424,0.09849441891315117
11,22,40,746792,6766424,0.11036730775369678
11,22,50,924439,6766424,0.1366215005148953
11,22,60,1098285,6766424,0.1623139489928506
11,22,70,1081523,6766424,0.15983671729705382
11,22,80,777824,6766424,0.11495348207561336
11,22,99,4841,6766424,0.0007154443765273946
11,23,0,951915,7040887,0.1351981646630602
11,23,20,583505,7040887,0.08287379132771197
11,23,30,692383,7040887,0.09833746799231403
11,23,40,766016,7040887,0.10879538330894957
11,23,50,954363,7040887,0.13554584812964615
11,23,60,1139905,7040887,0.16189792564487968
11,23,70,1142519,7040887,0.1622691856864057
11,23,80,806074,7040887,0.11448472330261798
11,23,99,4207,7040887,0.0005975099444146739
11,24,0,494757,3579944,0.13820244115550412
11,24,20,296737,3579944,0.08288872675103298
11,24,30,350962,3579944,0.09803561173023935
11,24,40,388392,3579944,0.10849108254207328
11,24,50,479271,3579944,0.13387667516586851
11,24,60,580312,3579944,0.16210085967825194
11,24,70,582443,3579944,0.16269612038624068
11,24,80,405201,3579944,0.11318640738514346
11,24,99,1869,3579944,0.0005220752056456749
12,20,0,3744421,5309651,0.7052103801172619
12,20,20,270157,5309651,0.05088036859673074
12,20,30,318337,5309651,0.05995441131629932
12,20,40,218642,5309651,0.041178224331505024
12,20,50,187299,5309651,0.03527519982010117
12,20,60,209333,5309651,0.03942500175623596
12,20,70,209612,5309651,0.03947754758269423
12,20,80,151486,5309651,0.028530312067591636
12,20,99,364,5309651,6.855441157997013e-05
12,21,0,3931908,5620925,0.6995126247014504
12,21,20,287390,5620925,0.051128595382432605
12,21,30,330233,5620925,0.05875065047123027
12,21,40,237506,5620925,0.04225389949163171
12,21,50,205218,5620925,0.03650964921254064
12,21,60,228116,5620925,0.04058335594230487
12,21,70,235376,5620925,0.041874958303126264
12,21,80,164797,5620925,0.029318484057339316
12,21,99,381,5620925,6.778243794393271e-05
12,22,0,4096872,5912589,0.692906609947013
12,22,20,300394,5912589,0.0508058314217342
12,22,30,348316,5912589,0.05891091026283072
12,22,40,255657,5912589,0.04323943368970852
12,22,50,224329,5912589,0.03794090879646801
12,22,60,243529,5912589,0.04118821720907711
12,22,70,261856,5912589,0.044287874567300385
12,22,80,181185,5912589,0.030643936184300988
12,22,99,451,5912589,7.627792156701573e-05
12,23,0,4242745,6127088,0.6924570040449884
12,23,20,308366,6127088,0.05032831256871127
12,23,30,354375,6127088,0.05783742619658801
12,23,40,265250,6127088,0.04329136451116746
12,23,50,233298,6127088,0.03807648919029725
12,23,60,248368,6127088,0.04053605889127102
12,23,70,273775,6127088,0.04468272693325116
12,23,80,200394,6127088,0.03270623826522485
12,23,99,517,6127088,8.437939850056013e-05
12,24,0,2187553,3155816,0.693181414886039
12,24,20,155905,3155816,0.049402436643961496
12,24,30,176964,3155816,0.056075512640787674
12,24,40,134069,3155816,0.0424831485739346
12,24,50,120343,3155816,0.03813371882264365
12,24,60,129762,3155816,0.04111836685028532
12,24,70,145444,3155816,0.046087604600521706
12,24,80,105505,3155816,0.03343192378769865
12,24,99,271,3155816,8.587319412792127e-05
13,20,0,538223,7162884,0.07514054394849895
13,20,20,432779,7162884,0.0604196577803019
13,20,30,572444,7162884,0.07991808885918018
13,20,40,773193,7162884,0.10794436989346749
13,20,50,1111915,7162884,0.15523286430437797
13,20,60,1445365,7162884,0.2017853423285928
13,20,70,1352226,7162884,0.18878233962744614
13,20,80,929973,7162884,0.12983220166625623
13,20,99,6766,7162884,0.0009445915918783552
13,21,0,533888,7332172,0.07281444025044694
13,21,20,453428,7332172,0.061840884256397693
13,21,30,598292,7332172,0.08159819491414004
13,21,40,797585,7332172,0.10877881751819243
13,21,50,1134291,7332172,0.15470054439530334
13,21,60,1468996,7332172,0.20034936441752868
13,21,70,1405134,7332172,0.1916395305511109
13,21,80,933419,7332172,0.12730456950546168
13,21,99,7139,7332172,0.0009736541914183137
13,22,0,536995,7492338,0.07167255401451456
13,22,20,457561,7492338,0.061070522979609305
13,22,30,601007,7492338,0.08021621555247507
13,22,40,801351,7492338,0.1069560663173498
13,22,50,1147375,7492338,0.15313978093353503
13,22,60,1504878,7492338,0.2008555940749069
13,22,70,1478618,7492338,0.19735068012147877
13,22,80,958206,7492338,0.12789145390931375
13,22,99,6347,7492338,0.0008471320968167747
13,23,0,550472,7800469,0.07056909014060565
13,23,20,484003,7800469,0.06204793583565296
13,23,30,626790,7800469,0.08035286083439341
13,23,40,821809,7800469,0.10535379347062337
13,23,50,1188761,7800469,0.15239609310670935
13,23,60,1563526,7800469,0.2004399991846644
13,23,70,1563316,7800469,0.2004130777264803
13,23,80,996105,7800469,0.12769809097376067
13,23,99,5687,7800469,0.0007290587271098699
13,24,0,284770,4086569,0.06968437337042395
13,24,20,255967,4086569,0.06263616251187733
13,24,30,329213,4086569,0.08055975562874382
13,24,40,425240,4086569,0.10405795179281202
13,24,50,618614,4086569,0.1513773534718244
13,24,60,816938,4086569,0.1999080402166218
13,24,70,828882,4086569,0.20283078543394226
13,24,80,523860,4086569,0.1281906655681086
13,24,99,3085,4086569,0.0007549120056458119
14,20,0,186585,7145839,0.026110999702064375
14,20,20,335894,7145839,0.04700553706849538
14,20,30,581788,7145839,0.08141633193806913
14,20,40,861569,7145839,0.12056932712869685
14,20,50,1226916,7145839,0.17169656355257934
14,20,60,1443205,7145839,0.20196438794660782
14,20,70,1455143,7145839,0.20363501052850477
14,20,80,1044901,7145839,0.1462250968710602
14,20,99,9838,7145839,0.001376745263922123
14,21,0,204001,7335732,0.02780922203810063
14,21,20,357801,7335732,0.0487750915655043
14,21,30,607121,7335732,0.0827621565237116
14,21,40,880273,7335732,0.11999797702533299
14,21,50,1245591,7335732,0.16979777887196534
14,21,60,1465725,7335732,0.19980623610568107
14,21,70,1507770,7335732,0.20553777046380647
14,21,80,1057711,7335732,0.1441861562009081
14,21,99,9739,7335732,0.0013276112049894952
14,22,0,201226,7317048,0.027500981270042236
14,22,20,349243,7317048,0.047730040858007215
14,22,30,588415,7317048,0.08041699330112362
14,22,40,852919,7317048,0.1165659976536986
14,22,50,1218024,7317048,0.16646385263565305
14,22,60,1466619,7317048,0.2004386195088511
14,22,70,1559668,7317048,0.2131553599211048
14,22,80,1072817,7317048,0.14661882770210063
14,22,99,8117,7317048,0.0011093271494187274
14,23,0,196531,7410280,0.02652140000107958
14,23,20,360508,7410280,0.04864971364105
14,23,30,594983,7410280,0.08029156792995676
14,23,40,847727,7410280,0.114398781152669
14,23,50,1225084,7410280,0.1653222280399661
14,23,60,1486207,7410280,0.20056016776693997
14,23,70,1601552,7410280,0.2161257064510383
14,23,80,1090047,7410280,0.14709929989150208
14,23,99,7641,7410280,0.0010311351257982155
14,24,0,101948,3874840,0.026310247648935182
14,24,20,188370,3874840,0.04861362017528466
14,24,30,309096,3874840,0.07977000340659227
14,24,40,436979,3874840,0.11277343064487824
14,24,50,633806,3874840,0.16356959255091824
14,24,60,774911,3874840,0.19998528971518825
14,24,70,846475,3874840,0.21845418133393896
14,24,80,579478,3874840,0.14954888459910604
14,24,99,3777,3874840,0.0009747499251582001
15,20,0,2059482,16829052,0.12237659019652444
15,20,20,1344473,16829052,0.07989000212252004
15,20,30,1320405,16829052,0.0784598562058041
15,20,40,1676949,16829052,0.09964607632087655
15,20,50,2151658,16829052,0.1278537852280687
15,20,60,2754405,16829052,0.16366964698902825
15,20,70,2958378,16829052,0.17578993754371905
15,20,80,2536489,16829052,0.15072084868476252
15,20,99,26813,16829052,0.0015932567086963663
15,21,0,2380387,18650472,0.12763146155228672
15,21,20,1544643,18650472,0.08282058491602787
15,21,30,1515639,18650472,0.08126545001113109
15,21,40,1870650,18650472,0.10030041062767742
15,21,50,2351543,18650472,0.12608490551874504
15,21,60,2992282,18650472,0.16044001460123905
15,21,70,3261406,18650472,0.17486989069231063
15,21,80,2706344,18650472,0.1451086063666378
15,21,99,27578,18650472,0.0014786757139443978
15,22,0,2427185,18993119,0.12779286014055932
15,22,20,1569807,18993119,0.0826513538929546
15,22,30,1529749,18993119,0.08054227428364978
15,22,40,1875881,18993119,0.09876634796001647
15,22,50,2357705,18993119,0.12413469320125883
15,22,60,3029890,18993119,0.15952566821700007
15,22,70,3415182,18993119,0.17981154122184986
15,22,80,2762353,18993119,0.14543967212546818
15,22,99,25367,18993119,0.0013355889572428837
15,23,0,2544970,19779610,0.12866633871951974
15,23,20,1670098,19779610,0.08443533517597161
15,23,30,1612361,19779610,0.0815163190780809
15,23,40,1946138,19779610,0.09839112095738996
15,23,50,2440999,19779610,0.12340986500744959
15,23,60,3143292,19779610,0.15891577235344884
15,23,70,3567280,19779610,0.18035138205455012
15,23,80,2830633,19779610,0.14310863561010556
15,23,99,23839,19779610,0.0012052310434836682
15,24,0,1280975,9961283,0.1285953827433675
15,24,20,853420,9961283,0.08567370287542278
15,24,30,811031,9961283,0.08141832733795436
15,24,40,969006,9961283,0.0972772282445946
15,24,50,1215176,9961283,0.1219899083280738
15,24,60,1581516,9961283,0.1587662954661563
15,24,70,1813926,9961283,0.18209762738394242
15,24,80,1424948,9961283,0.1430486414250052
15,24,99,11285,9961283,0.0011328861954830517
18,20,0,529595,3093459,0.1711983252404509
18,20,20,368567,3093459,0.11914397443121115
18,20,30,332836,3093459,0.10759347384271134
18,20,40,339045,3093459,0.10960061213030461
18,20,50,391572,3093459,0.12658063352383206
18,20,60,431907,3093459,0.13961943571904462
18,20,70,411917,3093459,0.13315741375592824
18,20,80,287434,3093459,0.09291669939701803
18,20,99,586,3093459,0.00018943195949905914
18,21,0,599534,3496962,0.1714442421736353
18,21,20,413760,3496962,0.11831984448215337
18,21,30,371705,3496962,0.1062936914956468
18,21,40,379157,3496962,0.10842468405433059
18,21,50,433485,3496962,0.12396045481763886
18,21,60,482708,3496962,0.1380363870124983
18,21,70,482657,3496962,0.13802180292493885
18,21,80,333479,3496962,0.09536248892610215
18,21,99,477,3496962,0.00013640411305584677
18,22,0,595665,3453253,0.17249387751201548
18,22,20,418455,3453253,0.12117704668612465
18,22,30,369055,3453253,0.10687169460216207
18,22,40,368742,3453253,0.10678105542802685
18,22,50,423275,3453253,0.12257283205140197
18,22,60,470841,3453253,0.13634709069969678
18,22,70,475936,3453253,0.13782251112212165
18,22,80,330708,3453253,0.09576709265147963
18,22,99,576,3453253,0.00016679924697089962
18,23,0,593692,3532682,0.16805701730300096
18,23,20,436580,3532682,0.12358315863131751
18,23,30,377425,3532682,0.10683809071974211
18,23,40,371785,3532682,0.10524157000262124
18,23,50,431836,3532682,0.12224026957422152
18,23,60,480615,3532682,0.1360481922799731
18,23,70,493960,3532682,0.13982577543067845
18,23,80,346503,3532682,0.09808496773839254
18,23,99,286,3532682,8.095832005258328e-05
18,24,0,285076,1756645,0.16228435455086257
18,24,20,217499,1756645,0.12381499961574478
18,24,30,188871,1756645,0.10751802441586092
18,24,40,185527,1756645,0.10561439562347544
18,24,50,213075,1756645,0.12129656248132092
18,24,60,238976,1756645,0.1360411466175579
18,24,70,250406,1756645,0.14254786823746404
18,24,80,177089,1756645,0.10081092081780894
18,24,99,126,1756645,7.1727639904477e-05
31,20,0,177983,1854156,0.09599138368076904
31,20,20,127057,1854156,0.06852551780972044
31,20,30,168249,1854156,0.0907415557267026
31,20,40,223755,1854156,0.1206775481674681
31,20,50,292451,1854156,0.15772728939744013
31,20,60,315048,1854156,0.16991450557558263
31,20,70,311255,1854156,0.16786883088585858
31,20,80,237092,1854156,0.12787057831164153
31,20,99,1266,1854156,0.0006827904448169409
31,21,0,198118,1975499,0.10028757291195795
31,21,20,137070,1975499,0.0693850009541893
31,21,30,179093,1975499,0.09065709473910136
31,21,40,241668,1975499,0.12233263595678864
31,21,50,313182,1975499,0.15853310986236896
31,21,60,331006,1975499,0.16755564037238185
31,21,70,332012,1975499,0.16806487879771137
31,21,80,242352,1975499,0.12267887758991526
31,21,99,998,1975499,0.0005051888155853281
31,22,0,201389,2039961,0.09872198537128896
31,22,20,143234,2039961,0.07021408742618118
31,22,30,183661,2039961,0.09003162315357989
31,22,40,242701,2039961,0.11897335292194311
31,22,50,319436,2039961,0.1565892681281652
31,22,60,340925,2039961,0.1671232930433474
31,22,70,352085,2039961,0.17259398586541605
31,22,80,255558,2039961,0.1252759243926722
31,22,99,972,2039961,0.00047647969740597984
31,23,0,210213,2168605,0.09693466537243989
31,23,20,154123,2168605,0.0710701118922072
31,23,30,197440,2168605,0.09104470385339884
31,23,40,252355,2168605,0.11636743436448777
31,23,50,337064,2168605,0.15542895086933767
31,23,60,361721,2168605,0.16679893295459525
31,23,70,376736,2168605,0.1737227388113557
31,23,80,278439,2168605,0.128395443153548
31,23,99,514,2168605,0.00023701872862969513
31,24,0,115415,1177039,0.09805537454578821
31,24,20,83855,1177039,0.07124232926861387
31,24,30,106009,1177039,0.09006413551292693
31,24,40,136918,1177039,0.11632409801204548
31,24,50,179933,1177039,0.15286919125024745
31,24,60,197480,1177039,0.1677769385721289
31,24,70,209144,1177039,0.17768655074300851
31,24,80,148078,1177039,0.12580551706443033
31,24,99,207,1177039,0.00017586503081036398
32,20,0,310675,4931740,0.06299500784712901
32,20,20,394794,4931740,0.08005166533515555
32,20,30,511333,4931740,0.10368206758669354
32,20,40,630247,4931740,0.1277940442926837
32,20,50,745771,4931740,0.1512186368300032
32,20,60,821679,4931740,0.16661036469886895
32,20,70,880772,4931740,0.17859254543021327
32,20,80,633802,4931740,0.12851488521292687
32,20,99,2667,4931740,0.000540782766325881
32,21,0,337163,5204339,0.06478498037887233
32,21,20,428087,5204339,0.08225578695008146
32,21,30,541503,5204339,0.1040483719450251
32,21,40,658731,5204339,0.12657342267673186
32,21,50,784550,5204339,0.15074921137919725
32,21,60,858087,5204339,0.1648791518000653
32,21,70,938421,5204339,0.18031511782764342
32,21,80,655207,5204339,0.12589629537968222
32,21,99,2590,5204339,0.0004976616627010654
32,22,0,341686,5372630,0.0635975304459827
32,22,20,441218,5372630,0.08212328040456908
32,22,30,549731,5372630,0.10232065115222898
32,22,40,668665,5372630,0.12445766784610145
32,22,50,800632,5372630,0.1490204983406637
32,22,60,887246,5372630,0.16514183928541515
32,22,70,999734,5372630,0.18607907114392766
32,22,80,681179,5372630,0.12678688091307236
32,22,99,2539,5372630,0.00047258046803893064
32,23,0,350401,5648947,0.062029436636597934
32,23,20,476626,5648947,0.08437430905264291
32,23,30,578453,5648947,0.10240014643437087
32,23,40,696820,5648947,0.12335396313684657
32,23,50,838522,5648947,0.1484386382099177
32,23,60,927708,5648947,0.16422671340340067
32,23,70,1065989,5648947,0.18870578888419381
32,23,80,711670,5648947,0.12598277165638128
32,23,99,2758,5648947,0.0004882325856482633
32,24,0,175326,2946900,0.05949506260816451
32,24,20,247974,2946900,0.08414740914181004
32,24,30,298200,2946900,0.10119108215412807
32,24,40,356145,2946900,0.12085411788659269
32,24,50,432413,2946900,0.14673487393532186
32,24,60,486361,2946900,0.1650415691065187
32,24,70,565366,2946900,0.19185109776375173
32,24,80,383715,2946900,0.13020971190064135
32,24,99,1400,2946900,0.0004750755030710238
33,20,0,990779,10360065,0.09563443858701659
33,20,20,1182619,10360065,0.11415169692468145
33,20,30,1454513,10360065,0.14039612685827743
33,20,40,1750383,10360065,0.16895482798611786
33,20,50,1886124,10360065,0.1820571589077868
33,20,60,1496095,10360065,0.14440980823962013
33,20,70,1024801,10360065,0.09891839481702093
33,20,80,571072,10360065,0.05512243407739237
33,20,99,3679,10360065,0.0003551136020864734
33,21,0,1112759,10804401,0.10299127179748327
33,21,20,1298230,10804401,0.12015751729318451
33,21,30,1525751,10804401,0.1412156953448877
33,21,40,1796944,10804401,0.1663159299622441
33,21,50,1931734,10804401,0.1787914017630408
33,21,60,1529402,10804401,0.14155361319891774
33,21,70,1047990,10804401,0.0969965850027225
33,21,80,558175,10804401,0.05166181817946224
33,21,99,3416,10804401,0.000316167458057138
33,22,0,1203865,11147712,0.10799211533272478
33,22,20,1394261,11147712,0.12507149449142568
33,22,30,1562252,11147712,0.14014104418915738
33,22,40,1811153,11147712,0.16246858548193566
33,22,50,1957511,11147712,0.17559755759746934
33,22,60,1555655,11147712,0.13954926356188607
33,22,70,1092563,11147712,0.09800782438584707
33,22,80,567200,11147712,0.050880395905455754
33,22,99,3252,11147712,0.00029171905409827595
33,23,0,1313420,11844457,0.11088900065237267
33,23,20,1561390,11844457,0.13182453193084326
33,23,30,1675391,11844457,0.1414493716343434
33,23,40,1876306,11844457,0.15841215853120155
33,23,50,2049123,11844457,0.1730026965356031
33,23,60,1623308,11844457,0.1370521248884605
33,23,70,1150626,11844457,0.09714468126314275
33,23,80,592111,11844457,0.04999055676423157
33,23,99,2782,11844457,0.00023487779980120658
33,24,0,691267,6166686,0.11209699991210838
33,24,20,841048,6166686,0.13638573457445377
33,24,30,876288,6166686,0.14210031125307823
33,24,40,958604,6166686,0.15544880994427152
33,24,50,1046258,6166686,0.16966292754325418
33,24,60,839097,6166686,0.13606935718796126
33,24,70,599843,6166686,0.09727153287843746
33,24,80,312756,6166686,0.050717030184445906
33,24,99,1525,6166686,0.0002472965219892824
34,20,0,52461,1269523,0.0413233946923372
34,20,20,46870,1269523,0.03691937838069889
34,20,30,67896,1269523,0.05348150447057674
34,20,40,84461,1269523,0.06652971234077681
34,20,50,120241,1269523,0.09471352626143835
34,20,60,172181,1269523,0.1356265305945619
34,20,70,264663,1269523,0.2084743639934054
34,20,80,460398,1269523,0.36265431977207185
34,20,99,352,1269523,0.00027726949413283574
34,21,0,51437,1328407,0.03872081372651605
34,21,20,50452,1328407,0.0379793241077471
34,21,30,70988,1328407,0.05343844168240607
34,21,40,88931,1328407,0.06694559724542253
34,21,50,123415,1328407,0.09290450893438532
34,21,60,177669,1328407,0.13374590769244668
34,21,70,285569,1328407,0.2149710141545475
34,21,80,479658,1328407,0.3610775914309395
34,21,99,288,1328407,0.00021680102558929606
34,22,0,61545,1535703,0.040076108466285475
34,22,20,60788,1535703,0.03958317461123668
34,22,30,81390,1535703,0.05299852901244577
34,22,40,103996,1535703,0.06771882323600331
34,22,50,143469,1535703,0.09342236096432709
34,22,60,208647,1535703,0.13586416123430117
34,22,70,335208,1535703,0.2182765808232451
34,22,80,540486,1535703,0.35194695849392754
34,22,99,174,1535703,0.00011330315822786047
34,23,0,75583,1864084,0.04054699251750458
34,23,20,76758,1864084,0.04117732891865388
34,23,30,100413,1864084,0.053867207700940514
34,23,40,128691,1864084,0.0690371249364299
34,23,50,177293,1864084,0.0951099843140116
34,23,60,257031,1864084,0.13788595363728243
34,23,70,409988,1864084,0.21994073228459662
34,23,80,638137,1864084,0.34233274895337334
34,23,99,190,1864084,0.00010192673720712157
34,24,0,39054,979843,0.039857405727244055
34,24,20,39766,979843,0.040584052751308115
34,24,30,51075,979843,0.05212569768830313
34,24,40,65199,979843,0.066540251856675
34,24,50,89551,979843,0.09139321299432664
34,24,60,133681,979843,0.13643104048301616
34,24,70,221470,979843,0.22602600620711685
34,24,80,339965,979843,0.34695864541564314
34,24,99,82,979843,8.368687636692818e-05
35,20,0,119264,2970815,0.04014521267732928
35,20,20,153134,2970815,0.051546124548314184
35,20,30,241202,2970815,0.081190515060682
35,20,40,314181,2970815,0.10575582794620332
35,20,50,426433,2970815,0.14354074555298799
35,20,60,560250,2970815,0.18858461398639767
35,20,70,615640,2970815,0.20722932932545446
35,20,80,535570,2970815,0.1802771293399286
35,20,99,5141,2970815,0.0017305015627024907
35,21,0,125663,3102926,0.0404982265126529
35,21,20,158156,3102926,0.05096995545494801
35,21,30,249388,3102926,0.08037188125014905
35,21,40,326167,3102926,0.10511594540121164
35,21,50,442880,3102926,0.14272979761683005
35,21,60,579524,3102926,0.1867669419122467
35,21,70,662496,3102926,0.213506864166274
35,21,80,553259,3102926,0.17830235074893827
35,21,99,5393,3102926,0.0017380369367493778
35,22,0,125139,3176344,0.03939718116173815
35,22,20,158807,3176344,0.04999678876091507
35,22,30,249353,3176344,0.07850314701430323
35,22,40,328352,3176344,0.10337419372712779
35,22,50,454520,3176344,0.1430953322436109
35,22,60,593439,3176344,0.1868308344436245
35,22,70,693748,3176344,0.21841085222507386
35,22,80,567712,3176344,0.17873127092027816
35,22,99,5274,3176344,0.0016603995033283548
35,23,0,120733,3230773,0.03736969449726118
35,23,20,160367,3230773,0.04963734685166677
35,23,30,253488,3230773,0.07846047989134489
35,23,40,335163,3230773,0.10374080754048644
35,23,50,456998,3230773,0.14145159687789888
35,23,60,597235,3230773,0.18485823671300955
35,23,70,719762,3230773,0.22278321627672387
35,23,80,582081,3230773,0.18016771837575712
35,23,99,4946,3230773,0.0015309029758512902
35,24,0,62914,1664422,0.03779930810816007
35,24,20,84589,1664422,0.050821846863355565
35,24,30,129327,1664422,0.0777008475014149
35,24,40,170568,1664422,0.10247881847271906
35,24,50,233845,1664422,0.14049622030951286
35,24,60,305969,1664422,0.18382898087143765
35,24,70,374085,1664422,0.22475369828084465
35,24,80,300542,1664422,0.180568389506988
35,24,99,2583,1664422,0.0015518900855672419
36,20,0,502083,779153,0.6443959017035165
36,20,20,60336,779153,0.07743793580978318
36,20,30,50437,779153,0.06473311403536917
36,20,40,46631,779153,0.059848322473249796
36,20,50,40940,779153,0.05254423713956052
36,20,60,35011,779153,0.04493469190261733
36,20,70,28768,779153,0.03692214494457443
36,20,80,14890,779153,0.019110495627944705
36,20,99,57,779153,7.315636338434172e-05
36,21,0,545860,832938,0.6553428946692311
36,21,20,69234,832938,0.08312023223817379
36,21,30,54966,832938,0.06599050589599706
36,21,40,48677,832938,0.058440123994823144
36,21,50,41729,832938,0.050098566760070976
36,21,60,33353,832938,0.040042596207640904
36,21,70,26125,832938,0.03136487949883425
36,21,80,12895,832938,0.015481344349759526
36,21,99,99,832938,0.00011885638546926662
36,22,0,541319,825671,0.6556110121343731
36,22,20,66525,825671,0.08057083269244045
36,22,30,54319,825671,0.06578770478798456
36,22,40,48352,825671,0.058560855352797904
36,22,50,42408,825671,0.051361862049169704
36,22,60,33532,825671,0.04061181753991602
36,22,70,25738,825671,0.031172222350064373
36,22,80,13422,825671,0.016255869468589788
36,22,99,56,825671,6.782362466406111e-05
36,23,0,543373,814221,0.6673532124570601
36,23,20,65230,814221,0.08011338444967644
36,23,30,52244,814221,0.06416439762668857
36,23,40,46480,814221,0.05708523852860587
36,23,50,39635,814221,0.04867843005768704
36,23,60,30492,814221,0.0374492920226818
36,23,70,24246,814221,0.029778156053454775
36,23,80,12480,814221,0.015327533925064571
36,23,99,41,814221,5.035487908074098e-05
36,24,0,273715,406489,0.6733638548644613
36,24,20,32482,406489,0.07990868141573326
36,24,30,25802,406489,0.0634752723935949
36,24,40,22441,406489,0.05520690596793517
36,24,50,19033,406489,0.04682291525723943
36,24,60,15142,406489,0.03725070051096094
36,24,70,12152,406489,0.029895027909734334
36,24,80,5712,406489,0.014052040768630885
36,24,99,10,406489,2.4600911709787965e-05
37,20,0,89734,1556605,0.05764725155065029
37,20,20,169680,1556605,0.10900645957066822
37,20,30,225512,1556605,0.14487426161421812
37,20,40,232019,1556605,0.14905451286614138
37,20,50,248460,1556605,0.15961660151419274
37,20,60,257716,1556605,0.1655628756171283
37,20,70,197373,1556605,0.12679710009925446
37,20,80,134995,1556605,0.0867239922780667
37,20,99,1116,1556605,0.0007169448896797839
37,21,0,91572,1598868,0.05727302066211845
37,21,20,175220,1598868,0.10959003494972692
37,21,30,226275,1598868,0.14152200181628502
37,21,40,233688,1598868,0.14615840707300415
37,21,50,251397,1598868,0.15723436831558327
37,21,60,267775,1598868,0.16747786558990485
37,21,70,210846,1598868,0.13187204947500356
37,21,80,140984,1598868,0.08817738550024141
37,21,99,1111,1598868,0.0006948666181323287
37,22,0,85986,1628857,0.052789164426343134
37,22,20,185310,1628857,0.11376689298078346
37,22,30,232469,1628857,0.14271909688818601
37,22,40,235955,1628857,0.14485924792661356
37,22,50,256090,1628857,0.15722067683044
37,22,60,270117,1628857,0.16583223696125565
37,22,70,217980,1628857,0.13382390228239802
37,22,80,143974,1628857,0.08838958852741524
37,22,99,976,1628857,0.0005991931765649164
37,23,0,79801,1600123,0.04987179110605872
37,23,20,182611,1600123,0.11412310178655016
37,23,30,227848,1600123,0.14239405345714048
37,23,40,232067,1600123,0.14503072576295697
37,23,50,250995,1600123,0.15685981640161412
37,23,60,261840,1600123,0.1636374203733088
37,23,70,218901,1600123,0.13680260829948698
37,23,80,145288,1600123,0.09079801990222001
37,23,99,772,1600123,0.00048246291066374273
37,24,0,38003,805255,0.04719374608043415
37,24,20,94324,805255,0.1171355657524635
37,24,30,114090,805255,0.14168182749563804
37,24,40,115312,805255,0.1431993592091946
37,24,50,124768,805255,0.15494222327088936
37,24,60,132508,805255,0.16455408535184507
37,24,70,111824,805255,0.13886781205953394
37,24,80,74009,805255,0.09190753239657003
37,24,99,417,805255,0.0005178483834313354
38,20,0,30400,303351,0.10021394358350558
38,20,20,29951,303351,0.09873381000886762
38,20,30,40946,303351,0.13497895177533617
38,20,40,37454,303351,0.12346753430844137
38,20,50,42676,303351,0.14068191632795013
38,20,60,43941,303351,0.14485200312509272
38,20,70,42574,303351,0.14034567217513705
38,20,80,35358,303351,0.11655804661926283
38,20,99,51,303351,0.00016812207640653896
38,21,0,31867,335732,0.09491797028582322
38,21,20,31749,335732,0.09456649946981521
38,21,30,43972,335732,0.13097351458901743
38,21,40,40105,335732,0.11945539894916184
38,21,50,46268,335732,0.13781230266998679
38,21,60,49207,335732,0.146566308841576
38,21,70,50315,335732,0.14986656023256645
38,21,80,42214,335732,0.1257371951437456
38,21,99,35,335732,0.00010424981830745952
38,22,0,35752,380463,0.09396971584621895
38,22,20,34988,380463,0.09196163621692517
38,22,30,50156,380463,0.1318288506372499
38,22,40,45033,380463,0.11836367793977338
38,22,50,51625,380463,0.13568993568362758
38,22,60,57304,380463,0.15061648570294614
38,22,70,59747,380463,0.15703760943902562
38,22,80,45819,380463,0.12042958185158609
38,22,99,39,380463,0.00010250668264719566
38,23,0,38286,419887,0.09118167506972114
38,23,20,39063,419887,0.09303217294176766
38,23,30,55692,419887,0.13263568531533484
38,23,40,50021,419887,0.11912967060185241
38,23,50,56438,419887,0.13441235379995095
38,23,60,64246,419887,0.15300783305984705
38,23,70,66147,419887,0.1575352416245323
38,23,80,49939,419887,0.11893437996413321
38,23,99,55,419887,0.00013098762286043627
38,24,0,19935,211420,0.09429098476965282
38,24,20,19907,211420,0.09415854696812033
38,24,30,29138,211420,0.1378204521804938
38,24,40,24752,211420,0.11707501655472519
38,24,50,28316,211420,0.13393245672121842
38,24,60,32172,211420,0.15217103396083625
38,24,70,32426,211420,0.15337243401759532
38,24,80,24703,211420,0.11684325040204332
38,24,99,71,211420,0.0003358244253145398
42,20,0,390269,6427152,0.06072191851071828
42,20,20,624237,6427152,0.09712497852859245
42,20,30,778621,6427152,0.1211455711643353
42,20,40,825860,6427152,0.12849548291373847
42,20,50,1005064,6427152,0.15637781711090698
42,20,60,1162324,6427152,0.18084588632725662
42,20,70,1040913,6427152,0.1619555597876011
42,20,80,588978,6427152,0.09163903389868483
42,20,99,10886,6427152,0.0016937517581659808
42,21,0,421594,6712521,0.06280710332228383
42,21,20,681009,6712521,0.10145353735206192
42,21,30,824388,6712521,0.12281347052768997
42,21,40,858561,6712521,0.12790440432141664
42,21,50,1029206,6712521,0.15332629871846956
42,21,60,1191278,6712521,0.17747102765116116
42,21,70,1095069,6712521,0.16313826057303954
42,21,80,600847,6712521,0.08951137732008585
42,21,99,10569,6712521,0.00157452021379151
42,22,0,446036,7024213,0.06349978282264504
42,22,20,732608,7024213,0.10429752059056295
42,22,30,850506,7024213,0.12108203438591626
42,22,40,885148,7024213,0.12601383243930672
42,22,50,1069462,7024213,0.15225364037223815
42,22,60,1230296,7024213,0.17515072507055238
42,22,70,1160229,7024213,0.16517565740104978
42,22,80,639776,7024213,0.09108152044933718
42,22,99,10152,7024213,0.0014452864683915478
42,23,0,451166,7365217,0.06125630785895378
42,23,20,800287,7365217,0.10865762678818561
42,23,30,891274,7365217,0.12101123429221433
42,23,40,923667,7365217,0.12540933960262135
42,23,50,1109655,7365217,0.1506615487364459
42,23,60,1281109,7365217,0.17394042836755522
42,23,70,1223055,7365217,0.16605824376932818
42,23,80,675274,7365217,0.09168419613434337
42,23,99,9730,7365217,0.0013210744503522436
42,24,0,225182,3753047,0.05999978151086304
42,24,20,415647,3753047,0.11074921257314391
42,24,30,447129,3753047,0.1191375967314025
42,24,40,462835,3753047,0.12332246305468597
42,24,50,560449,3753047,0.14933172965859473
42,24,60,653318,3753047,0.17407669021997327
42,24,70,631355,3753047,0.16822464520161884
42,24,80,352557,3753047,0.09393887153558163
42,24,99,4575,3753047,0.001219009514136114
80,20,0,24794,229206,0.1081734335052311
80,20,20,15993,229206,0.06977566032302819
80,20,30,22608,229206,0.09863616135703254
80,20,40,27248,229206,0.1188799595124037
80,20,50,33175,229206,0.14473879392337025
80,20,60,36479,229206,0.1591537743340052
80,20,70,38923,229206,0.16981667146584295
80,20,80,29986,229206,0.13082554557908607
80,21,0,35257,290972,0.12116973454490466
80,21,20,20339,290972,0.06990019658248904
80,21,30,26272,290972,0.0902904746848494
80,21,40,33196,290972,0.1140865787773394
80,21,50,41774,290972,0.14356707861924858
80,21,60,46104,290972,0.15844823556905818
80,21,70,50265,290972,0.17274858061944104
80,21,80,37765,290972,0.12978912060266967
80,22,0,32069,252229,0.12714239837607888
80,22,20,19978,252229,0.07920580107759219
80,22,30,23733,252229,0.09409306622156849
80,22,40,28138,252229,0.11155735462615322
80,22,50,36285,252229,0.14385736770950208
80,22,60,39216,252229,0.15547776028926094
80,22,70,41882,252229,0.1660475203089256
80,22,80,30928,252229,0.12261873139091857
80,23,0,39516,314749,0.12554765861051187
80,23,20,25157,314749,0.07992718007046885
80,23,30,29360,314749,0.09328067761930936
80,23,40,33888,314749,0.10766674397694671
80,23,50,43960,314749,0.1396668456452602
80,23,60,49535,314749,0.15737937213462155
80,23,70,52643,314749,0.16725390708151575
80,23,80,40690,314749,0.12927761486136571
80,24,0,23929,196582,0.12172528512274776
80,24,20,16077,196582,0.08178266575780081
80,24,30,17388,196582,0.08845163850199916
80,24,40,21115,196582,0.1074106479738735
80,24,50,26282,196582,0.13369484489932953
80,24,60,30508,196582,0.1551922353012992
80,24,70,33905,196582,0.17247255598172773
80,24,80,27378,196582,0.13927012646122228
99,20,0,269638,2795586,0.096451334353513
99,20,20,188771,2795586,0.06752466209231267
99,20,30,245227,2795586,0.08771935472562818
99,20,40,270999,2795586,0.09693817324882868
99,20,50,348663,2795586,0.12471911076962039
99,20,60,426319,2795586,0.15249718663636175
99,20,70,461100,2795586,0.16493858532701194
99,20,80,543538,2795586,0.19442721490234963
99,20,99,41331,2795586,0.014784377944373739
99,21,0,195,5746,0.033936651583710405
99,21,20,964,5746,0.1677688827010094
99,21,30,1438,5746,0.25026105116602854
99,21,40,864,5746,0.15036547163243996
99,21,50,563,5746,0.09798120431604594
99,21,60,689,5746,0.11990950226244344
99,21,70,580,5746,0.10093978419770275
99,21,80,452,5746,0.07866341802993387
99,21,99,1,5746,0.0001740341106856944
99,22,0,3009,38159,0.07885426766948819
99,22,20,4365,38159,0.1143897900888388
99,22,30,5867,38159,0.15375140857988942
99,22,40,5191,38159,0.1360360596451689
99,22,50,5304,38159,0.13899735318011477
99,22,60,5387,38159,0.14117246259073876
99,22,70,5188,38159,0.1359574412327367
99,22,80,3844,38159,0.10073639246311486
99,22,99,4,38159,0.00010482454990958882
99,23,0,2172,21666,0.10024923843810579
99,23,20,3159,21666,0.14580448629188592
99,23,30,4164,21666,0.19219052893935198
99,23,40,2866,21666,0.1322809932613311
99,23,50,2520,21666,0.11631127111603434
99,23,60,2392,21666,0.11040339702760085
99,23,70,2322,21666,0.10717252838548878
99,23,80,2071,21666,0.09558755654020124
99,24,0,1139,11878,0.09589156423640344
99,24,20,1718,11878,0.14463714430038727
99,24,30,1951,11878,0.16425324128641186
99,24,40,1426,11878,0.12005388112476847
99,24,50,1295,11878,0.10902508839872033
99,24,60,1355,11878,0.11407644384576528
99,24,70,1392,11878,0.117191446371443
99,24,80,1601,11878,0.1347870011786496
99,24,99,1,11878,8.418925745074928e-05
